solid ASCII
  facet normal 4.949379e-02 9.984720e-01 2.457602e-02
    outer loop
      vertex   -8.235278e+00 2.327426e+01 7.869505e+00
      vertex   -8.350000e+00 2.328000e+01 7.867236e+00
      vertex   -8.245843e+00 2.327432e+01 7.888384e+00
    endloop
  endfacet
  facet normal 3.142288e-02 9.931935e-01 1.121574e-01
    outer loop
      vertex   -8.245843e+00 2.327432e+01 7.888384e+00
      vertex   -8.350000e+00 2.328000e+01 7.867236e+00
      vertex   -8.350000e+00 2.327496e+01 7.911837e+00
    endloop
  endfacet
  facet normal 3.892372e-02 9.885781e-01 1.455964e-01
    outer loop
      vertex   -8.245843e+00 2.327432e+01 7.888384e+00
      vertex   -8.350000e+00 2.327496e+01 7.911837e+00
      vertex   -8.246983e+00 2.327142e+01 7.908349e+00
    endloop
  endfacet
  facet normal 4.157940e-02 9.688776e-01 2.440231e-01
    outer loop
      vertex   -8.246983e+00 2.327142e+01 7.908349e+00
      vertex   -8.350000e+00 2.327496e+01 7.911837e+00
      vertex   -8.248288e+00 2.326655e+01 7.927917e+00
    endloop
  endfacet
  facet normal 1.169582e-01 9.618546e-01 2.472985e-01
    outer loop
      vertex   -8.246983e+00 2.327142e+01 7.908349e+00
      vertex   -8.248288e+00 2.326655e+01 7.927917e+00
      vertex   -8.144969e+00 2.325752e+01 7.914172e+00
    endloop
  endfacet
  facet normal 1.165269e-01 9.629099e-01 2.433639e-01
    outer loop
      vertex   -8.144969e+00 2.325752e+01 7.914172e+00
      vertex   -8.248288e+00 2.326655e+01 7.927917e+00
      vertex   -8.147553e+00 2.325286e+01 7.933825e+00
    endloop
  endfacet
  facet normal 1.939903e-01 9.485735e-01 2.501523e-01
    outer loop
      vertex   -8.144969e+00 2.325752e+01 7.914172e+00
      vertex   -8.147553e+00 2.325286e+01 7.933825e+00
      vertex   -8.044961e+00 2.323455e+01 7.923714e+00
    endloop
  endfacet
  facet normal 1.936639e-01 9.503275e-01 2.436634e-01
    outer loop
      vertex   -8.044961e+00 2.323455e+01 7.923714e+00
      vertex   -8.147553e+00 2.325286e+01 7.933825e+00
      vertex   -8.048774e+00 2.323025e+01 7.943507e+00
    endloop
  endfacet
  facet normal 2.692134e-01 9.290895e-01 2.536076e-01
    outer loop
      vertex   -8.044961e+00 2.323455e+01 7.923714e+00
      vertex   -8.048774e+00 2.323025e+01 7.943507e+00
      vertex   -7.947823e+00 2.320286e+01 7.936688e+00
    endloop
  endfacet
  facet normal 2.692554e-01 9.314360e-01 2.448028e-01
    outer loop
      vertex   -7.947823e+00 2.320286e+01 7.936688e+00
      vertex   -8.048774e+00 2.323025e+01 7.943507e+00
      vertex   -7.952796e+00 2.319905e+01 7.956673e+00
    endloop
  endfacet
  facet normal 3.423965e-01 9.035308e-01 2.576756e-01
    outer loop
      vertex   -7.947823e+00 2.320286e+01 7.936688e+00
      vertex   -7.952796e+00 2.319905e+01 7.956673e+00
      vertex   -7.854346e+00 2.316285e+01 7.952762e+00
    endloop
  endfacet
  facet normal 3.429952e-01 9.063342e-01 2.468048e-01
    outer loop
      vertex   -7.854346e+00 2.316285e+01 7.952762e+00
      vertex   -7.952796e+00 2.319905e+01 7.956673e+00
      vertex   -7.860391e+00 2.315963e+01 7.972990e+00
    endloop
  endfacet
  facet normal 4.135501e-01 8.718513e-01 2.623959e-01
    outer loop
      vertex   -7.854346e+00 2.316285e+01 7.952762e+00
      vertex   -7.860391e+00 2.315963e+01 7.972990e+00
      vertex   -7.765297e+00 2.311495e+01 7.971582e+00
    endloop
  endfacet
  facet normal 4.148317e-01 8.749806e-01 2.496469e-01
    outer loop
      vertex   -7.765297e+00 2.311495e+01 7.971582e+00
      vertex   -7.860391e+00 2.315963e+01 7.972990e+00
      vertex   -7.772306e+00 2.311242e+01 7.992101e+00
    endloop
  endfacet
  facet normal 4.817550e-01 8.344754e-01 2.675124e-01
    outer loop
      vertex   -7.765297e+00 2.311495e+01 7.971582e+00
      vertex   -7.772306e+00 2.311242e+01 7.992101e+00
      vertex   -7.681247e+00 2.305965e+01 7.992730e+00
    endloop
  endfacet
  facet normal 4.837634e-01 8.377705e-01 2.532067e-01
    outer loop
      vertex   -7.681247e+00 2.305965e+01 7.992730e+00
      vertex   -7.772306e+00 2.311242e+01 7.992101e+00
      vertex   -7.689106e+00 2.305788e+01 8.013583e+00
    endloop
  endfacet
  facet normal 5.466385e-01 7.916183e-01 2.729960e-01
    outer loop
      vertex   -7.681247e+00 2.305965e+01 7.992730e+00
      vertex   -7.689106e+00 2.305788e+01 8.013583e+00
      vertex   -7.602681e+00 2.299744e+01 8.015790e+00
    endloop
  endfacet
  facet normal 5.493539e-01 7.949341e-01 2.574684e-01
    outer loop
      vertex   -7.602681e+00 2.299744e+01 8.015790e+00
      vertex   -7.689106e+00 2.305788e+01 8.013583e+00
      vertex   -7.611267e+00 2.299650e+01 8.037015e+00
    endloop
  endfacet
  facet normal 6.080782e-01 7.432625e-01 2.789296e-01
    outer loop
      vertex   -7.602681e+00 2.299744e+01 8.015790e+00
      vertex   -7.611267e+00 2.299650e+01 8.037015e+00
      vertex   -7.530081e+00 2.292883e+01 8.040347e+00
    endloop
  endfacet
  facet normal 6.114527e-01 7.464983e-01 2.624230e-01
    outer loop
      vertex   -7.530081e+00 2.292883e+01 8.040347e+00
      vertex   -7.611267e+00 2.299650e+01 8.037015e+00
      vertex   -7.539266e+00 2.292875e+01 8.061980e+00
    endloop
  endfacet
  facet normal 6.659078e-01 6.893145e-01 2.853284e-01
    outer loop
      vertex   -7.530081e+00 2.292883e+01 8.040347e+00
      vertex   -7.539266e+00 2.292875e+01 8.061980e+00
      vertex   -7.463912e+00 2.285430e+01 8.065982e+00
    endloop
  endfacet
  facet normal 6.698819e-01 6.924062e-01 2.680146e-01
    outer loop
      vertex   -7.463912e+00 2.285430e+01 8.065982e+00
      vertex   -7.539266e+00 2.292875e+01 8.061980e+00
      vertex   -7.473564e+00 2.285509e+01 8.088053e+00
    endloop
  endfacet
  facet normal 7.194660e-01 6.301905e-01 2.919395e-01
    outer loop
      vertex   -7.463912e+00 2.285430e+01 8.065982e+00
      vertex   -7.473564e+00 2.285509e+01 8.088053e+00
      vertex   -7.404541e+00 2.277433e+01 8.092298e+00
    endloop
  endfacet
  facet normal 7.239457e-01 6.330796e-01 2.740671e-01
    outer loop
      vertex   -7.404541e+00 2.277433e+01 8.092298e+00
      vertex   -7.473564e+00 2.285509e+01 8.088053e+00
      vertex   -7.414530e+00 2.277599e+01 8.114833e+00
    endloop
  endfacet
  facet normal 7.681343e-01 5.664050e-01 2.985885e-01
    outer loop
      vertex   -7.404541e+00 2.277433e+01 8.092298e+00
      vertex   -7.414530e+00 2.277599e+01 8.114833e+00
      vertex   -7.352315e+00 2.268945e+01 8.118951e+00
    endloop
  endfacet
  facet normal 7.730183e-01 5.690506e-01 2.804000e-01
    outer loop
      vertex   -7.352315e+00 2.268945e+01 8.118951e+00
      vertex   -7.414530e+00 2.277599e+01 8.114833e+00
      vertex   -7.362520e+00 2.269197e+01 8.141967e+00
    endloop
  endfacet
  facet normal 8.116520e-01 4.980029e-01 3.053099e-01
    outer loop
      vertex   -7.352315e+00 2.268945e+01 8.118951e+00
      vertex   -7.362520e+00 2.269197e+01 8.141967e+00
      vertex   -7.307583e+00 2.260021e+01 8.145599e+00
    endloop
  endfacet
  facet normal 8.168431e-01 5.003866e-01 2.870201e-01
    outer loop
      vertex   -7.307583e+00 2.260021e+01 8.145599e+00
      vertex   -7.362520e+00 2.269197e+01 8.141967e+00
      vertex   -7.317889e+00 2.260355e+01 8.169106e+00
    endloop
  endfacet
  facet normal 8.496778e-01 4.249999e-01 3.121260e-01
    outer loop
      vertex   -7.307583e+00 2.260021e+01 8.145599e+00
      vertex   -7.317889e+00 2.260355e+01 8.169106e+00
      vertex   -7.270692e+00 2.250714e+01 8.171901e+00
    endloop
  endfacet
  facet normal 8.550929e-01 4.271227e-01 2.939087e-01
    outer loop
      vertex   -7.270692e+00 2.250714e+01 8.171901e+00
      vertex   -7.317889e+00 2.260355e+01 8.169106e+00
      vertex   -7.280995e+00 2.251125e+01 8.195903e+00
    endloop
  endfacet
  facet normal 8.817996e-01 3.473434e-01 3.190329e-01
    outer loop
      vertex   -7.270692e+00 2.250714e+01 8.171901e+00
      vertex   -7.280995e+00 2.251125e+01 8.195903e+00
      vertex   -7.242000e+00 2.241077e+01 8.197512e+00
    endloop
  endfacet
  facet normal 8.873712e-01 3.492175e-01 3.010306e-01
    outer loop
      vertex   -7.242000e+00 2.241077e+01 8.197512e+00
      vertex   -7.280995e+00 2.251125e+01 8.195903e+00
      vertex   -7.252203e+00 2.241559e+01 8.222004e+00
    endloop
  endfacet
  facet normal 9.075823e-01 2.644713e-01 3.261125e-01
    outer loop
      vertex   -7.242000e+00 2.241077e+01 8.197512e+00
      vertex   -7.252203e+00 2.241559e+01 8.222004e+00
      vertex   -7.221948e+00 2.231167e+01 8.222077e+00
    endloop
  endfacet
  facet normal 9.131745e-01 2.660872e-01 3.087230e-01
    outer loop
      vertex   -7.221948e+00 2.231167e+01 8.222077e+00
      vertex   -7.252203e+00 2.241559e+01 8.222004e+00
      vertex   -7.231974e+00 2.231711e+01 8.247042e+00
    endloop
  endfacet
  facet normal 9.257831e-01 1.796925e-01 3.326202e-01
    outer loop
      vertex   -7.221948e+00 2.231167e+01 8.222077e+00
      vertex   -7.231974e+00 2.231711e+01 8.247042e+00
      vertex   -7.210714e+00 2.221062e+01 8.245404e+00
    endloop
  endfacet
  facet normal 9.313739e-01 1.810666e-01 3.158443e-01
    outer loop
      vertex   -7.210714e+00 2.221062e+01 8.245404e+00
      vertex   -7.231974e+00 2.231711e+01 8.247042e+00
      vertex   -7.220498e+00 2.221661e+01 8.270819e+00
    endloop
  endfacet
  facet normal 9.363375e-01 9.387681e-02 3.383182e-01
    outer loop
      vertex   -7.210714e+00 2.221062e+01 8.245404e+00
      vertex   -7.220498e+00 2.221661e+01 8.270819e+00
      vertex   -7.208397e+00 2.210844e+01 8.267342e+00
    endloop
  endfacet
  facet normal 9.419214e-01 9.502251e-02 3.221099e-01
    outer loop
      vertex   -7.208397e+00 2.210844e+01 8.267342e+00
      vertex   -7.220498e+00 2.221661e+01 8.270819e+00
      vertex   -7.217885e+00 2.211492e+01 8.293176e+00
    endloop
  endfacet
  facet normal 9.392342e-01 6.932090e-03 3.432071e-01
    outer loop
      vertex   -7.208397e+00 2.210844e+01 8.267342e+00
      vertex   -7.217885e+00 2.211492e+01 8.293176e+00
      vertex   -7.215095e+00 2.200599e+01 8.287741e+00
    endloop
  endfacet
  facet normal 9.447737e-01 7.851335e-03 3.276295e-01
    outer loop
      vertex   -7.215095e+00 2.200599e+01 8.287741e+00
      vertex   -7.217885e+00 2.211492e+01 8.293176e+00
      vertex   -7.224244e+00 2.201289e+01 8.313957e+00
    endloop
  endfacet
  facet normal 9.342101e-01 -8.117843e-02 3.473638e-01
    outer loop
      vertex   -7.215095e+00 2.200599e+01 8.287741e+00
      vertex   -7.224244e+00 2.201289e+01 8.313957e+00
      vertex   -7.230906e+00 2.190410e+01 8.306449e+00
    endloop
  endfacet
  facet normal 9.396377e-01 -8.048977e-02 3.325695e-01
    outer loop
      vertex   -7.230906e+00 2.190410e+01 8.306449e+00
      vertex   -7.224244e+00 2.201289e+01 8.313957e+00
      vertex   -7.239682e+00 2.191136e+01 8.333002e+00
    endloop
  endfacet
  facet normal 9.207859e-01 -1.703463e-01 3.509067e-01
    outer loop
      vertex   -7.230906e+00 2.190410e+01 8.306449e+00
      vertex   -7.239682e+00 2.191136e+01 8.333002e+00
      vertex   -7.255926e+00 2.180360e+01 8.323315e+00
    endloop
  endfacet
  facet normal 9.260053e-01 -1.698938e-01 3.371205e-01
    outer loop
      vertex   -7.255926e+00 2.180360e+01 8.323315e+00
      vertex   -7.239682e+00 2.191136e+01 8.333002e+00
      vertex   -7.264308e+00 2.181117e+01 8.350156e+00
    endloop
  endfacet
  facet normal 8.983149e-01 -2.602579e-01 3.539720e-01
    outer loop
      vertex   -7.255926e+00 2.180360e+01 8.323315e+00
      vertex   -7.264308e+00 2.181117e+01 8.350156e+00
      vertex   -7.290255e+00 2.170534e+01 8.338191e+00
    endloop
  endfacet
  facet normal 9.032023e-01 -2.600431e-01 3.414720e-01
    outer loop
      vertex   -7.290255e+00 2.170534e+01 8.338191e+00
      vertex   -7.264308e+00 2.181117e+01 8.350156e+00
      vertex   -7.298231e+00 2.171319e+01 8.365261e+00
    endloop
  endfacet
  facet normal 8.665373e-01 -3.492829e-01 3.565314e-01
    outer loop
      vertex   -7.290255e+00 2.170534e+01 8.338191e+00
      vertex   -7.298231e+00 2.171319e+01 8.365261e+00
      vertex   -7.333799e+00 2.161045e+01 8.351058e+00
    endloop
  endfacet
  facet normal 8.710137e-01 -3.492986e-01 3.454353e-01
    outer loop
      vertex   -7.333799e+00 2.161045e+01 8.351058e+00
      vertex   -7.298231e+00 2.171319e+01 8.365261e+00
      vertex   -7.341355e+00 2.161854e+01 8.378298e+00
    endloop
  endfacet
  facet normal 8.271881e-01 -4.329939e-01 3.581567e-01
    outer loop
      vertex   -7.333799e+00 2.161045e+01 8.351058e+00
      vertex   -7.341355e+00 2.161854e+01 8.378298e+00
      vertex   -7.386029e+00 2.151976e+01 8.362053e+00
    endloop
  endfacet
  facet normal 8.312718e-01 -4.332188e-01 3.482940e-01
    outer loop
      vertex   -7.386029e+00 2.151976e+01 8.362053e+00
      vertex   -7.341355e+00 2.161854e+01 8.378298e+00
      vertex   -7.393146e+00 2.152810e+01 8.389411e+00
    endloop
  endfacet
  facet normal 7.812102e-01 -5.107776e-01 3.589106e-01
    outer loop
      vertex   -7.386029e+00 2.151976e+01 8.362053e+00
      vertex   -7.393146e+00 2.152810e+01 8.389411e+00
      vertex   -7.446362e+00 2.143400e+01 8.371324e+00
    endloop
  endfacet
  facet normal 7.849242e-01 -5.111876e-01 3.501161e-01
    outer loop
      vertex   -7.446362e+00 2.143400e+01 8.371324e+00
      vertex   -7.393146e+00 2.152810e+01 8.389411e+00
      vertex   -7.453015e+00 2.144257e+01 8.398752e+00
    endloop
  endfacet
  facet normal 7.289838e-01 -5.828723e-01 3.589464e-01
    outer loop
      vertex   -7.446362e+00 2.143400e+01 8.371324e+00
      vertex   -7.453015e+00 2.144257e+01 8.398752e+00
      vertex   -7.514211e+00 2.135388e+01 8.379016e+00
    endloop
  endfacet
  facet normal 7.323380e-01 -5.834422e-01 3.511072e-01
    outer loop
      vertex   -7.514211e+00 2.135388e+01 8.379016e+00
      vertex   -7.453015e+00 2.144257e+01 8.398752e+00
      vertex   -7.520371e+00 2.136267e+01 8.406476e+00
    endloop
  endfacet
  facet normal 6.706244e-01 -6.494663e-01 3.584083e-01
    outer loop
      vertex   -7.514211e+00 2.135388e+01 8.379016e+00
      vertex   -7.520371e+00 2.136267e+01 8.406476e+00
      vertex   -7.588992e+00 2.128012e+01 8.385274e+00
    endloop
  endfacet
  facet normal 6.736108e-01 -6.501669e-01 3.514704e-01
    outer loop
      vertex   -7.588992e+00 2.128012e+01 8.385274e+00
      vertex   -7.520371e+00 2.136267e+01 8.406476e+00
      vertex   -7.594623e+00 2.128913e+01 8.412735e+00
    endloop
  endfacet
  facet normal 6.060386e-01 -7.106000e-01 3.574421e-01
    outer loop
      vertex   -7.588992e+00 2.128012e+01 8.385274e+00
      vertex   -7.594623e+00 2.128913e+01 8.412735e+00
      vertex   -7.670118e+00 2.121343e+01 8.390246e+00
    endloop
  endfacet
  facet normal 6.086275e-01 -7.113919e-01 3.514173e-01
    outer loop
      vertex   -7.670118e+00 2.121343e+01 8.390246e+00
      vertex   -7.594623e+00 2.128913e+01 8.412735e+00
      vertex   -7.675182e+00 2.122265e+01 8.417683e+00
    endloop
  endfacet
  facet normal 5.350012e-01 -7.660869e-01 3.562087e-01
    outer loop
      vertex   -7.670118e+00 2.121343e+01 8.390246e+00
      vertex   -7.675182e+00 2.122265e+01 8.417683e+00
      vertex   -7.757004e+00 2.115453e+01 8.394077e+00
    endloop
  endfacet
  facet normal 5.371387e-01 -7.669120e-01 3.511808e-01
    outer loop
      vertex   -7.757004e+00 2.115453e+01 8.394077e+00
      vertex   -7.675182e+00 2.122265e+01 8.417683e+00
      vertex   -7.761457e+00 2.116396e+01 8.421472e+00
    endloop
  endfacet
  facet normal 4.574570e-01 -8.153427e-01 3.548935e-01
    outer loop
      vertex   -7.757004e+00 2.115453e+01 8.394077e+00
      vertex   -7.761457e+00 2.116396e+01 8.421472e+00
      vertex   -7.849037e+00 2.110414e+01 8.396937e+00
    endloop
  endfacet
  facet normal 4.591014e-01 -8.161290e-01 3.509405e-01
    outer loop
      vertex   -7.849037e+00 2.110414e+01 8.396937e+00
      vertex   -7.761457e+00 2.116396e+01 8.421472e+00
      vertex   -7.852828e+00 2.111376e+01 8.424280e+00
    endloop
  endfacet
  facet normal 3.763300e-01 -8.563466e-01 3.536188e-01
    outer loop
      vertex   -7.849037e+00 2.110414e+01 8.396937e+00
      vertex   -7.852828e+00 2.111376e+01 8.424280e+00
      vertex   -7.945318e+00 2.106273e+01 8.399119e+00
    endloop
  endfacet
  facet normal 3.776591e-01 -8.571223e-01 3.503069e-01
    outer loop
      vertex   -7.945318e+00 2.106273e+01 8.399119e+00
      vertex   -7.852828e+00 2.111376e+01 8.424280e+00
      vertex   -7.948400e+00 2.107253e+01 8.426414e+00
    endloop
  endfacet
  facet normal 2.937817e-01 -8.886412e-01 3.521493e-01
    outer loop
      vertex   -7.945318e+00 2.106273e+01 8.399119e+00
      vertex   -7.948400e+00 2.107253e+01 8.426414e+00
      vertex   -8.044962e+00 2.103042e+01 8.400711e+00
    endloop
  endfacet
  facet normal 2.947897e-01 -8.893462e-01 3.495173e-01
    outer loop
      vertex   -8.044962e+00 2.103042e+01 8.400711e+00
      vertex   -7.948400e+00 2.107253e+01 8.426414e+00
      vertex   -8.047295e+00 2.104036e+01 8.427965e+00
    endloop
  endfacet
  facet normal 2.101329e-01 -9.125904e-01 3.507462e-01
    outer loop
      vertex   -8.044962e+00 2.103042e+01 8.400711e+00
      vertex   -8.047295e+00 2.104036e+01 8.427965e+00
      vertex   -8.147116e+00 2.100730e+01 8.401757e+00
    endloop
  endfacet
  facet normal 2.107978e-01 -9.131413e-01 3.489087e-01
    outer loop
      vertex   -8.147116e+00 2.100730e+01 8.401757e+00
      vertex   -8.047295e+00 2.104036e+01 8.427965e+00
      vertex   -8.148671e+00 2.101734e+01 8.428977e+00
    endloop
  endfacet
  facet normal 1.255829e-01 -9.284152e-01 3.496772e-01
    outer loop
      vertex   -8.147116e+00 2.100730e+01 8.401757e+00
      vertex   -8.148671e+00 2.101734e+01 8.428977e+00
      vertex   -8.250927e+00 2.099346e+01 8.402298e+00
    endloop
  endfacet
  facet normal 1.259173e-01 -9.287419e-01 3.486879e-01
    outer loop
      vertex   -8.250927e+00 2.099346e+01 8.402298e+00
      vertex   -8.148671e+00 2.101734e+01 8.428977e+00
      vertex   -8.251684e+00 2.100357e+01 8.429495e+00
    endloop
  endfacet
  facet normal 4.022595e-02 -9.362271e-01 3.490854e-01
    outer loop
      vertex   -8.250927e+00 2.099346e+01 8.402298e+00
      vertex   -8.251684e+00 2.100357e+01 8.429495e+00
      vertex   -8.355542e+00 2.098900e+01 8.402378e+00
    endloop
  endfacet
  facet normal 4.027182e-02 -9.362800e-01 3.489382e-01
    outer loop
      vertex   -8.355542e+00 2.098900e+01 8.402378e+00
      vertex   -8.251684e+00 2.100357e+01 8.429495e+00
      vertex   -8.355492e+00 2.099913e+01 8.429565e+00
    endloop
  endfacet
  facet normal -4.587991e-02 -9.360017e-01 3.489925e-01
    outer loop
      vertex   -8.355542e+00 2.098900e+01 8.402378e+00
      vertex   -8.355492e+00 2.099913e+01 8.429565e+00
      vertex   -8.460107e+00 2.099399e+01 8.402041e+00
    endloop
  endfacet
  facet normal -4.605797e-02 -9.357574e-01 3.496237e-01
    outer loop
      vertex   -8.460107e+00 2.099399e+01 8.402041e+00
      vertex   -8.355492e+00 2.099913e+01 8.429565e+00
      vertex   -8.459252e+00 2.100411e+01 8.429231e+00
    endloop
  endfacet
  facet normal -1.326418e-01 -9.275741e-01 3.493028e-01
    outer loop
      vertex   -8.460107e+00 2.099399e+01 8.402041e+00
      vertex   -8.459252e+00 2.100411e+01 8.429231e+00
      vertex   -8.563771e+00 2.100855e+01 8.401328e+00
    endloop
  endfacet
  facet normal -1.329635e-01 -9.270412e-01 3.505928e-01
    outer loop
      vertex   -8.563771e+00 2.100855e+01 8.401328e+00
      vertex   -8.459252e+00 2.100411e+01 8.429231e+00
      vertex   -8.562121e+00 2.101860e+01 8.428537e+00
    endloop
  endfacet
  facet normal -2.198668e-01 -9.106555e-01 3.498073e-01
    outer loop
      vertex   -8.563771e+00 2.100855e+01 8.401328e+00
      vertex   -8.562121e+00 2.101860e+01 8.428537e+00
      vertex   -8.665677e+00 2.103275e+01 8.400284e+00
    endloop
  endfacet
  facet normal -2.202460e-01 -9.098784e-01 3.515863e-01
    outer loop
      vertex   -8.665677e+00 2.103275e+01 8.400284e+00
      vertex   -8.562121e+00 2.101860e+01 8.428537e+00
      vertex   -8.663255e+00 2.104269e+01 8.427529e+00
    endloop
  endfacet
  facet normal -3.074680e-01 -8.847799e-01 3.501829e-01
    outer loop
      vertex   -8.665677e+00 2.103275e+01 8.400284e+00
      vertex   -8.663255e+00 2.104269e+01 8.427529e+00
      vertex   -8.764832e+00 2.106662e+01 8.398800e+00
    endloop
  endfacet
  facet normal -3.079018e-01 -8.836429e-01 3.526637e-01
    outer loop
      vertex   -8.764832e+00 2.106662e+01 8.398800e+00
      vertex   -8.663255e+00 2.104269e+01 8.427529e+00
      vertex   -8.761676e+00 2.107642e+01 8.426095e+00
    endloop
  endfacet
  facet normal -3.914497e-01 -8.508146e-01 3.505448e-01
    outer loop
      vertex   -8.764832e+00 2.106662e+01 8.398800e+00
      vertex   -8.761676e+00 2.107642e+01 8.426095e+00
      vertex   -8.860397e+00 2.110971e+01 8.396664e+00
    endloop
  endfacet
  facet normal -3.919088e-01 -8.492152e-01 3.538942e-01
    outer loop
      vertex   -8.860397e+00 2.110971e+01 8.396664e+00
      vertex   -8.761676e+00 2.107642e+01 8.426095e+00
      vertex   -8.856553e+00 2.111933e+01 8.424014e+00
    endloop
  endfacet
  facet normal -4.701137e-01 -8.098019e-01 3.510184e-01
    outer loop
      vertex   -8.860397e+00 2.110971e+01 8.396664e+00
      vertex   -8.856553e+00 2.111933e+01 8.424014e+00
      vertex   -8.951689e+00 2.116143e+01 8.393714e+00
    endloop
  endfacet
  facet normal -4.705276e-01 -8.077485e-01 3.551706e-01
    outer loop
      vertex   -8.951689e+00 2.116143e+01 8.393714e+00
      vertex   -8.856553e+00 2.111933e+01 8.424014e+00
      vertex   -8.947199e+00 2.117086e+01 8.421116e+00
    endloop
  endfacet
  facet normal -5.435948e-01 -7.622175e-01 3.514672e-01
    outer loop
      vertex   -8.951689e+00 2.116143e+01 8.393714e+00
      vertex   -8.947199e+00 2.117086e+01 8.421116e+00
      vertex   -9.038023e+00 2.122119e+01 8.389789e+00
    endloop
  endfacet
  facet normal -5.439028e-01 -7.597038e-01 3.563985e-01
    outer loop
      vertex   -9.038023e+00 2.122119e+01 8.389789e+00
      vertex   -8.947199e+00 2.117086e+01 8.421116e+00
      vertex   -9.032928e+00 2.123042e+01 8.417232e+00
    endloop
  endfacet
  facet normal -6.120550e-01 -7.082759e-01 3.517582e-01
    outer loop
      vertex   -9.038023e+00 2.122119e+01 8.389789e+00
      vertex   -9.032928e+00 2.123042e+01 8.417232e+00
      vertex   -9.118714e+00 2.128841e+01 8.384726e+00
    endloop
  endfacet
  facet normal -6.121985e-01 -7.052807e-01 3.574802e-01
    outer loop
      vertex   -9.118714e+00 2.128841e+01 8.384726e+00
      vertex   -9.032928e+00 2.123042e+01 8.417232e+00
      vertex   -9.113053e+00 2.129741e+01 8.412193e+00
    endloop
  endfacet
  facet normal -6.755823e-01 -6.479672e-01 3.517485e-01
    outer loop
      vertex   -9.118714e+00 2.128841e+01 8.384726e+00
      vertex   -9.113053e+00 2.129741e+01 8.412193e+00
      vertex   -9.193080e+00 2.136249e+01 8.378364e+00
    endloop
  endfacet
  facet normal -6.754973e-01 -6.444567e-01 3.583002e-01
    outer loop
      vertex   -9.193080e+00 2.136249e+01 8.378364e+00
      vertex   -9.113053e+00 2.129741e+01 8.412193e+00
      vertex   -9.186887e+00 2.137127e+01 8.405829e+00
    endloop
  endfacet
  facet normal -7.341082e-01 -5.811147e-01 3.512703e-01
    outer loop
      vertex   -9.193080e+00 2.136249e+01 8.378364e+00
      vertex   -9.186887e+00 2.137127e+01 8.405829e+00
      vertex   -9.260434e+00 2.144285e+01 8.370541e+00
    endloop
  endfacet
  facet normal -7.337191e-01 -5.770474e-01 3.587095e-01
    outer loop
      vertex   -9.260434e+00 2.144285e+01 8.370541e+00
      vertex   -9.186887e+00 2.137127e+01 8.405829e+00
      vertex   -9.253743e+00 2.145139e+01 8.397970e+00
    endloop
  endfacet
  facet normal -7.873427e-01 -5.074536e-01 3.501176e-01
    outer loop
      vertex   -9.260434e+00 2.144285e+01 8.370541e+00
      vertex   -9.253743e+00 2.145139e+01 8.397970e+00
      vertex   -9.320093e+00 2.152889e+01 8.361095e+00
    endloop
  endfacet
  facet normal -7.865580e-01 -5.027881e-01 3.585117e-01
    outer loop
      vertex   -9.320093e+00 2.152889e+01 8.361095e+00
      vertex   -9.253743e+00 2.145139e+01 8.397970e+00
      vertex   -9.312933e+00 2.153720e+01 8.388448e+00
    endloop
  endfacet
  facet normal -8.347277e-01 -4.267336e-01 3.480347e-01
    outer loop
      vertex   -9.320093e+00 2.152889e+01 8.361095e+00
      vertex   -9.312933e+00 2.153720e+01 8.388448e+00
      vertex   -9.371373e+00 2.162004e+01 8.349865e+00
    endloop
  endfacet
  facet normal -8.334379e-01 -4.214386e-01 3.574505e-01
    outer loop
      vertex   -9.371373e+00 2.162004e+01 8.349865e+00
      vertex   -9.312933e+00 2.153720e+01 8.388448e+00
      vertex   -9.363773e+00 2.162810e+01 8.377092e+00
    endloop
  endfacet
  facet normal -8.751548e-01 -3.394269e-01 3.448094e-01
    outer loop
      vertex   -9.371373e+00 2.162004e+01 8.349865e+00
      vertex   -9.363773e+00 2.162810e+01 8.377092e+00
      vertex   -9.413573e+00 2.171539e+01 8.336620e+00
    endloop
  endfacet
  facet normal -8.732288e-01 -3.334231e-01 3.553878e-01
    outer loop
      vertex   -9.413573e+00 2.171539e+01 8.336620e+00
      vertex   -9.363773e+00 2.162810e+01 8.377092e+00
      vertex   -9.405549e+00 2.172320e+01 8.363665e+00
    endloop
  endfacet
  facet normal -9.062730e-01 -2.497425e-01 3.410247e-01
    outer loop
      vertex   -9.413573e+00 2.171539e+01 8.336620e+00
      vertex   -9.405549e+00 2.172320e+01 8.363665e+00
      vertex   -9.446437e+00 2.181368e+01 8.321265e+00
    endloop
  endfacet
  facet normal -9.035919e-01 -2.430140e-01 3.527973e-01
    outer loop
      vertex   -9.446437e+00 2.181368e+01 8.321265e+00
      vertex   -9.405549e+00 2.172320e+01 8.363665e+00
      vertex   -9.437994e+00 2.182120e+01 8.348066e+00
    endloop
  endfacet
  facet normal -9.276720e-01 -1.603739e-01 3.372015e-01
    outer loop
      vertex   -9.446437e+00 2.181368e+01 8.321265e+00
      vertex   -9.437994e+00 2.182120e+01 8.348066e+00
      vertex   -9.470085e+00 2.191410e+01 8.303967e+00
    endloop
  endfacet
  facet normal -9.241878e-01 -1.531476e-01 3.498896e-01
    outer loop
      vertex   -9.470085e+00 2.191410e+01 8.303967e+00
      vertex   -9.437994e+00 2.182120e+01 8.348066e+00
      vertex   -9.461241e+00 2.192128e+01 8.330470e+00
    endloop
  endfacet
  facet normal -9.400912e-01 -7.204384e-02 3.332239e-01
    outer loop
      vertex   -9.470085e+00 2.191410e+01 8.303967e+00
      vertex   -9.461241e+00 2.192128e+01 8.330470e+00
      vertex   -9.484642e+00 2.201586e+01 8.284897e+00
    endloop
  endfacet
  facet normal -9.357990e-01 -6.454864e-02 3.465743e-01
    outer loop
      vertex   -9.484642e+00 2.201586e+01 8.284897e+00
      vertex   -9.461241e+00 2.192128e+01 8.330470e+00
      vertex   -9.475424e+00 2.202265e+01 8.311053e+00
    endloop
  endfacet
  facet normal -9.442392e-01 1.485311e-02 3.289251e-01
    outer loop
      vertex   -9.484642e+00 2.201586e+01 8.284897e+00
      vertex   -9.475424e+00 2.202265e+01 8.311053e+00
      vertex   -9.490234e+00 2.211815e+01 8.264226e+00
    endloop
  endfacet
  facet normal -9.391682e-01 2.240673e-02 3.427258e-01
    outer loop
      vertex   -9.490234e+00 2.211815e+01 8.264226e+00
      vertex   -9.475424e+00 2.202265e+01 8.311053e+00
      vertex   -9.480678e+00 2.212450e+01 8.289995e+00
    endloop
  endfacet
  facet normal -9.406998e-01 1.001647e-01 3.241156e-01
    outer loop
      vertex   -9.490234e+00 2.211815e+01 8.264226e+00
      vertex   -9.480678e+00 2.212450e+01 8.289995e+00
      vertex   -9.486985e+00 2.222018e+01 8.242125e+00
    endloop
  endfacet
  facet normal -9.349014e-01 1.075962e-01 3.382046e-01
    outer loop
      vertex   -9.486985e+00 2.222018e+01 8.242125e+00
      vertex   -9.480678e+00 2.212450e+01 8.289995e+00
      vertex   -9.477140e+00 2.222604e+01 8.267472e+00
    endloop
  endfacet
  facet normal -9.298764e-01 1.839001e-01 3.186073e-01
    outer loop
      vertex   -9.486985e+00 2.222018e+01 8.242125e+00
      vertex   -9.477140e+00 2.222604e+01 8.267472e+00
      vertex   -9.475020e+00 2.232115e+01 8.218764e+00
    endloop
  endfacet
  facet normal -9.234082e-01 1.910665e-01 3.328827e-01
    outer loop
      vertex   -9.475020e+00 2.232115e+01 8.218764e+00
      vertex   -9.477140e+00 2.222604e+01 8.267472e+00
      vertex   -9.464945e+00 2.232646e+01 8.243662e+00
    endloop
  endfacet
  facet normal -9.119590e-01 2.661505e-01 3.122414e-01
    outer loop
      vertex   -9.475020e+00 2.232115e+01 8.218764e+00
      vertex   -9.464945e+00 2.232646e+01 8.243662e+00
      vertex   -9.454463e+00 2.242027e+01 8.194314e+00
    endloop
  endfacet
  facet normal -9.048665e-01 2.729495e-01 3.266729e-01
    outer loop
      vertex   -9.454463e+00 2.242027e+01 8.194314e+00
      vertex   -9.464945e+00 2.232646e+01 8.243662e+00
      vertex   -9.444229e+00 2.242496e+01 8.218743e+00
    endloop
  endfacet
  facet normal -8.869081e-01 3.470111e-01 3.049219e-01
    outer loop
      vertex   -9.454463e+00 2.242027e+01 8.194314e+00
      vertex   -9.444229e+00 2.242496e+01 8.218743e+00
      vertex   -9.425441e+00 2.251674e+01 8.168947e+00
    endloop
  endfacet
  facet normal -8.792035e-01 3.533805e-01 3.195677e-01
    outer loop
      vertex   -9.425441e+00 2.251674e+01 8.168947e+00
      vertex   -9.444229e+00 2.242496e+01 8.218743e+00
      vertex   -9.415126e+00 2.252075e+01 8.192891e+00
    endloop
  endfacet
  facet normal -8.544530e-01 4.265015e-01 2.966591e-01
    outer loop
      vertex   -9.425441e+00 2.251674e+01 8.168947e+00
      vertex   -9.415126e+00 2.252075e+01 8.192891e+00
      vertex   -9.388077e+00 2.260976e+01 8.142832e+00
    endloop
  endfacet
  facet normal -8.460913e-01 4.324125e-01 3.116872e-01
    outer loop
      vertex   -9.388077e+00 2.260976e+01 8.142832e+00
      vertex   -9.415126e+00 2.252075e+01 8.192891e+00
      vertex   -9.377772e+00 2.261301e+01 8.166286e+00
    endloop
  endfacet
  facet normal -8.144446e-01 5.037984e-01 2.878666e-01
    outer loop
      vertex   -9.388077e+00 2.260976e+01 8.142832e+00
      vertex   -9.377772e+00 2.261301e+01 8.166286e+00
      vertex   -9.342535e+00 2.269860e+01 8.116191e+00
    endloop
  endfacet
  facet normal -8.054570e-01 5.091476e-01 3.033277e-01
    outer loop
      vertex   -9.342535e+00 2.269860e+01 8.116191e+00
      vertex   -9.377772e+00 2.261301e+01 8.166286e+00
      vertex   -9.332346e+00 2.270104e+01 8.139155e+00
    endloop
  endfacet
  facet normal -7.690259e-01 5.745197e-01 2.802256e-01
    outer loop
      vertex   -9.342535e+00 2.269860e+01 8.116191e+00
      vertex   -9.332346e+00 2.270104e+01 8.139155e+00
      vertex   -9.289261e+00 2.278293e+01 8.089506e+00
    endloop
  endfacet
  facet normal -7.600164e-01 5.789311e-01 2.953199e-01
    outer loop
      vertex   -9.289261e+00 2.278293e+01 8.089506e+00
      vertex   -9.332346e+00 2.270104e+01 8.139155e+00
      vertex   -9.279320e+00 2.278451e+01 8.111994e+00
    endloop
  endfacet
  facet normal -7.191824e-01 6.389174e-01 2.730590e-01
    outer loop
      vertex   -9.289261e+00 2.278293e+01 8.089506e+00
      vertex   -9.279320e+00 2.278451e+01 8.111994e+00
      vertex   -9.228760e+00 2.286228e+01 8.063190e+00
    endloop
  endfacet
  facet normal -7.102823e-01 6.423891e-01 2.878113e-01
    outer loop
      vertex   -9.228760e+00 2.286228e+01 8.063190e+00
      vertex   -9.279320e+00 2.278451e+01 8.111994e+00
      vertex   -9.219197e+00 2.286298e+01 8.085222e+00
    endloop
  endfacet
  facet normal -6.652107e-01 6.974788e-01 2.664920e-01
    outer loop
      vertex   -9.228760e+00 2.286228e+01 8.063190e+00
      vertex   -9.219197e+00 2.286298e+01 8.085222e+00
      vertex   -9.161530e+00 2.293616e+01 8.037639e+00
    endloop
  endfacet
  facet normal -6.565197e-01 7.000335e-01 2.809537e-01
    outer loop
      vertex   -9.161530e+00 2.293616e+01 8.037639e+00
      vertex   -9.219197e+00 2.286298e+01 8.085222e+00
      vertex   -9.152470e+00 2.293599e+01 8.059239e+00
    endloop
  endfacet
  facet normal -6.073451e-01 7.504345e-01 2.607297e-01
    outer loop
      vertex   -9.161530e+00 2.293616e+01 8.037639e+00
      vertex   -9.152470e+00 2.293599e+01 8.059239e+00
      vertex   -9.088068e+00 2.300409e+01 8.013248e+00
    endloop
  endfacet
  facet normal -5.990117e-01 7.520912e-01 2.748523e-01
    outer loop
      vertex   -9.088068e+00 2.300409e+01 8.013248e+00
      vertex   -9.152470e+00 2.293599e+01 8.059239e+00
      vertex   -9.079631e+00 2.300306e+01 8.034445e+00
    endloop
  endfacet
  facet normal -5.457395e-01 7.979344e-01 2.558692e-01
    outer loop
      vertex   -9.088068e+00 2.300409e+01 8.013248e+00
      vertex   -9.079631e+00 2.300306e+01 8.034445e+00
      vertex   -9.008871e+00 2.306558e+01 7.990413e+00
    endloop
  endfacet
  facet normal -5.379576e-01 7.987297e-01 2.695041e-01
    outer loop
      vertex   -9.008871e+00 2.306558e+01 7.990413e+00
      vertex   -9.079631e+00 2.300306e+01 8.034445e+00
      vertex   -9.001173e+00 2.306373e+01 8.011241e+00
    endloop
  endfacet
  facet normal -4.805059e-01 8.400296e-01 2.519214e-01
    outer loop
      vertex   -9.008871e+00 2.306558e+01 7.990413e+00
      vertex   -9.001173e+00 2.306373e+01 8.011241e+00
      vertex   -8.924436e+00 2.312014e+01 7.969530e+00
    endloop
  endfacet
  facet normal -4.735013e-01 8.400394e-01 2.648212e-01
    outer loop
      vertex   -8.924436e+00 2.312014e+01 7.969530e+00
      vertex   -9.001173e+00 2.306373e+01 8.011241e+00
      vertex   -8.917587e+00 2.311754e+01 7.990025e+00
    endloop
  endfacet
  facet normal -4.204465e-01 8.718708e-01 2.511296e-01
    outer loop
      vertex   -8.924436e+00 2.312014e+01 7.969530e+00
      vertex   -8.917587e+00 2.311754e+01 7.990025e+00
      vertex   -8.859152e+00 2.315563e+01 7.955620e+00
    endloop
  endfacet
  facet normal -4.152817e-01 8.717990e-01 2.598222e-01
    outer loop
      vertex   -8.859152e+00 2.315563e+01 7.955620e+00
      vertex   -8.917587e+00 2.311754e+01 7.990025e+00
      vertex   -8.852996e+00 2.315251e+01 7.975898e+00
    endloop
  endfacet
  facet normal -3.680259e-01 8.958101e-01 2.491609e-01
    outer loop
      vertex   -8.859152e+00 2.315563e+01 7.955620e+00
      vertex   -8.852996e+00 2.315251e+01 7.975898e+00
      vertex   -8.791492e+00 2.318689e+01 7.943142e+00
    endloop
  endfacet
  facet normal -3.635426e-01 8.953872e-01 2.571352e-01
    outer loop
      vertex   -8.791492e+00 2.318689e+01 7.943142e+00
      vertex   -8.852996e+00 2.315251e+01 7.975898e+00
      vertex   -8.786085e+00 2.318332e+01 7.963228e+00
    endloop
  endfacet
  facet normal -3.138388e-01 9.166409e-01 2.475372e-01
    outer loop
      vertex   -8.791492e+00 2.318689e+01 7.943142e+00
      vertex   -8.786085e+00 2.318332e+01 7.963228e+00
      vertex   -8.721655e+00 2.321374e+01 7.932255e+00
    endloop
  endfacet
  facet normal -3.101232e-01 9.159690e-01 2.546064e-01
    outer loop
      vertex   -8.721655e+00 2.321374e+01 7.932255e+00
      vertex   -8.786085e+00 2.318332e+01 7.963228e+00
      vertex   -8.717052e+00 2.320977e+01 7.952176e+00
    endloop
  endfacet
  facet normal -2.579835e-01 9.342517e-01 2.462078e-01
    outer loop
      vertex   -8.721655e+00 2.321374e+01 7.932255e+00
      vertex   -8.717052e+00 2.320977e+01 7.952176e+00
      vertex   -8.649841e+00 2.323598e+01 7.923118e+00
    endloop
  endfacet
  facet normal -2.550952e-01 9.334545e-01 2.521690e-01
    outer loop
      vertex   -8.649841e+00 2.323598e+01 7.923118e+00
      vertex   -8.717052e+00 2.320977e+01 7.952176e+00
      vertex   -8.646091e+00 2.323166e+01 7.942902e+00
    endloop
  endfacet
  facet normal -2.007998e-01 9.484609e-01 2.451557e-01
    outer loop
      vertex   -8.649841e+00 2.323598e+01 7.923118e+00
      vertex   -8.646091e+00 2.323166e+01 7.942902e+00
      vertex   -8.576293e+00 2.325342e+01 7.915882e+00
    endloop
  endfacet
  facet normal -1.987448e-01 9.476737e-01 2.498302e-01
    outer loop
      vertex   -8.576293e+00 2.325342e+01 7.915882e+00
      vertex   -8.646091e+00 2.323166e+01 7.942902e+00
      vertex   -8.573446e+00 2.324883e+01 7.935560e+00
    endloop
  endfacet
  facet normal -1.437438e-01 9.589360e-01 2.444983e-01
    outer loop
      vertex   -8.576293e+00 2.325342e+01 7.915882e+00
      vertex   -8.573446e+00 2.324883e+01 7.935560e+00
      vertex   -8.501529e+00 2.326597e+01 7.910643e+00
    endloop
  endfacet
  facet normal -1.424015e-01 9.582606e-01 2.479082e-01
    outer loop
      vertex   -8.501529e+00 2.326597e+01 7.910643e+00
      vertex   -8.573446e+00 2.324883e+01 7.935560e+00
      vertex   -8.499614e+00 2.326118e+01 7.930244e+00
    endloop
  endfacet
  facet normal -8.655090e-02 9.658293e-01 2.443004e-01
    outer loop
      vertex   -8.501529e+00 2.326597e+01 7.910643e+00
      vertex   -8.499614e+00 2.326118e+01 7.930244e+00
      vertex   -8.425967e+00 2.327354e+01 7.907458e+00
    endloop
  endfacet
  facet normal -8.582004e-02 9.653592e-01 2.464074e-01
    outer loop
      vertex   -8.425967e+00 2.327354e+01 7.907458e+00
      vertex   -8.499614e+00 2.326118e+01 7.930244e+00
      vertex   -8.425005e+00 2.326864e+01 7.927013e+00
    endloop
  endfacet
  facet normal -3.221648e-02 9.690638e-01 2.446986e-01
    outer loop
      vertex   -8.425967e+00 2.327354e+01 7.907458e+00
      vertex   -8.425005e+00 2.326864e+01 7.927013e+00
      vertex   -8.350000e+00 2.327496e+01 7.911837e+00
    endloop
  endfacet
  facet normal -1.261263e-02 9.435604e-01 3.309603e-01
    outer loop
      vertex   -8.350000e+00 2.327496e+01 7.911837e+00
      vertex   -8.425005e+00 2.326864e+01 7.927013e+00
      vertex   -8.350000e+00 2.326011e+01 7.954193e+00
    endloop
  endfacet
  facet normal -1.600778e-02 9.405154e-01 3.393737e-01
    outer loop
      vertex   -8.350000e+00 2.326011e+01 7.954193e+00
      vertex   -8.425005e+00 2.326864e+01 7.927013e+00
      vertex   -8.423932e+00 2.326181e+01 7.945974e+00
    endloop
  endfacet
  facet normal -3.077214e-02 8.868439e-01 4.610434e-01
    outer loop
      vertex   -8.350000e+00 2.326011e+01 7.954193e+00
      vertex   -8.423932e+00 2.326181e+01 7.945974e+00
      vertex   -8.421982e+00 2.324681e+01 7.974972e+00
    endloop
  endfacet
  facet normal -6.717444e-02 8.842538e-01 4.621502e-01
    outer loop
      vertex   -8.421982e+00 2.324681e+01 7.974972e+00
      vertex   -8.423932e+00 2.326181e+01 7.945974e+00
      vertex   -8.493589e+00 2.323963e+01 7.978289e+00
    endloop
  endfacet
  facet normal -5.506371e-02 8.158404e-01 5.756495e-01
    outer loop
      vertex   -8.421982e+00 2.324681e+01 7.974972e+00
      vertex   -8.493589e+00 2.323963e+01 7.978289e+00
      vertex   -8.491000e+00 2.322831e+01 7.994591e+00
    endloop
  endfacet
  facet normal -9.109532e-02 8.109533e-01 5.779761e-01
    outer loop
      vertex   -8.491000e+00 2.322831e+01 7.994591e+00
      vertex   -8.493589e+00 2.323963e+01 7.978289e+00
      vertex   -8.560587e+00 2.321658e+01 8.000069e+00
    endloop
  endfacet
  facet normal -7.478034e-02 7.507259e-01 6.563677e-01
    outer loop
      vertex   -8.491000e+00 2.322831e+01 7.994591e+00
      vertex   -8.560587e+00 2.321658e+01 8.000069e+00
      vertex   -8.556512e+00 2.320382e+01 8.015136e+00
    endloop
  endfacet
  facet normal -1.042480e-01 7.446873e-01 6.592217e-01
    outer loop
      vertex   -8.556512e+00 2.320382e+01 8.015136e+00
      vertex   -8.560587e+00 2.321658e+01 8.000069e+00
      vertex   -8.623651e+00 2.318772e+01 8.022703e+00
    endloop
  endfacet
  facet normal -8.030820e-02 6.782935e-01 7.303893e-01
    outer loop
      vertex   -8.556512e+00 2.320382e+01 8.015136e+00
      vertex   -8.623651e+00 2.318772e+01 8.022703e+00
      vertex   -8.618018e+00 2.317370e+01 8.036345e+00
    endloop
  endfacet
  facet normal -1.035242e-01 6.718838e-01 7.333860e-01
    outer loop
      vertex   -8.618018e+00 2.317370e+01 8.036345e+00
      vertex   -8.623651e+00 2.318772e+01 8.022703e+00
      vertex   -8.682214e+00 2.315341e+01 8.045865e+00
    endloop
  endfacet
  facet normal -7.109047e-02 5.992703e-01 7.973840e-01
    outer loop
      vertex   -8.618018e+00 2.317370e+01 8.036345e+00
      vertex   -8.682214e+00 2.315341e+01 8.045865e+00
      vertex   -8.674993e+00 2.313831e+01 8.057861e+00
    endloop
  endfacet
  facet normal -8.798980e-02 5.933595e-01 8.001140e-01
    outer loop
      vertex   -8.674993e+00 2.313831e+01 8.057861e+00
      vertex   -8.682214e+00 2.315341e+01 8.045865e+00
      vertex   -8.736007e+00 2.311410e+01 8.069103e+00
    endloop
  endfacet
  facet normal -3.304386e-02 4.882837e-01 8.720591e-01
    outer loop
      vertex   -8.674993e+00 2.313831e+01 8.057861e+00
      vertex   -8.736007e+00 2.311410e+01 8.069103e+00
      vertex   -8.717369e+00 2.308910e+01 8.083807e+00
    endloop
  endfacet
  facet normal -4.027412e-02 4.840888e-01 8.740916e-01
    outer loop
      vertex   -8.717369e+00 2.308910e+01 8.083807e+00
      vertex   -8.736007e+00 2.311410e+01 8.069103e+00
      vertex   -8.795094e+00 2.308592e+01 8.081988e+00
    endloop
  endfacet
  facet normal -4.006946e-02 4.768006e-01 8.780977e-01
    outer loop
      vertex   -8.717369e+00 2.308910e+01 8.083807e+00
      vertex   -8.795094e+00 2.308592e+01 8.081988e+00
      vertex   -8.800927e+00 2.304717e+01 8.102762e+00
    endloop
  endfacet
  facet normal -4.674232e-02 4.774415e-01 8.774194e-01
    outer loop
      vertex   -8.800927e+00 2.304717e+01 8.102762e+00
      vertex   -8.795094e+00 2.308592e+01 8.081988e+00
      vertex   -8.852081e+00 2.305394e+01 8.096353e+00
    endloop
  endfacet
  facet normal -4.897140e-02 4.661915e-01 8.833274e-01
    outer loop
      vertex   -8.800927e+00 2.304717e+01 8.102762e+00
      vertex   -8.852081e+00 2.305394e+01 8.096353e+00
      vertex   -8.879794e+00 2.299728e+01 8.124719e+00
    endloop
  endfacet
  facet normal -5.400185e-02 4.680205e-01 8.820661e-01
    outer loop
      vertex   -8.879794e+00 2.299728e+01 8.124719e+00
      vertex   -8.852081e+00 2.305394e+01 8.096353e+00
      vertex   -8.925747e+00 2.300480e+01 8.117919e+00
    endloop
  endfacet
  facet normal -5.745020e-02 4.535505e-01 8.893770e-01
    outer loop
      vertex   -8.879794e+00 2.299728e+01 8.124719e+00
      vertex   -8.925747e+00 2.300480e+01 8.117919e+00
      vertex   -8.953431e+00 2.294003e+01 8.149157e+00
    endloop
  endfacet
  facet normal -6.112587e-02 4.547162e-01 8.885363e-01
    outer loop
      vertex   -8.953431e+00 2.294003e+01 8.149157e+00
      vertex   -8.925747e+00 2.300480e+01 8.117919e+00
      vertex   -8.994795e+00 2.294944e+01 8.141499e+00
    endloop
  endfacet
  facet normal -6.596721e-02 4.393930e-01 8.958695e-01
    outer loop
      vertex   -8.953431e+00 2.294003e+01 8.149157e+00
      vertex   -8.994795e+00 2.294944e+01 8.141499e+00
      vertex   -9.021297e+00 2.287603e+01 8.175553e+00
    endloop
  endfacet
  facet normal -6.769286e-02 4.398518e-01 8.955155e-01
    outer loop
      vertex   -9.021297e+00 2.287603e+01 8.175553e+00
      vertex   -8.994795e+00 2.294944e+01 8.141499e+00
      vertex   -9.058795e+00 2.288831e+01 8.166686e+00
    endloop
  endfacet
  facet normal -7.471767e-02 4.236295e-01 9.027488e-01
    outer loop
      vertex   -9.021297e+00 2.287603e+01 8.175553e+00
      vertex   -9.058795e+00 2.288831e+01 8.166686e+00
      vertex   -9.082854e+00 2.280586e+01 8.203385e+00
    endloop
  endfacet
  facet normal -7.370631e-02 4.234159e-01 9.029321e-01
    outer loop
      vertex   -9.082854e+00 2.280586e+01 8.203385e+00
      vertex   -9.058795e+00 2.288831e+01 8.166686e+00
      vertex   -9.117312e+00 2.282186e+01 8.193070e+00
    endloop
  endfacet
  facet normal -8.296487e-02 4.076274e-01 9.093716e-01
    outer loop
      vertex   -9.082854e+00 2.280586e+01 8.203385e+00
      vertex   -9.117312e+00 2.282186e+01 8.193070e+00
      vertex   -9.169916e+00 2.275053e+01 8.220243e+00
    endloop
  endfacet
  facet normal -2.108577e-01 4.799353e-01 8.515874e-01
    outer loop
      vertex   -9.169916e+00 2.275053e+01 8.220243e+00
      vertex   -9.117312e+00 2.282186e+01 8.193070e+00
      vertex   -9.135655e+00 2.283264e+01 8.182451e+00
    endloop
  endfacet
  facet normal -2.095541e-01 4.796209e-01 8.520862e-01
    outer loop
      vertex   -9.169916e+00 2.275053e+01 8.220243e+00
      vertex   -9.135655e+00 2.283264e+01 8.182451e+00
      vertex   -9.189791e+00 2.276016e+01 8.209936e+00
    endloop
  endfacet
  facet normal -3.015893e-01 5.266366e-01 7.947942e-01
    outer loop
      vertex   -9.189791e+00 2.276016e+01 8.209936e+00
      vertex   -9.135655e+00 2.283264e+01 8.182451e+00
      vertex   -9.153306e+00 2.284199e+01 8.169561e+00
    endloop
  endfacet
  facet normal -3.028426e-01 5.268804e-01 7.941558e-01
    outer loop
      vertex   -9.189791e+00 2.276016e+01 8.209936e+00
      vertex   -9.153306e+00 2.284199e+01 8.169561e+00
      vertex   -9.208882e+00 2.276836e+01 8.197213e+00
    endloop
  endfacet
  facet normal -3.886356e-01 5.663392e-01 7.267890e-01
    outer loop
      vertex   -9.208882e+00 2.276836e+01 8.197213e+00
      vertex   -9.153306e+00 2.284199e+01 8.169561e+00
      vertex   -9.170009e+00 2.284976e+01 8.154573e+00
    endloop
  endfacet
  facet normal -3.921992e-01 5.668342e-01 7.244852e-01
    outer loop
      vertex   -9.208882e+00 2.276836e+01 8.197213e+00
      vertex   -9.170009e+00 2.284976e+01 8.154573e+00
      vertex   -9.226897e+00 2.277502e+01 8.182256e+00
    endloop
  endfacet
  facet normal -4.718974e-01 5.988264e-01 6.470857e-01
    outer loop
      vertex   -9.226897e+00 2.277502e+01 8.182256e+00
      vertex   -9.170009e+00 2.284976e+01 8.154573e+00
      vertex   -9.185506e+00 2.285582e+01 8.137664e+00
    endloop
  endfacet
  facet normal -4.775399e-01 5.992216e-01 6.425645e-01
    outer loop
      vertex   -9.226897e+00 2.277502e+01 8.182256e+00
      vertex   -9.185506e+00 2.285582e+01 8.137664e+00
      vertex   -9.243547e+00 2.277999e+01 8.165246e+00
    endloop
  endfacet
  facet normal -5.724697e-01 6.293259e-01 5.255733e-01
    outer loop
      vertex   -9.243547e+00 2.277999e+01 8.165246e+00
      vertex   -9.185506e+00 2.285582e+01 8.137664e+00
      vertex   -9.207740e+00 2.286179e+01 8.106300e+00
    endloop
  endfacet
  facet normal -5.812095e-01 6.276465e-01 5.179338e-01
    outer loop
      vertex   -9.243547e+00 2.277999e+01 8.165246e+00
      vertex   -9.207740e+00 2.286179e+01 8.106300e+00
      vertex   -9.267248e+00 2.278427e+01 8.133460e+00
    endloop
  endfacet
  facet normal -6.573776e-01 6.425719e-01 3.936447e-01
    outer loop
      vertex   -9.267248e+00 2.278427e+01 8.133460e+00
      vertex   -9.207740e+00 2.286179e+01 8.106300e+00
      vertex   -9.219197e+00 2.286298e+01 8.085222e+00
    endloop
  endfacet
  facet normal -6.662048e-01 6.406626e-01 3.817363e-01
    outer loop
      vertex   -9.267248e+00 2.278427e+01 8.133460e+00
      vertex   -9.219197e+00 2.286298e+01 8.085222e+00
      vertex   -9.279320e+00 2.278451e+01 8.111994e+00
    endloop
  endfacet
  facet normal 2.573457e-02 9.433229e-01 3.308770e-01
    outer loop
      vertex   -8.350000e+00 2.327496e+01 7.911837e+00
      vertex   -8.350000e+00 2.326011e+01 7.954193e+00
      vertex   -8.248288e+00 2.326655e+01 7.927917e+00
    endloop
  endfacet
  facet normal 2.796607e-02 9.404397e-01 3.388083e-01
    outer loop
      vertex   -8.248288e+00 2.326655e+01 7.927917e+00
      vertex   -8.350000e+00 2.326011e+01 7.954193e+00
      vertex   -8.249742e+00 2.325976e+01 7.946889e+00
    endloop
  endfacet
  facet normal 1.067245e-01 9.334889e-01 3.423571e-01
    outer loop
      vertex   -8.248288e+00 2.326655e+01 7.927917e+00
      vertex   -8.249742e+00 2.325976e+01 7.946889e+00
      vertex   -8.147553e+00 2.325286e+01 7.933825e+00
    endloop
  endfacet
  facet normal 1.064048e-01 9.346639e-01 3.392365e-01
    outer loop
      vertex   -8.147553e+00 2.325286e+01 7.933825e+00
      vertex   -8.249742e+00 2.325976e+01 7.946889e+00
      vertex   -8.150440e+00 2.324628e+01 7.952870e+00
    endloop
  endfacet
  facet normal 1.771083e-01 9.215800e-01 3.454317e-01
    outer loop
      vertex   -8.147553e+00 2.325286e+01 7.933825e+00
      vertex   -8.150440e+00 2.324628e+01 7.952870e+00
      vertex   -8.048774e+00 2.323025e+01 7.943507e+00
    endloop
  endfacet
  facet normal 1.769409e-01 9.235245e-01 3.402858e-01
    outer loop
      vertex   -8.048774e+00 2.323025e+01 7.943507e+00
      vertex   -8.150440e+00 2.324628e+01 7.952870e+00
      vertex   -8.053052e+00 2.322401e+01 7.962672e+00
    endloop
  endfacet
  facet normal 2.460235e-01 9.041059e-01 3.493780e-01
    outer loop
      vertex   -8.048774e+00 2.323025e+01 7.943507e+00
      vertex   -8.053052e+00 2.322401e+01 7.962672e+00
      vertex   -7.952796e+00 2.319905e+01 7.956673e+00
    endloop
  endfacet
  facet normal 2.462546e-01 9.067145e-01 3.423850e-01
    outer loop
      vertex   -7.952796e+00 2.319905e+01 7.956673e+00
      vertex   -8.053052e+00 2.322401e+01 7.962672e+00
      vertex   -7.958403e+00 2.319327e+01 7.976005e+00
    endloop
  endfacet
  facet normal 3.132880e-01 8.811387e-01 3.541824e-01
    outer loop
      vertex   -7.952796e+00 2.319905e+01 7.956673e+00
      vertex   -7.958403e+00 2.319327e+01 7.976005e+00
      vertex   -7.860391e+00 2.315963e+01 7.972990e+00
    endloop
  endfacet
  facet normal 3.140995e-01 8.842784e-01 3.455333e-01
    outer loop
      vertex   -7.860391e+00 2.315963e+01 7.972990e+00
      vertex   -7.958403e+00 2.319327e+01 7.976005e+00
      vertex   -7.867249e+00 2.315443e+01 7.992530e+00
    endloop
  endfacet
  facet normal 3.789226e-01 8.525965e-01 3.598567e-01
    outer loop
      vertex   -7.860391e+00 2.315963e+01 7.972990e+00
      vertex   -7.867249e+00 2.315443e+01 7.992530e+00
      vertex   -7.772306e+00 2.311242e+01 7.992101e+00
    endloop
  endfacet
  facet normal 3.804431e-01 8.561361e-01 3.497056e-01
    outer loop
      vertex   -7.772306e+00 2.311242e+01 7.992101e+00
      vertex   -7.867249e+00 2.315443e+01 7.992530e+00
      vertex   -7.780324e+00 2.310790e+01 8.011890e+00
    endloop
  endfacet
  facet normal 4.421530e-01 8.187884e-01 3.661780e-01
    outer loop
      vertex   -7.772306e+00 2.311242e+01 7.992101e+00
      vertex   -7.780324e+00 2.310790e+01 8.011890e+00
      vertex   -7.689106e+00 2.305788e+01 8.013583e+00
    endloop
  endfacet
  facet normal 4.444364e-01 8.225667e-01 3.547680e-01
    outer loop
      vertex   -7.689106e+00 2.305788e+01 8.013583e+00
      vertex   -7.780324e+00 2.310790e+01 8.011890e+00
      vertex   -7.698180e+00 2.305413e+01 8.033657e+00
    endloop
  endfacet
  facet normal 5.026457e-01 7.798411e-01 3.730886e-01
    outer loop
      vertex   -7.689106e+00 2.305788e+01 8.013583e+00
      vertex   -7.698180e+00 2.305413e+01 8.033657e+00
      vertex   -7.611267e+00 2.299650e+01 8.037015e+00
    endloop
  endfacet
  facet normal 5.056889e-01 7.837071e-01 3.606687e-01
    outer loop
      vertex   -7.611267e+00 2.299650e+01 8.037015e+00
      vertex   -7.698180e+00 2.305413e+01 8.033657e+00
      vertex   -7.621288e+00 2.299358e+01 8.057408e+00
    endloop
  endfacet
  facet normal 5.602821e-01 7.356713e-01 3.806201e-01
    outer loop
      vertex   -7.611267e+00 2.299650e+01 8.037015e+00
      vertex   -7.621288e+00 2.299358e+01 8.057408e+00
      vertex   -7.539266e+00 2.292875e+01 8.061980e+00
    endloop
  endfacet
  facet normal 5.640549e-01 7.395105e-01 3.673776e-01
    outer loop
      vertex   -7.539266e+00 2.292875e+01 8.061980e+00
      vertex   -7.621288e+00 2.299358e+01 8.057408e+00
      vertex   -7.550117e+00 2.292672e+01 8.082720e+00
    endloop
  endfacet
  facet normal 6.149075e-01 6.861126e-01 3.887649e-01
    outer loop
      vertex   -7.539266e+00 2.292875e+01 8.061980e+00
      vertex   -7.550117e+00 2.292672e+01 8.082720e+00
      vertex   -7.473564e+00 2.285509e+01 8.088053e+00
    endloop
  endfacet
  facet normal 6.193664e-01 6.898411e-01 3.748393e-01
    outer loop
      vertex   -7.473564e+00 2.285509e+01 8.088053e+00
      vertex   -7.550117e+00 2.292672e+01 8.082720e+00
      vertex   -7.485122e+00 2.285400e+01 8.109166e+00
    endloop
  endfacet
  facet normal 6.658925e-01 6.314686e-01 3.972840e-01
    outer loop
      vertex   -7.473564e+00 2.285509e+01 8.088053e+00
      vertex   -7.485122e+00 2.285400e+01 8.109166e+00
      vertex   -7.414530e+00 2.277599e+01 8.114833e+00
    endloop
  endfacet
  facet normal 6.709588e-01 6.350056e-01 3.828604e-01
    outer loop
      vertex   -7.414530e+00 2.277599e+01 8.114833e+00
      vertex   -7.485122e+00 2.285400e+01 8.109166e+00
      vertex   -7.426671e+00 2.277586e+01 8.136338e+00
    endloop
  endfacet
  facet normal 7.125918e-01 5.721950e-01 4.059628e-01
    outer loop
      vertex   -7.414530e+00 2.277599e+01 8.114833e+00
      vertex   -7.426671e+00 2.277586e+01 8.136338e+00
      vertex   -7.362520e+00 2.269197e+01 8.141967e+00
    endloop
  endfacet
  facet normal 7.181742e-01 5.754749e-01 3.912217e-01
    outer loop
      vertex   -7.362520e+00 2.269197e+01 8.141967e+00
      vertex   -7.426671e+00 2.277586e+01 8.136338e+00
      vertex   -7.375122e+00 2.269280e+01 8.163879e+00
    endloop
  endfacet
  facet normal 7.547321e-01 5.082551e-01 4.147965e-01
    outer loop
      vertex   -7.362520e+00 2.269197e+01 8.141967e+00
      vertex   -7.375122e+00 2.269280e+01 8.163879e+00
      vertex   -7.317889e+00 2.260355e+01 8.169106e+00
    endloop
  endfacet
  facet normal 7.607378e-01 5.112336e-01 3.998978e-01
    outer loop
      vertex   -7.317889e+00 2.260355e+01 8.169106e+00
      vertex   -7.375122e+00 2.269280e+01 8.163879e+00
      vertex   -7.330834e+00 2.260535e+01 8.191433e+00
    endloop
  endfacet
  facet normal 7.919516e-01 4.395842e-01 4.237670e-01
    outer loop
      vertex   -7.317889e+00 2.260355e+01 8.169106e+00
      vertex   -7.330834e+00 2.260535e+01 8.191433e+00
      vertex   -7.280995e+00 2.251125e+01 8.195903e+00
    endloop
  endfacet
  facet normal 7.982955e-01 4.422353e-01 4.088426e-01
    outer loop
      vertex   -7.280995e+00 2.251125e+01 8.195903e+00
      vertex   -7.330834e+00 2.260535e+01 8.191433e+00
      vertex   -7.294167e+00 2.251400e+01 8.218647e+00
    endloop
  endfacet
  facet normal 8.238078e-01 3.660497e-01 4.328376e-01
    outer loop
      vertex   -7.280995e+00 2.251125e+01 8.195903e+00
      vertex   -7.294167e+00 2.251400e+01 8.218647e+00
      vertex   -7.252203e+00 2.241559e+01 8.222004e+00
    endloop
  endfacet
  facet normal 8.304132e-01 3.683603e-01 4.180007e-01
    outer loop
      vertex   -7.252203e+00 2.241559e+01 8.222004e+00
      vertex   -7.294167e+00 2.251400e+01 8.218647e+00
      vertex   -7.265491e+00 2.241927e+01 8.245159e+00
    endloop
  endfacet
  facet normal 8.498315e-01 2.869805e-01 4.420730e-01
    outer loop
      vertex   -7.252203e+00 2.241559e+01 8.222004e+00
      vertex   -7.265491e+00 2.241927e+01 8.245159e+00
      vertex   -7.231974e+00 2.231711e+01 8.247042e+00
    endloop
  endfacet
  facet normal 8.565504e-01 2.889184e-01 4.276068e-01
    outer loop
      vertex   -7.231974e+00 2.231711e+01 8.247042e+00
      vertex   -7.265491e+00 2.241927e+01 8.245159e+00
      vertex   -7.245273e+00 2.232168e+01 8.270596e+00
    endloop
  endfacet
  facet normal 8.686943e-01 2.057855e-01 4.505803e-01
    outer loop
      vertex   -7.231974e+00 2.231711e+01 8.247042e+00
      vertex   -7.245273e+00 2.232168e+01 8.270596e+00
      vertex   -7.220498e+00 2.221661e+01 8.270819e+00
    endloop
  endfacet
  facet normal 8.754819e-01 2.073561e-01 4.365031e-01
    outer loop
      vertex   -7.220498e+00 2.221661e+01 8.270819e+00
      vertex   -7.245273e+00 2.232168e+01 8.270596e+00
      vertex   -7.233712e+00 2.222202e+01 8.294751e+00
    endloop
  endfacet
  facet normal 8.802754e-01 1.233486e-01 4.581489e-01
    outer loop
      vertex   -7.220498e+00 2.221661e+01 8.270819e+00
      vertex   -7.233712e+00 2.222202e+01 8.294751e+00
      vertex   -7.217885e+00 2.211492e+01 8.293176e+00
    endloop
  endfacet
  facet normal 8.871028e-01 1.245589e-01 4.444477e-01
    outer loop
      vertex   -7.217885e+00 2.211492e+01 8.293176e+00
      vertex   -7.233712e+00 2.222202e+01 8.294751e+00
      vertex   -7.230925e+00 2.212114e+01 8.317460e+00
    endloop
  endfacet
  facet normal 8.845193e-01 3.954853e-02 4.648242e-01
    outer loop
      vertex   -7.217885e+00 2.211492e+01 8.293176e+00
      vertex   -7.230925e+00 2.212114e+01 8.317460e+00
      vertex   -7.224244e+00 2.201289e+01 8.313957e+00
    endloop
  endfacet
  facet normal 8.913262e-01 4.039793e-02 4.515592e-01
    outer loop
      vertex   -7.224244e+00 2.201289e+01 8.313957e+00
      vertex   -7.230925e+00 2.212114e+01 8.317460e+00
      vertex   -7.237025e+00 2.201987e+01 8.338561e+00
    endloop
  endfacet
  facet normal 8.811211e-01 -4.568485e-02 4.706788e-01
    outer loop
      vertex   -7.224244e+00 2.201289e+01 8.313957e+00
      vertex   -7.237025e+00 2.201987e+01 8.338561e+00
      vertex   -7.239682e+00 2.191136e+01 8.333002e+00
    endloop
  endfacet
  facet normal 8.878173e-01 -4.519785e-02 4.579711e-01
    outer loop
      vertex   -7.239682e+00 2.191136e+01 8.333002e+00
      vertex   -7.237025e+00 2.201987e+01 8.338561e+00
      vertex   -7.252128e+00 2.191906e+01 8.357890e+00
    endloop
  endfacet
  facet normal 8.695571e-01 -1.322778e-01 4.757868e-01
    outer loop
      vertex   -7.239682e+00 2.191136e+01 8.333002e+00
      vertex   -7.252128e+00 2.191906e+01 8.357890e+00
      vertex   -7.264308e+00 2.181117e+01 8.350156e+00
    endloop
  endfacet
  facet normal 8.760237e-01 -1.321492e-01 4.638093e-01
    outer loop
      vertex   -7.264308e+00 2.181117e+01 8.350156e+00
      vertex   -7.252128e+00 2.191906e+01 8.357890e+00
      vertex   -7.276349e+00 2.181955e+01 8.375285e+00
    endloop
  endfacet
  facet normal 8.491339e-01 -2.199368e-01 4.802076e-01
    outer loop
      vertex   -7.264308e+00 2.181117e+01 8.350156e+00
      vertex   -7.276349e+00 2.181955e+01 8.375285e+00
      vertex   -7.298231e+00 2.171319e+01 8.365261e+00
    endloop
  endfacet
  facet normal 8.552251e-01 -2.201501e-01 4.691738e-01
    outer loop
      vertex   -7.298231e+00 2.171319e+01 8.365261e+00
      vertex   -7.276349e+00 2.181955e+01 8.375285e+00
      vertex   -7.309801e+00 2.172221e+01 8.390586e+00
    endloop
  endfacet
  facet normal 8.196342e-01 -3.068291e-01 4.837930e-01
    outer loop
      vertex   -7.298231e+00 2.171319e+01 8.365261e+00
      vertex   -7.309801e+00 2.172221e+01 8.390586e+00
      vertex   -7.341355e+00 2.161854e+01 8.378298e+00
    endloop
  endfacet
  facet normal 8.252531e-01 -3.073553e-01 4.738037e-01
    outer loop
      vertex   -7.341355e+00 2.161854e+01 8.378298e+00
      vertex   -7.309801e+00 2.172221e+01 8.390586e+00
      vertex   -7.352390e+00 2.162818e+01 8.403768e+00
    endloop
  endfacet
  facet normal 7.827878e-01 -3.885238e-01 4.860992e-01
    outer loop
      vertex   -7.341355e+00 2.161854e+01 8.378298e+00
      vertex   -7.352390e+00 2.162818e+01 8.403768e+00
      vertex   -7.393146e+00 2.152810e+01 8.389411e+00
    endloop
  endfacet
  facet normal 7.879366e-01 -3.893234e-01 4.770568e-01
    outer loop
      vertex   -7.393146e+00 2.152810e+01 8.389411e+00
      vertex   -7.352390e+00 2.162818e+01 8.403768e+00
      vertex   -7.403582e+00 2.153831e+01 8.414982e+00
    endloop
  endfacet
  facet normal 7.395075e-01 -4.644151e-01 4.872856e-01
    outer loop
      vertex   -7.393146e+00 2.152810e+01 8.389411e+00
      vertex   -7.403582e+00 2.153831e+01 8.414982e+00
      vertex   -7.453015e+00 2.144257e+01 8.398752e+00
    endloop
  endfacet
  facet normal 7.441938e-01 -4.654468e-01 4.790980e-01
    outer loop
      vertex   -7.453015e+00 2.144257e+01 8.398752e+00
      vertex   -7.403582e+00 2.153831e+01 8.414982e+00
      vertex   -7.462786e+00 2.145333e+01 8.424388e+00
    endloop
  endfacet
  facet normal 6.901767e-01 -5.347044e-01 4.875934e-01
    outer loop
      vertex   -7.453015e+00 2.144257e+01 8.398752e+00
      vertex   -7.462786e+00 2.145333e+01 8.424388e+00
      vertex   -7.520371e+00 2.136267e+01 8.406476e+00
    endloop
  endfacet
  facet normal 6.943977e-01 -5.359255e-01 4.802038e-01
    outer loop
      vertex   -7.520371e+00 2.136267e+01 8.406476e+00
      vertex   -7.462786e+00 2.145333e+01 8.424388e+00
      vertex   -7.529412e+00 2.137396e+01 8.432143e+00
    endloop
  endfacet
  facet normal 6.349286e-01 -5.995593e-01 4.872313e-01
    outer loop
      vertex   -7.520371e+00 2.136267e+01 8.406476e+00
      vertex   -7.529412e+00 2.137396e+01 8.432143e+00
      vertex   -7.594623e+00 2.128913e+01 8.412735e+00
    endloop
  endfacet
  facet normal 6.386674e-01 -6.009213e-01 4.806221e-01
    outer loop
      vertex   -7.594623e+00 2.128913e+01 8.412735e+00
      vertex   -7.529412e+00 2.137396e+01 8.432143e+00
      vertex   -7.602870e+00 2.130089e+01 8.438407e+00
    endloop
  endfacet
  facet normal 5.736971e-01 -6.590181e-01 4.863813e-01
    outer loop
      vertex   -7.594623e+00 2.128913e+01 8.412735e+00
      vertex   -7.602870e+00 2.130089e+01 8.438407e+00
      vertex   -7.675182e+00 2.122265e+01 8.417683e+00
    endloop
  endfacet
  facet normal 5.769209e-01 -6.604602e-01 4.805773e-01
    outer loop
      vertex   -7.675182e+00 2.122265e+01 8.417683e+00
      vertex   -7.602870e+00 2.130089e+01 8.438407e+00
      vertex   -7.682571e+00 2.123486e+01 8.443339e+00
    endloop
  endfacet
  facet normal 5.062903e-01 -7.129131e-01 4.852062e-01
    outer loop
      vertex   -7.675182e+00 2.122265e+01 8.417683e+00
      vertex   -7.682571e+00 2.123486e+01 8.443339e+00
      vertex   -7.761457e+00 2.116396e+01 8.421472e+00
    endloop
  endfacet
  facet normal 5.089512e-01 -7.143538e-01 4.802784e-01
    outer loop
      vertex   -7.761457e+00 2.116396e+01 8.421472e+00
      vertex   -7.682571e+00 2.123486e+01 8.443339e+00
      vertex   -7.767924e+00 2.117658e+01 8.447097e+00
    endloop
  endfacet
  facet normal 4.327264e-01 -7.606788e-01 4.838549e-01
    outer loop
      vertex   -7.761457e+00 2.116396e+01 8.421472e+00
      vertex   -7.767924e+00 2.117658e+01 8.447097e+00
      vertex   -7.852828e+00 2.111376e+01 8.424280e+00
    endloop
  endfacet
  facet normal 4.347947e-01 -7.620254e-01 4.798656e-01
    outer loop
      vertex   -7.852828e+00 2.111376e+01 8.424280e+00
      vertex   -7.767924e+00 2.117658e+01 8.447097e+00
      vertex   -7.858312e+00 2.112675e+01 8.449867e+00
    endloop
  endfacet
  facet normal 3.560890e-01 -8.002957e-01 4.824183e-01
    outer loop
      vertex   -7.852828e+00 2.111376e+01 8.424280e+00
      vertex   -7.858312e+00 2.112675e+01 8.449867e+00
      vertex   -7.948400e+00 2.107253e+01 8.426414e+00
    endloop
  endfacet
  facet normal 3.577247e-01 -8.015699e-01 4.790811e-01
    outer loop
      vertex   -7.948400e+00 2.107253e+01 8.426414e+00
      vertex   -7.858312e+00 2.112675e+01 8.449867e+00
      vertex   -7.952842e+00 2.108582e+01 8.451964e+00
    endloop
  endfacet
  facet normal 2.780506e-01 -8.315604e-01 4.808275e-01
    outer loop
      vertex   -7.948400e+00 2.107253e+01 8.426414e+00
      vertex   -7.952842e+00 2.108582e+01 8.451964e+00
      vertex   -8.047295e+00 2.104036e+01 8.427965e+00
    endloop
  endfacet
  facet normal 2.792610e-01 -8.326791e-01 4.781827e-01
    outer loop
      vertex   -8.047295e+00 2.104036e+01 8.427965e+00
      vertex   -7.952842e+00 2.108582e+01 8.451964e+00
      vertex   -8.050649e+00 2.105388e+01 8.453482e+00
    endloop
  endfacet
  facet normal 1.988552e-01 -8.548026e-01 4.793424e-01
    outer loop
      vertex   -8.047295e+00 2.104036e+01 8.427965e+00
      vertex   -8.050649e+00 2.105388e+01 8.453482e+00
      vertex   -8.148671e+00 2.101734e+01 8.428977e+00
    endloop
  endfacet
  facet normal 1.996410e-01 -8.556613e-01 4.774800e-01
    outer loop
      vertex   -8.148671e+00 2.101734e+01 8.428977e+00
      vertex   -8.050649e+00 2.105388e+01 8.453482e+00
      vertex   -8.150903e+00 2.103104e+01 8.454469e+00
    endloop
  endfacet
  facet normal 1.187410e-01 -8.701858e-01 4.782021e-01
    outer loop
      vertex   -8.148671e+00 2.101734e+01 8.428977e+00
      vertex   -8.150903e+00 2.103104e+01 8.454469e+00
      vertex   -8.251684e+00 2.100357e+01 8.429495e+00
    endloop
  endfacet
  facet normal 1.191375e-01 -8.706996e-01 4.771672e-01
    outer loop
      vertex   -8.251684e+00 2.100357e+01 8.429495e+00
      vertex   -8.150903e+00 2.103104e+01 8.454469e+00
      vertex   -8.252773e+00 2.101738e+01 8.454969e+00
    endloop
  endfacet
  facet normal 3.785717e-02 -8.777943e-01 4.775395e-01
    outer loop
      vertex   -8.251684e+00 2.100357e+01 8.429495e+00
      vertex   -8.252773e+00 2.101738e+01 8.454969e+00
      vertex   -8.355492e+00 2.099913e+01 8.429565e+00
    endloop
  endfacet
  facet normal 3.792784e-02 -8.779039e-01 4.773324e-01
    outer loop
      vertex   -8.355492e+00 2.099913e+01 8.429565e+00
      vertex   -8.252773e+00 2.101738e+01 8.454969e+00
      vertex   -8.355426e+00 2.101298e+01 8.455031e+00
    endloop
  endfacet
  facet normal -4.367753e-02 -8.776092e-01 4.773829e-01
    outer loop
      vertex   -8.355492e+00 2.099913e+01 8.429565e+00
      vertex   -8.355426e+00 2.101298e+01 8.455031e+00
      vertex   -8.459252e+00 2.100411e+01 8.429231e+00
    endloop
  endfacet
  facet normal -4.384842e-02 -8.772866e-01 4.779597e-01
    outer loop
      vertex   -8.459252e+00 2.100411e+01 8.429231e+00
      vertex   -8.355426e+00 2.101298e+01 8.455031e+00
      vertex   -8.458033e+00 2.101793e+01 8.454699e+00
    endloop
  endfacet
  facet normal -1.257145e-01 -8.695047e-01 4.776582e-01
    outer loop
      vertex   -8.459252e+00 2.100411e+01 8.429231e+00
      vertex   -8.458033e+00 2.101793e+01 8.454699e+00
      vertex   -8.562121e+00 2.101860e+01 8.428537e+00
    endloop
  endfacet
  facet normal -1.260296e-01 -8.687585e-01 4.789312e-01
    outer loop
      vertex   -8.562121e+00 2.101860e+01 8.428537e+00
      vertex   -8.458033e+00 2.101793e+01 8.454699e+00
      vertex   -8.559761e+00 2.103231e+01 8.454020e+00
    endloop
  endfacet
  facet normal -2.080224e-01 -8.532639e-01 4.781918e-01
    outer loop
      vertex   -8.562121e+00 2.101860e+01 8.428537e+00
      vertex   -8.559761e+00 2.103231e+01 8.454020e+00
      vertex   -8.663255e+00 2.104269e+01 8.427529e+00
    endloop
  endfacet
  facet normal -2.083811e-01 -8.521418e-01 4.800330e-01
    outer loop
      vertex   -8.663255e+00 2.104269e+01 8.427529e+00
      vertex   -8.559761e+00 2.103231e+01 8.454020e+00
      vertex   -8.659779e+00 2.105622e+01 8.453040e+00
    endloop
  endfacet
  facet normal -2.908160e-01 -8.284190e-01 4.786940e-01
    outer loop
      vertex   -8.663255e+00 2.104269e+01 8.427529e+00
      vertex   -8.659779e+00 2.105622e+01 8.453040e+00
      vertex   -8.761676e+00 2.107642e+01 8.426095e+00
    endloop
  endfacet
  facet normal -2.911706e-01 -8.268226e-01 4.812318e-01
    outer loop
      vertex   -8.761676e+00 2.107642e+01 8.426095e+00
      vertex   -8.659779e+00 2.105622e+01 8.453040e+00
      vertex   -8.757125e+00 2.108968e+01 8.451645e+00
    endloop
  endfacet
  facet normal -3.704500e-01 -7.957018e-01 4.791926e-01
    outer loop
      vertex   -8.761676e+00 2.107642e+01 8.426095e+00
      vertex   -8.757125e+00 2.108968e+01 8.451645e+00
      vertex   -8.856553e+00 2.111933e+01 8.424014e+00
    endloop
  endfacet
  facet normal -3.707361e-01 -7.935440e-01 4.825377e-01
    outer loop
      vertex   -8.856553e+00 2.111933e+01 8.424014e+00
      vertex   -8.757125e+00 2.108968e+01 8.451645e+00
      vertex   -8.850978e+00 2.113229e+01 8.449606e+00
    endloop
  endfacet
  facet normal -4.451415e-01 -7.560835e-01 4.797779e-01
    outer loop
      vertex   -8.856553e+00 2.111933e+01 8.424014e+00
      vertex   -8.850978e+00 2.113229e+01 8.449606e+00
      vertex   -8.947199e+00 2.117086e+01 8.421116e+00
    endloop
  endfacet
  facet normal -4.452747e-01 -7.533860e-01 4.838800e-01
    outer loop
      vertex   -8.947199e+00 2.117086e+01 8.421116e+00
      vertex   -8.850978e+00 2.113229e+01 8.449606e+00
      vertex   -8.940655e+00 2.118346e+01 8.446747e+00
    endloop
  endfacet
  facet normal -5.149744e-01 -7.099779e-01 4.803465e-01
    outer loop
      vertex   -8.947199e+00 2.117086e+01 8.421116e+00
      vertex   -8.940655e+00 2.118346e+01 8.446747e+00
      vertex   -9.032928e+00 2.123042e+01 8.417232e+00
    endloop
  endfacet
  facet normal -5.148793e-01 -7.067555e-01 4.851762e-01
    outer loop
      vertex   -9.032928e+00 2.123042e+01 8.417232e+00
      vertex   -8.940655e+00 2.118346e+01 8.446747e+00
      vertex   -9.025471e+00 2.124260e+01 8.442894e+00
    endloop
  endfacet
  facet normal -5.800582e-01 -6.575681e-01 4.807668e-01
    outer loop
      vertex   -9.032928e+00 2.123042e+01 8.417232e+00
      vertex   -9.025471e+00 2.124260e+01 8.442894e+00
      vertex   -9.113053e+00 2.129741e+01 8.412193e+00
    endloop
  endfacet
  facet normal -5.796619e-01 -6.538282e-01 4.863135e-01
    outer loop
      vertex   -9.113053e+00 2.129741e+01 8.412193e+00
      vertex   -9.025471e+00 2.124260e+01 8.442894e+00
      vertex   -9.104740e+00 2.130914e+01 8.437869e+00
    endloop
  endfacet
  facet normal -6.404335e-01 -5.988385e-01 4.808715e-01
    outer loop
      vertex   -9.113053e+00 2.129741e+01 8.412193e+00
      vertex   -9.104740e+00 2.130914e+01 8.437869e+00
      vertex   -9.186887e+00 2.137127e+01 8.405829e+00
    endloop
  endfacet
  facet normal -6.396605e-01 -5.945837e-01 4.871393e-01
    outer loop
      vertex   -9.186887e+00 2.137127e+01 8.405829e+00
      vertex   -9.104740e+00 2.130914e+01 8.437869e+00
      vertex   -9.177780e+00 2.138250e+01 8.431498e+00
    endloop
  endfacet
  facet normal -6.959950e-01 -5.336291e-01 4.804488e-01
    outer loop
      vertex   -9.186887e+00 2.137127e+01 8.405829e+00
      vertex   -9.177780e+00 2.138250e+01 8.431498e+00
      vertex   -9.253743e+00 2.145139e+01 8.397970e+00
    endloop
  endfacet
  facet normal -6.947629e-01 -5.288621e-01 4.874519e-01
    outer loop
      vertex   -9.253743e+00 2.145139e+01 8.397970e+00
      vertex   -9.177780e+00 2.138250e+01 8.431498e+00
      vertex   -9.243906e+00 2.146209e+01 8.423605e+00
    endloop
  endfacet
  facet normal -7.464300e-01 -4.617108e-01 4.792342e-01
    outer loop
      vertex   -9.253743e+00 2.145139e+01 8.397970e+00
      vertex   -9.243906e+00 2.146209e+01 8.423605e+00
      vertex   -9.312933e+00 2.153720e+01 8.388448e+00
    endloop
  endfacet
  facet normal -7.446477e-01 -4.564410e-01 4.869922e-01
    outer loop
      vertex   -9.312933e+00 2.153720e+01 8.388448e+00
      vertex   -9.243906e+00 2.146209e+01 8.423605e+00
      vertex   -9.302433e+00 2.154734e+01 8.414015e+00
    endloop
  endfacet
  facet normal -7.911765e-01 -3.828835e-01 4.769068e-01
    outer loop
      vertex   -9.312933e+00 2.153720e+01 8.388448e+00
      vertex   -9.302433e+00 2.154734e+01 8.414015e+00
      vertex   -9.363773e+00 2.162810e+01 8.377092e+00
    endloop
  endfacet
  facet normal -7.887444e-01 -3.771355e-01 4.854390e-01
    outer loop
      vertex   -9.363773e+00 2.162810e+01 8.377092e+00
      vertex   -9.302433e+00 2.154734e+01 8.414015e+00
      vertex   -9.352677e+00 2.163767e+01 8.402552e+00
    endloop
  endfacet
  facet normal -8.292372e-01 -2.974690e-01 4.731572e-01
    outer loop
      vertex   -9.363773e+00 2.162810e+01 8.377092e+00
      vertex   -9.352677e+00 2.163767e+01 8.402552e+00
      vertex   -9.405549e+00 2.172320e+01 8.363665e+00
    endloop
  endfacet
  facet normal -8.260399e-01 -2.912268e-01 4.825402e-01
    outer loop
      vertex   -9.405549e+00 2.172320e+01 8.363665e+00
      vertex   -9.352677e+00 2.163767e+01 8.402552e+00
      vertex   -9.393924e+00 2.173215e+01 8.388968e+00
    endloop
  endfacet
  facet normal -8.582617e-01 -2.095941e-01 4.684625e-01
    outer loop
      vertex   -9.405549e+00 2.172320e+01 8.363665e+00
      vertex   -9.393924e+00 2.173215e+01 8.388968e+00
      vertex   -9.437994e+00 2.182120e+01 8.348066e+00
    endloop
  endfacet
  facet normal -8.542165e-01 -2.028916e-01 4.786953e-01
    outer loop
      vertex   -9.437994e+00 2.182120e+01 8.348066e+00
      vertex   -9.393924e+00 2.173215e+01 8.388968e+00
      vertex   -9.425901e+00 2.182950e+01 8.373163e+00
    endloop
  endfacet
  facet normal -8.776668e-01 -1.223881e-01 4.633812e-01
    outer loop
      vertex   -9.437994e+00 2.182120e+01 8.348066e+00
      vertex   -9.425901e+00 2.182950e+01 8.373163e+00
      vertex   -9.461241e+00 2.192128e+01 8.330470e+00
    endloop
  endfacet
  facet normal -8.727873e-01 -1.154541e-01 4.742495e-01
    outer loop
      vertex   -9.461241e+00 2.192128e+01 8.330470e+00
      vertex   -9.425901e+00 2.182950e+01 8.373163e+00
      vertex   -9.448746e+00 2.192888e+01 8.355315e+00
    endloop
  endfacet
  facet normal -8.882524e-01 -3.657321e-02 4.578975e-01
    outer loop
      vertex   -9.461241e+00 2.192128e+01 8.330470e+00
      vertex   -9.448746e+00 2.192888e+01 8.355315e+00
      vertex   -9.475424e+00 2.202265e+01 8.311053e+00
    endloop
  endfacet
  facet normal -8.825879e-01 -2.962012e-02 4.692135e-01
    outer loop
      vertex   -9.475424e+00 2.202265e+01 8.311053e+00
      vertex   -9.448746e+00 2.192888e+01 8.355315e+00
      vertex   -9.462600e+00 2.202951e+01 8.335607e+00
    endloop
  endfacet
  facet normal -8.907832e-01 4.748353e-02 4.519410e-01
    outer loop
      vertex   -9.475424e+00 2.202265e+01 8.311053e+00
      vertex   -9.462600e+00 2.202951e+01 8.335607e+00
      vertex   -9.480678e+00 2.212450e+01 8.289995e+00
    endloop
  endfacet
  facet normal -8.844067e-01 5.427195e-02 4.635509e-01
    outer loop
      vertex   -9.480678e+00 2.212450e+01 8.289995e+00
      vertex   -9.462600e+00 2.202951e+01 8.335607e+00
      vertex   -9.467606e+00 2.213059e+01 8.314224e+00
    endloop
  endfacet
  facet normal -8.858901e-01 1.296676e-01 4.454043e-01
    outer loop
      vertex   -9.480678e+00 2.212450e+01 8.289995e+00
      vertex   -9.467606e+00 2.213059e+01 8.314224e+00
      vertex   -9.477140e+00 2.222604e+01 8.267472e+00
    endloop
  endfacet
  facet normal -8.788867e-01 1.361406e-01 4.571913e-01
    outer loop
      vertex   -9.477140e+00 2.222604e+01 8.267472e+00
      vertex   -9.467606e+00 2.213059e+01 8.314224e+00
      vertex   -9.463904e+00 2.223132e+01 8.291347e+00
    endloop
  endfacet
  facet normal -8.740164e-01 2.100295e-01 4.381586e-01
    outer loop
      vertex   -9.477140e+00 2.222604e+01 8.267472e+00
      vertex   -9.463904e+00 2.223132e+01 8.291347e+00
      vertex   -9.464945e+00 2.232646e+01 8.243662e+00
    endloop
  endfacet
  facet normal -8.664704e-01 2.160706e-01 4.500473e-01
    outer loop
      vertex   -9.464945e+00 2.232646e+01 8.243662e+00
      vertex   -9.463904e+00 2.223132e+01 8.291347e+00
      vertex   -9.451636e+00 2.233089e+01 8.267160e+00
    endloop
  endfacet
  facet normal -8.553876e-01 2.887017e-01 4.300737e-01
    outer loop
      vertex   -9.464945e+00 2.232646e+01 8.243662e+00
      vertex   -9.451636e+00 2.233089e+01 8.267160e+00
      vertex   -9.444229e+00 2.242496e+01 8.218743e+00
    endloop
  endfacet
  facet normal -8.473692e-01 2.942271e-01 4.420360e-01
    outer loop
      vertex   -9.444229e+00 2.242496e+01 8.218743e+00
      vertex   -9.451636e+00 2.233089e+01 8.267160e+00
      vertex   -9.430944e+00 2.242851e+01 8.241845e+00
    endloop
  endfacet
  facet normal -8.299998e-01 3.658178e-01 4.210435e-01
    outer loop
      vertex   -9.444229e+00 2.242496e+01 8.218743e+00
      vertex   -9.430944e+00 2.242851e+01 8.241845e+00
      vertex   -9.415126e+00 2.252075e+01 8.192891e+00
    endloop
  endfacet
  facet normal -8.215504e-01 3.707722e-01 4.331084e-01
    outer loop
      vertex   -9.415126e+00 2.252075e+01 8.192891e+00
      vertex   -9.430944e+00 2.242851e+01 8.241845e+00
      vertex   -9.401969e+00 2.252339e+01 8.215587e+00
    endloop
  endfacet
  facet normal -7.976220e-01 4.414326e-01 4.110188e-01
    outer loop
      vertex   -9.415126e+00 2.252075e+01 8.192891e+00
      vertex   -9.401969e+00 2.252339e+01 8.215587e+00
      vertex   -9.377772e+00 2.261301e+01 8.166286e+00
    endloop
  endfacet
  facet normal -7.887383e-01 4.457817e-01 4.232855e-01
    outer loop
      vertex   -9.377772e+00 2.261301e+01 8.166286e+00
      vertex   -9.401969e+00 2.252339e+01 8.215587e+00
      vertex   -9.364854e+00 2.261471e+01 8.188568e+00
    endloop
  endfacet
  facet normal -7.581980e-01 5.146568e-01 4.003301e-01
    outer loop
      vertex   -9.377772e+00 2.261301e+01 8.166286e+00
      vertex   -9.364854e+00 2.261471e+01 8.188568e+00
      vertex   -9.332346e+00 2.270104e+01 8.139155e+00
    endloop
  endfacet
  facet normal -7.489436e-01 5.183236e-01 4.128246e-01
    outer loop
      vertex   -9.332346e+00 2.270104e+01 8.139155e+00
      vertex   -9.364854e+00 2.261471e+01 8.188568e+00
      vertex   -9.319785e+00 2.270177e+01 8.161024e+00
    endloop
  endfacet
  facet normal -7.141231e-01 5.808239e-01 3.907324e-01
    outer loop
      vertex   -9.332346e+00 2.270104e+01 8.139155e+00
      vertex   -9.319785e+00 2.270177e+01 8.161024e+00
      vertex   -9.279320e+00 2.278451e+01 8.111994e+00
    endloop
  endfacet
  facet normal -7.050185e-01 5.836025e-01 4.029356e-01
    outer loop
      vertex   -9.279320e+00 2.278451e+01 8.111994e+00
      vertex   -9.319785e+00 2.270177e+01 8.161024e+00
      vertex   -9.267248e+00 2.278427e+01 8.133460e+00
    endloop
  endfacet
  facet normal 3.665362e-02 8.868276e-01 4.606445e-01
    outer loop
      vertex   -8.249742e+00 2.325976e+01 7.946889e+00
      vertex   -8.350000e+00 2.326011e+01 7.954193e+00
      vertex   -8.252385e+00 2.324480e+01 7.975900e+00
    endloop
  endfacet
  facet normal 1.414736e-02 8.459741e-01 5.330363e-01
    outer loop
      vertex   -8.252385e+00 2.324480e+01 7.975900e+00
      vertex   -8.350000e+00 2.326011e+01 7.954193e+00
      vertex   -8.350000e+00 2.323618e+01 7.992168e+00
    endloop
  endfacet
  facet normal 2.355910e-02 8.180219e-01 5.747045e-01
    outer loop
      vertex   -8.252385e+00 2.324480e+01 7.975900e+00
      vertex   -8.350000e+00 2.323618e+01 7.992168e+00
      vertex   -8.254145e+00 2.323340e+01 7.992193e+00
    endloop
  endfacet
  facet normal 2.174669e-02 7.562140e-01 6.539629e-01
    outer loop
      vertex   -8.254145e+00 2.323340e+01 7.992193e+00
      vertex   -8.350000e+00 2.323618e+01 7.992168e+00
      vertex   -8.255995e+00 2.322043e+01 8.007259e+00
    endloop
  endfacet
  facet normal 6.092335e-02 7.525955e-01 6.556587e-01
    outer loop
      vertex   -8.254145e+00 2.323340e+01 7.992193e+00
      vertex   -8.255995e+00 2.322043e+01 8.007259e+00
      vertex   -8.159205e+00 2.322041e+01 7.998281e+00
    endloop
  endfacet
  facet normal 6.088955e-02 7.529160e-01 6.552938e-01
    outer loop
      vertex   -8.159205e+00 2.322041e+01 7.998281e+00
      vertex   -8.255995e+00 2.322043e+01 8.007259e+00
      vertex   -8.162895e+00 2.320760e+01 8.013348e+00
    endloop
  endfacet
  facet normal 1.012643e-01 7.454457e-01 6.588294e-01
    outer loop
      vertex   -8.159205e+00 2.322041e+01 7.998281e+00
      vertex   -8.162895e+00 2.320760e+01 8.013348e+00
      vertex   -8.066096e+00 2.319894e+01 8.008259e+00
    endloop
  endfacet
  facet normal 1.012802e-01 7.459846e-01 6.582167e-01
    outer loop
      vertex   -8.066096e+00 2.319894e+01 8.008259e+00
      vertex   -8.162895e+00 2.320760e+01 8.013348e+00
      vertex   -8.071604e+00 2.318640e+01 8.023326e+00
    endloop
  endfacet
  facet normal 1.410962e-01 7.347929e-01 6.634541e-01
    outer loop
      vertex   -8.066096e+00 2.319894e+01 8.008259e+00
      vertex   -8.071604e+00 2.318640e+01 8.023326e+00
      vertex   -7.975608e+00 2.316931e+01 8.021833e+00
    endloop
  endfacet
  facet normal 1.412180e-01 7.355530e-01 6.625853e-01
    outer loop
      vertex   -7.975608e+00 2.316931e+01 8.021833e+00
      vertex   -8.071604e+00 2.318640e+01 8.023326e+00
      vertex   -7.982903e+00 2.315714e+01 8.036899e+00
    endloop
  endfacet
  facet normal 1.803032e-01 7.206355e-01 6.694589e-01
    outer loop
      vertex   -7.975608e+00 2.316931e+01 8.021833e+00
      vertex   -7.982903e+00 2.315714e+01 8.036899e+00
      vertex   -7.888464e+00 2.313188e+01 8.038659e+00
    endloop
  endfacet
  facet normal 1.805860e-01 7.216140e-01 6.683277e-01
    outer loop
      vertex   -7.888464e+00 2.313188e+01 8.038659e+00
      vertex   -7.982903e+00 2.315714e+01 8.036899e+00
      vertex   -7.897505e+00 2.312019e+01 8.053723e+00
    endloop
  endfacet
  facet normal 2.188628e-01 7.029012e-01 6.767783e-01
    outer loop
      vertex   -7.888464e+00 2.313188e+01 8.038659e+00
      vertex   -7.897505e+00 2.312019e+01 8.053723e+00
      vertex   -7.805366e+00 2.308702e+01 8.058374e+00
    endloop
  endfacet
  facet normal 2.193573e-01 7.040804e-01 6.753911e-01
    outer loop
      vertex   -7.805366e+00 2.308702e+01 8.058374e+00
      vertex   -7.897505e+00 2.312019e+01 8.053723e+00
      vertex   -7.816101e+00 2.307592e+01 8.073433e+00
    endloop
  endfacet
  facet normal 2.564464e-01 6.816309e-01 6.852843e-01
    outer loop
      vertex   -7.805366e+00 2.308702e+01 8.058374e+00
      vertex   -7.816101e+00 2.307592e+01 8.073433e+00
      vertex   -7.726839e+00 2.303519e+01 8.080545e+00
    endloop
  endfacet
  facet normal 2.572046e-01 6.830037e-01 6.836313e-01
    outer loop
      vertex   -7.726839e+00 2.303519e+01 8.080545e+00
      vertex   -7.816101e+00 2.307592e+01 8.073433e+00
      vertex   -7.739211e+00 2.302478e+01 8.095594e+00
    endloop
  endfacet
  facet normal 2.928373e-01 6.568439e-01 6.948399e-01
    outer loop
      vertex   -7.726839e+00 2.303519e+01 8.080545e+00
      vertex   -7.739211e+00 2.302478e+01 8.095594e+00
      vertex   -7.653334e+00 2.297682e+01 8.104742e+00
    endloop
  endfacet
  facet normal 2.939170e-01 6.584074e-01 6.929015e-01
    outer loop
      vertex   -7.653334e+00 2.297682e+01 8.104742e+00
      vertex   -7.739211e+00 2.302478e+01 8.095594e+00
      vertex   -7.667274e+00 2.296722e+01 8.119777e+00
    endloop
  endfacet
  facet normal 3.279796e-01 6.284276e-01 7.053426e-01
    outer loop
      vertex   -7.653334e+00 2.297682e+01 8.104742e+00
      vertex   -7.667274e+00 2.296722e+01 8.119777e+00
      vertex   -7.585299e+00 2.291236e+01 8.130534e+00
    endloop
  endfacet
  facet normal 3.294296e-01 6.301584e-01 7.031191e-01
    outer loop
      vertex   -7.585299e+00 2.291236e+01 8.130534e+00
      vertex   -7.667274e+00 2.296722e+01 8.119777e+00
      vertex   -7.600731e+00 2.290368e+01 8.145549e+00
    endloop
  endfacet
  facet normal 3.618211e-01 5.961408e-01 7.167299e-01
    outer loop
      vertex   -7.585299e+00 2.291236e+01 8.130534e+00
      vertex   -7.600731e+00 2.290368e+01 8.145549e+00
      vertex   -7.523167e+00 2.284225e+01 8.157488e+00
    endloop
  endfacet
  facet normal 3.636760e-01 5.979987e-01 7.142390e-01
    outer loop
      vertex   -7.523167e+00 2.284225e+01 8.157488e+00
      vertex   -7.600731e+00 2.290368e+01 8.145549e+00
      vertex   -7.540003e+00 2.283459e+01 8.172476e+00
    endloop
  endfacet
  facet normal 3.939097e-01 5.600661e-01 7.288080e-01
    outer loop
      vertex   -7.523167e+00 2.284225e+01 8.157488e+00
      vertex   -7.540003e+00 2.283459e+01 8.172476e+00
      vertex   -7.467288e+00 2.276690e+01 8.185189e+00
    endloop
  endfacet
  facet normal 3.962172e-01 5.620258e-01 7.260433e-01
    outer loop
      vertex   -7.467288e+00 2.276690e+01 8.185189e+00
      vertex   -7.540003e+00 2.283459e+01 8.172476e+00
      vertex   -7.485432e+00 2.276037e+01 8.200143e+00
    endloop
  endfacet
  facet normal 4.236690e-01 5.206012e-01 7.412685e-01
    outer loop
      vertex   -7.467288e+00 2.276690e+01 8.185189e+00
      vertex   -7.485432e+00 2.276037e+01 8.200143e+00
      vertex   -7.418005e+00 2.268681e+01 8.213270e+00
    endloop
  endfacet
  facet normal 4.264861e-01 5.226381e-01 7.382134e-01
    outer loop
      vertex   -7.418005e+00 2.268681e+01 8.213270e+00
      vertex   -7.485432e+00 2.276037e+01 8.200143e+00
      vertex   -7.437346e+00 2.268152e+01 8.228185e+00
    endloop
  endfacet
  facet normal 4.509705e-01 4.775967e-01 7.540073e-01
    outer loop
      vertex   -7.418005e+00 2.268681e+01 8.213270e+00
      vertex   -7.437346e+00 2.268152e+01 8.228185e+00
      vertex   -7.375659e+00 2.260246e+01 8.241370e+00
    endloop
  endfacet
  facet normal 4.543447e-01 4.796707e-01 7.506576e-01
    outer loop
      vertex   -7.375659e+00 2.260246e+01 8.241370e+00
      vertex   -7.437346e+00 2.268152e+01 8.228185e+00
      vertex   -7.396073e+00 2.259853e+01 8.256240e+00
    endloop
  endfacet
  facet normal 4.756070e-01 4.308392e-01 7.669260e-01
    outer loop
      vertex   -7.375659e+00 2.260246e+01 8.241370e+00
      vertex   -7.396073e+00 2.259853e+01 8.256240e+00
      vertex   -7.340596e+00 2.251435e+01 8.269126e+00
    endloop
  endfacet
  facet normal 4.795682e-01 4.328938e-01 7.632937e-01
    outer loop
      vertex   -7.340596e+00 2.251435e+01 8.269126e+00
      vertex   -7.396073e+00 2.259853e+01 8.256240e+00
      vertex   -7.361944e+00 2.251186e+01 8.283946e+00
    endloop
  endfacet
  facet normal 4.972723e-01 3.800216e-01 7.799384e-01
    outer loop
      vertex   -7.340596e+00 2.251435e+01 8.269126e+00
      vertex   -7.361944e+00 2.251186e+01 8.283946e+00
      vertex   -7.313167e+00 2.242295e+01 8.296169e+00
    endloop
  endfacet
  facet normal 5.018297e-01 3.819872e-01 7.760494e-01
    outer loop
      vertex   -7.313167e+00 2.242295e+01 8.296169e+00
      vertex   -7.361944e+00 2.251186e+01 8.283946e+00
      vertex   -7.335297e+00 2.242202e+01 8.310937e+00
    endloop
  endfacet
  facet normal 5.155896e-01 3.244272e-01 7.930412e-01
    outer loop
      vertex   -7.313167e+00 2.242295e+01 8.296169e+00
      vertex   -7.335297e+00 2.242202e+01 8.310937e+00
      vertex   -7.293821e+00 2.232879e+01 8.322114e+00
    endloop
  endfacet
  facet normal 5.208146e-01 3.262512e-01 7.888677e-01
    outer loop
      vertex   -7.293821e+00 2.232879e+01 8.322114e+00
      vertex   -7.335297e+00 2.242202e+01 8.310937e+00
      vertex   -7.316559e+00 2.232950e+01 8.336829e+00
    endloop
  endfacet
  facet normal 5.294871e-01 2.671683e-01 8.051488e-01
    outer loop
      vertex   -7.293821e+00 2.232879e+01 8.322114e+00
      vertex   -7.316559e+00 2.232950e+01 8.336829e+00
      vertex   -7.282750e+00 2.223260e+01 8.346749e+00
    endloop
  endfacet
  facet normal 5.353343e-01 2.687572e-01 8.007414e-01
    outer loop
      vertex   -7.282750e+00 2.223260e+01 8.346749e+00
      vertex   -7.316559e+00 2.232950e+01 8.336829e+00
      vertex   -7.305909e+00 2.223505e+01 8.361412e+00
    endloop
  endfacet
  facet normal 5.387688e-01 2.089195e-01 8.161377e-01
    outer loop
      vertex   -7.282750e+00 2.223260e+01 8.346749e+00
      vertex   -7.305909e+00 2.223505e+01 8.361412e+00
      vertex   -7.280066e+00 2.213522e+01 8.369906e+00
    endloop
  endfacet
  facet normal 5.451567e-01 2.101836e-01 8.115584e-01
    outer loop
      vertex   -7.280066e+00 2.213522e+01 8.369906e+00
      vertex   -7.305909e+00 2.223505e+01 8.361412e+00
      vertex   -7.303452e+00 2.213945e+01 8.384520e+00
    endloop
  endfacet
  facet normal 5.432880e-01 1.494497e-01 8.261374e-01
    outer loop
      vertex   -7.280066e+00 2.213522e+01 8.369906e+00
      vertex   -7.303452e+00 2.213945e+01 8.384520e+00
      vertex   -7.285879e+00 2.203745e+01 8.391415e+00
    endloop
  endfacet
  facet normal 5.501443e-01 1.503127e-01 8.214301e-01
    outer loop
      vertex   -7.285879e+00 2.203745e+01 8.391415e+00
      vertex   -7.303452e+00 2.213945e+01 8.384520e+00
      vertex   -7.309289e+00 2.204350e+01 8.405987e+00
    endloop
  endfacet
  facet normal 5.427614e-01 8.856469e-02 8.352044e-01
    outer loop
      vertex   -7.285879e+00 2.203745e+01 8.391415e+00
      vertex   -7.309289e+00 2.204350e+01 8.405987e+00
      vertex   -7.300301e+00 2.194011e+01 8.411109e+00
    endloop
  endfacet
  facet normal 5.500179e-01 8.895753e-02 8.304016e-01
    outer loop
      vertex   -7.300301e+00 2.194011e+01 8.411109e+00
      vertex   -7.309289e+00 2.204350e+01 8.405987e+00
      vertex   -7.323524e+00 2.194800e+01 8.425646e+00
    endloop
  endfacet
  facet normal 5.367726e-01 2.615847e-02 8.433214e-01
    outer loop
      vertex   -7.300301e+00 2.194011e+01 8.411109e+00
      vertex   -7.323524e+00 2.194800e+01 8.425646e+00
      vertex   -7.323444e+00 2.184401e+01 8.428820e+00
    endloop
  endfacet
  facet normal 5.443572e-01 2.601562e-02 8.384500e-01
    outer loop
      vertex   -7.323444e+00 2.184401e+01 8.428820e+00
      vertex   -7.323524e+00 2.194800e+01 8.425646e+00
      vertex   -7.346260e+00 2.185374e+01 8.443332e+00
    endloop
  endfacet
  facet normal 5.247939e-01 -3.770454e-02 8.503938e-01
    outer loop
      vertex   -7.323444e+00 2.184401e+01 8.428820e+00
      vertex   -7.346260e+00 2.185374e+01 8.443332e+00
      vertex   -7.355417e+00 2.174999e+01 8.444383e+00
    endloop
  endfacet
  facet normal 5.326193e-01 -3.844499e-02 8.454813e-01
    outer loop
      vertex   -7.355417e+00 2.174999e+01 8.444383e+00
      vertex   -7.346260e+00 2.185374e+01 8.443332e+00
      vertex   -7.377598e+00 2.176153e+01 8.458881e+00
    endloop
  endfacet
  facet normal 5.069539e-01 -1.010456e-01 8.560301e-01
    outer loop
      vertex   -7.355417e+00 2.174999e+01 8.444383e+00
      vertex   -7.377598e+00 2.176153e+01 8.458881e+00
      vertex   -7.396131e+00 2.165916e+01 8.457772e+00
    endloop
  endfacet
  facet normal 5.148611e-01 -1.024241e-01 8.511330e-01
    outer loop
      vertex   -7.396131e+00 2.165916e+01 8.457772e+00
      vertex   -7.377598e+00 2.176153e+01 8.458881e+00
      vertex   -7.417453e+00 2.167245e+01 8.472270e+00
    endloop
  endfacet
  facet normal 4.845818e-01 -1.605505e-01 8.598860e-01
    outer loop
      vertex   -7.396131e+00 2.165916e+01 8.457772e+00
      vertex   -7.417453e+00 2.167245e+01 8.472270e+00
      vertex   -7.445074e+00 2.157235e+01 8.469145e+00
    endloop
  endfacet
  facet normal 4.923667e-01 -1.625484e-01 8.550749e-01
    outer loop
      vertex   -7.445074e+00 2.157235e+01 8.469145e+00
      vertex   -7.417453e+00 2.167245e+01 8.472270e+00
      vertex   -7.465329e+00 2.158731e+01 8.483653e+00
    endloop
  endfacet
  facet normal 4.581216e-01 -2.158851e-01 8.622750e-01
    outer loop
      vertex   -7.445074e+00 2.157235e+01 8.469145e+00
      vertex   -7.465329e+00 2.158731e+01 8.483653e+00
      vertex   -7.501681e+00 2.149025e+01 8.478665e+00
    endloop
  endfacet
  facet normal 4.655926e-01 -2.184438e-01 8.576163e-01
    outer loop
      vertex   -7.501681e+00 2.149025e+01 8.478665e+00
      vertex   -7.465329e+00 2.158731e+01 8.483653e+00
      vertex   -7.520678e+00 2.150679e+01 8.493192e+00
    endloop
  endfacet
  facet normal 4.277356e-01 -2.671181e-01 8.635335e-01
    outer loop
      vertex   -7.501681e+00 2.149025e+01 8.478665e+00
      vertex   -7.520678e+00 2.150679e+01 8.493192e+00
      vertex   -7.565386e+00 2.141356e+01 8.486498e+00
    endloop
  endfacet
  facet normal 4.347209e-01 -2.701488e-01 8.590910e-01
    outer loop
      vertex   -7.565386e+00 2.141356e+01 8.486498e+00
      vertex   -7.520678e+00 2.150679e+01 8.493192e+00
      vertex   -7.582954e+00 2.143157e+01 8.501051e+00
    endloop
  endfacet
  facet normal 3.934759e-01 -3.142973e-01 8.639409e-01
    outer loop
      vertex   -7.565386e+00 2.141356e+01 8.486498e+00
      vertex   -7.582954e+00 2.143157e+01 8.501051e+00
      vertex   -7.635626e+00 2.134297e+01 8.492808e+00
    endloop
  endfacet
  facet normal 3.998284e-01 -3.176862e-01 8.597748e-01
    outer loop
      vertex   -7.635626e+00 2.134297e+01 8.492808e+00
      vertex   -7.582954e+00 2.143157e+01 8.501051e+00
      vertex   -7.651609e+00 2.136232e+01 8.507392e+00
    endloop
  endfacet
  facet normal 3.553191e-01 -3.574078e-01 8.637176e-01
    outer loop
      vertex   -7.635626e+00 2.134297e+01 8.492808e+00
      vertex   -7.651609e+00 2.136232e+01 8.507392e+00
      vertex   -7.711836e+00 2.127917e+01 8.497759e+00
    endloop
  endfacet
  facet normal 3.609215e-01 -3.610213e-01 8.598833e-01
    outer loop
      vertex   -7.711836e+00 2.127917e+01 8.497759e+00
      vertex   -7.651609e+00 2.136232e+01 8.507392e+00
      vertex   -7.726096e+00 2.129973e+01 8.512378e+00
    endloop
  endfacet
  facet normal 3.132088e-01 -3.963411e-01 8.630261e-01
    outer loop
      vertex   -7.711836e+00 2.127917e+01 8.497759e+00
      vertex   -7.726096e+00 2.129973e+01 8.512378e+00
      vertex   -7.793449e+00 2.122285e+01 8.501517e+00
    endloop
  endfacet
  facet normal 3.179789e-01 -4.000323e-01 8.595718e-01
    outer loop
      vertex   -7.793449e+00 2.122285e+01 8.501517e+00
      vertex   -7.726096e+00 2.129973e+01 8.512378e+00
      vertex   -7.805867e+00 2.124447e+01 8.516172e+00
    endloop
  endfacet
  facet normal 2.673956e-01 -4.307098e-01 8.619679e-01
    outer loop
      vertex   -7.793449e+00 2.122285e+01 8.501517e+00
      vertex   -7.805867e+00 2.124447e+01 8.516172e+00
      vertex   -7.879876e+00 2.117471e+01 8.504271e+00
    endloop
  endfacet
  facet normal 2.712840e-01 -4.343179e-01 8.589371e-01
    outer loop
      vertex   -7.879876e+00 2.117471e+01 8.504271e+00
      vertex   -7.805867e+00 2.124447e+01 8.516172e+00
      vertex   -7.890349e+00 2.119722e+01 8.518961e+00
    endloop
  endfacet
  facet normal 2.206264e-01 -4.589834e-01 8.606150e-01
    outer loop
      vertex   -7.879876e+00 2.117471e+01 8.504271e+00
      vertex   -7.890349e+00 2.119722e+01 8.518961e+00
      vertex   -7.970262e+00 2.113516e+01 8.506351e+00
    endloop
  endfacet
  facet normal 2.235891e-01 -4.622836e-01 8.580803e-01
    outer loop
      vertex   -7.970262e+00 2.113516e+01 8.506351e+00
      vertex   -7.890349e+00 2.119722e+01 8.518961e+00
      vertex   -7.978711e+00 2.115840e+01 8.521071e+00
    endloop
  endfacet
  facet normal 1.726451e-01 -4.815486e-01 8.592465e-01
    outer loop
      vertex   -7.970262e+00 2.113516e+01 8.506351e+00
      vertex   -7.978711e+00 2.115840e+01 8.521071e+00
      vertex   -8.063780e+00 2.110432e+01 8.507853e+00
    endloop
  endfacet
  facet normal 1.747409e-01 -4.843555e-01 8.572429e-01
    outer loop
      vertex   -8.063780e+00 2.110432e+01 8.507853e+00
      vertex   -7.978711e+00 2.115840e+01 8.521071e+00
      vertex   -8.070144e+00 2.112811e+01 8.522597e+00
    endloop
  endfacet
  facet normal 1.234643e-01 -4.985503e-01 8.580234e-01
    outer loop
      vertex   -8.063780e+00 2.110432e+01 8.507853e+00
      vertex   -8.070144e+00 2.112811e+01 8.522597e+00
      vertex   -8.159637e+00 2.108225e+01 8.508825e+00
    endloop
  endfacet
  facet normal 1.247917e-01 -5.007055e-01 8.565752e-01
    outer loop
      vertex   -8.159637e+00 2.108225e+01 8.508825e+00
      vertex   -8.070144e+00 2.112811e+01 8.522597e+00
      vertex   -8.163868e+00 2.110645e+01 8.523586e+00
    endloop
  endfacet
  facet normal 7.342279e-02 -5.099761e-01 8.570493e-01
    outer loop
      vertex   -8.159637e+00 2.108225e+01 8.508825e+00
      vertex   -8.163868e+00 2.110645e+01 8.523586e+00
      vertex   -8.257038e+00 2.106905e+01 8.509314e+00
    endloop
  endfacet
  facet normal 7.410420e-02 -5.113408e-01 8.561771e-01
    outer loop
      vertex   -8.257038e+00 2.106905e+01 8.509314e+00
      vertex   -8.163868e+00 2.110645e+01 8.523586e+00
      vertex   -8.259105e+00 2.109349e+01 8.524087e+00
    endloop
  endfacet
  facet normal 2.282227e-02 -5.158125e-01 8.563974e-01
    outer loop
      vertex   -8.257038e+00 2.106905e+01 8.509314e+00
      vertex   -8.259105e+00 2.109349e+01 8.524087e+00
      vertex   -8.355188e+00 2.106480e+01 8.509369e+00
    endloop
  endfacet
  facet normal 2.300219e-02 -5.162709e-01 8.561164e-01
    outer loop
      vertex   -8.355188e+00 2.106480e+01 8.509369e+00
      vertex   -8.259105e+00 2.109349e+01 8.524087e+00
      vertex   -8.355076e+00 2.108931e+01 8.524146e+00
    endloop
  endfacet
  facet normal -2.804318e-02 -5.160344e-01 8.561087e-01
    outer loop
      vertex   -8.355188e+00 2.106480e+01 8.509369e+00
      vertex   -8.355076e+00 2.108931e+01 8.524146e+00
      vertex   -8.453293e+00 2.106958e+01 8.509036e+00
    endloop
  endfacet
  facet normal -2.819956e-02 -5.154990e-01 8.564261e-01
    outer loop
      vertex   -8.453293e+00 2.106958e+01 8.509036e+00
      vertex   -8.355076e+00 2.108931e+01 8.524146e+00
      vertex   -8.451003e+00 2.109400e+01 8.523811e+00
    endloop
  endfacet
  facet normal -7.885659e-02 -5.106072e-01 8.561904e-01
    outer loop
      vertex   -8.453293e+00 2.106958e+01 8.509036e+00
      vertex   -8.451003e+00 2.109400e+01 8.523811e+00
      vertex   -8.550559e+00 2.108347e+01 8.508365e+00
    endloop
  endfacet
  facet normal -7.916566e-02 -5.090243e-01 8.571039e-01
    outer loop
      vertex   -8.550559e+00 2.108347e+01 8.508365e+00
      vertex   -8.451003e+00 2.109400e+01 8.523811e+00
      vertex   -8.546107e+00 2.110764e+01 8.523129e+00
    endloop
  endfacet
  facet normal -1.292593e-01 -4.995000e-01 8.566165e-01
    outer loop
      vertex   -8.550559e+00 2.108347e+01 8.508365e+00
      vertex   -8.546107e+00 2.110764e+01 8.523129e+00
      vertex   -8.646190e+00 2.110657e+01 8.507402e+00
    endloop
  endfacet
  facet normal -1.295228e-01 -4.968559e-01 8.581131e-01
    outer loop
      vertex   -8.646190e+00 2.110657e+01 8.507402e+00
      vertex   -8.546107e+00 2.110764e+01 8.523129e+00
      vertex   -8.639609e+00 2.113032e+01 8.522147e+00
    endloop
  endfacet
  facet normal -1.801856e-01 -4.822975e-01 8.572761e-01
    outer loop
      vertex   -8.646190e+00 2.110657e+01 8.507402e+00
      vertex   -8.639609e+00 2.113032e+01 8.522147e+00
      vertex   -8.739268e+00 2.113890e+01 8.506031e+00
    endloop
  endfacet
  facet normal -1.802010e-01 -4.786651e-01 8.593063e-01
    outer loop
      vertex   -8.739268e+00 2.113890e+01 8.506031e+00
      vertex   -8.639609e+00 2.113032e+01 8.522147e+00
      vertex   -8.730605e+00 2.116206e+01 8.520748e+00
    endloop
  endfacet
  facet normal -2.299558e-01 -4.592424e-01 8.580307e-01
    outer loop
      vertex   -8.739268e+00 2.113890e+01 8.506031e+00
      vertex   -8.730605e+00 2.116206e+01 8.520748e+00
      vertex   -8.829009e+00 2.118007e+01 8.504013e+00
    endloop
  endfacet
  facet normal -2.295554e-01 -4.547193e-01 8.605432e-01
    outer loop
      vertex   -8.829009e+00 2.118007e+01 8.504013e+00
      vertex   -8.730605e+00 2.116206e+01 8.520748e+00
      vertex   -8.818328e+00 2.120247e+01 8.518699e+00
    endloop
  endfacet
  facet normal -2.769613e-01 -4.309765e-01 8.588083e-01
    outer loop
      vertex   -8.829009e+00 2.118007e+01 8.504013e+00
      vertex   -8.818328e+00 2.120247e+01 8.518699e+00
      vertex   -8.914756e+00 2.122951e+01 8.501169e+00
    endloop
  endfacet
  facet normal -2.760098e-01 -4.256721e-01 8.617551e-01
    outer loop
      vertex   -8.914756e+00 2.122951e+01 8.501169e+00
      vertex   -8.818328e+00 2.120247e+01 8.518699e+00
      vertex   -8.902141e+00 2.125099e+01 8.515819e+00
    endloop
  endfacet
  facet normal -3.210585e-01 -3.976856e-01 8.595159e-01
    outer loop
      vertex   -8.914756e+00 2.122951e+01 8.501169e+00
      vertex   -8.902141e+00 2.125099e+01 8.515819e+00
      vertex   -8.995856e+00 2.128665e+01 8.497314e+00
    endloop
  endfacet
  facet normal -3.194526e-01 -3.917427e-01 8.628370e-01
    outer loop
      vertex   -8.995856e+00 2.128665e+01 8.497314e+00
      vertex   -8.902141e+00 2.125099e+01 8.515819e+00
      vertex   -8.981408e+00 2.130706e+01 8.511929e+00
    endloop
  endfacet
  facet normal -3.621533e-01 -3.594857e-01 8.600087e-01
    outer loop
      vertex   -8.995856e+00 2.128665e+01 8.497314e+00
      vertex   -8.981408e+00 2.130706e+01 8.511929e+00
      vertex   -9.071653e+00 2.135094e+01 8.492269e+00
    endloop
  endfacet
  facet normal -3.598244e-01 -3.530710e-01 8.636361e-01
    outer loop
      vertex   -9.071653e+00 2.135094e+01 8.492269e+00
      vertex   -8.981408e+00 2.130706e+01 8.511929e+00
      vertex   -9.055493e+00 2.137013e+01 8.506849e+00
    endloop
  endfacet
  facet normal -4.001539e-01 -3.164225e-01 8.600894e-01
    outer loop
      vertex   -9.071653e+00 2.135094e+01 8.492269e+00
      vertex   -9.055493e+00 2.137013e+01 8.506849e+00
      vertex   -9.141492e+00 2.142181e+01 8.485851e+00
    endloop
  endfacet
  facet normal -3.970682e-01 -3.097188e-01 8.639509e-01
    outer loop
      vertex   -9.141492e+00 2.142181e+01 8.485851e+00
      vertex   -9.055493e+00 2.137013e+01 8.506849e+00
      vertex   -9.123760e+00 2.143966e+01 8.500399e+00
    endloop
  endfacet
  facet normal -4.349257e-01 -2.684871e-01 8.595082e-01
    outer loop
      vertex   -9.141492e+00 2.142181e+01 8.485851e+00
      vertex   -9.123760e+00 2.143966e+01 8.500399e+00
      vertex   -9.204719e+00 2.149871e+01 8.477878e+00
    endloop
  endfacet
  facet normal -4.310843e-01 -2.616856e-01 8.635317e-01
    outer loop
      vertex   -9.204719e+00 2.149871e+01 8.477878e+00
      vertex   -9.123760e+00 2.143966e+01 8.500399e+00
      vertex   -9.185572e+00 2.151509e+01 8.492400e+00
    endloop
  endfacet
  facet normal -4.662528e-01 -2.156457e-01 8.579658e-01
    outer loop
      vertex   -9.204719e+00 2.149871e+01 8.477878e+00
      vertex   -9.185572e+00 2.151509e+01 8.492400e+00
      vertex   -9.260678e+00 2.158107e+01 8.468168e+00
    endloop
  endfacet
  facet normal -4.616900e-01 -2.089396e-01 8.620827e-01
    outer loop
      vertex   -9.260678e+00 2.158107e+01 8.468168e+00
      vertex   -9.185572e+00 2.151509e+01 8.492400e+00
      vertex   -9.240293e+00 2.159587e+01 8.482672e+00
    endloop
  endfacet
  facet normal -4.938049e-01 -1.578858e-01 8.551192e-01
    outer loop
      vertex   -9.260678e+00 2.158107e+01 8.468168e+00
      vertex   -9.240293e+00 2.159587e+01 8.482672e+00
      vertex   -9.308714e+00 2.166833e+01 8.456539e+00
    endloop
  endfacet
  facet normal -4.885870e-01 -1.514622e-01 8.592683e-01
    outer loop
      vertex   -9.308714e+00 2.166833e+01 8.456539e+00
      vertex   -9.240293e+00 2.159587e+01 8.482672e+00
      vertex   -9.287287e+00 2.168144e+01 8.471035e+00
    endloop
  endfacet
  facet normal -5.173177e-01 -9.486386e-02 8.505194e-01
    outer loop
      vertex   -9.308714e+00 2.166833e+01 8.456539e+00
      vertex   -9.287287e+00 2.168144e+01 8.471035e+00
      vertex   -9.348143e+00 2.175960e+01 8.442737e+00
    endloop
  endfacet
  facet normal -5.115668e-01 -8.889625e-02 8.546326e-01
    outer loop
      vertex   -9.348143e+00 2.175960e+01 8.442737e+00
      vertex   -9.287287e+00 2.168144e+01 8.471035e+00
      vertex   -9.325893e+00 2.177095e+01 8.457236e+00
    endloop
  endfacet
  facet normal -5.351053e-01 -2.953918e-02 8.442688e-01
    outer loop
      vertex   -9.348143e+00 2.175960e+01 8.442737e+00
      vertex   -9.325893e+00 2.177095e+01 8.457236e+00
      vertex   -9.378705e+00 2.185361e+01 8.426656e+00
    endloop
  endfacet
  facet normal -5.289978e-01 -2.415317e-02 8.482794e-01
    outer loop
      vertex   -9.378705e+00 2.185361e+01 8.426656e+00
      vertex   -9.325893e+00 2.177095e+01 8.457236e+00
      vertex   -9.355864e+00 2.186316e+01 8.441172e+00
    endloop
  endfacet
  facet normal -5.462257e-01 3.427206e-02 8.369366e-01
    outer loop
      vertex   -9.378705e+00 2.185361e+01 8.426656e+00
      vertex   -9.355864e+00 2.186316e+01 8.441172e+00
      vertex   -9.400532e+00 2.194958e+01 8.408480e+00
    endloop
  endfacet
  facet normal -5.398838e-01 3.902450e-02 8.408345e-01
    outer loop
      vertex   -9.400532e+00 2.194958e+01 8.408480e+00
      vertex   -9.355864e+00 2.186316e+01 8.441172e+00
      vertex   -9.377323e+00 2.195731e+01 8.423024e+00
    endloop
  endfacet
  facet normal -5.513388e-01 9.621040e-02 8.287154e-01
    outer loop
      vertex   -9.400532e+00 2.194958e+01 8.408480e+00
      vertex   -9.377323e+00 2.195731e+01 8.423024e+00
      vertex   -9.413761e+00 2.204675e+01 8.388399e+00
    endloop
  endfacet
  facet normal -5.448708e-01 1.003103e-01 8.324985e-01
    outer loop
      vertex   -9.413761e+00 2.204675e+01 8.388399e+00
      vertex   -9.377323e+00 2.195731e+01 8.423024e+00
      vertex   -9.390398e+00 2.205265e+01 8.402978e+00
    endloop
  endfacet
  facet normal -5.510343e-01 1.561997e-01 8.197334e-01
    outer loop
      vertex   -9.413761e+00 2.204675e+01 8.388399e+00
      vertex   -9.390398e+00 2.205265e+01 8.402978e+00
      vertex   -9.418528e+00 2.214433e+01 8.366600e+00
    endloop
  endfacet
  facet normal -5.445387e-01 1.596484e-01 8.234015e-01
    outer loop
      vertex   -9.418528e+00 2.214433e+01 8.366600e+00
      vertex   -9.390398e+00 2.205265e+01 8.402978e+00
      vertex   -9.395215e+00 2.214843e+01 8.381223e+00
    endloop
  endfacet
  facet normal -5.457778e-01 2.143252e-01 8.100563e-01
    outer loop
      vertex   -9.418528e+00 2.214433e+01 8.366600e+00
      vertex   -9.395215e+00 2.214843e+01 8.381223e+00
      vertex   -9.414970e+00 2.224156e+01 8.343273e+00
    endloop
  endfacet
  facet normal -5.393484e-01 2.171356e-01 8.136064e-01
    outer loop
      vertex   -9.414970e+00 2.224156e+01 8.343273e+00
      vertex   -9.395215e+00 2.214843e+01 8.381223e+00
      vertex   -9.391904e+00 2.224388e+01 8.357944e+00
    endloop
  endfacet
  facet normal -5.358948e-01 2.707667e-01 7.996888e-01
    outer loop
      vertex   -9.414970e+00 2.224156e+01 8.343273e+00
      vertex   -9.391904e+00 2.224388e+01 8.357944e+00
      vertex   -9.403223e+00 2.233766e+01 8.318606e+00
    endloop
  endfacet
  facet normal -5.296273e-01 2.729590e-01 8.031116e-01
    outer loop
      vertex   -9.403223e+00 2.233766e+01 8.318606e+00
      vertex   -9.391904e+00 2.224388e+01 8.357944e+00
      vertex   -9.380590e+00 2.233826e+01 8.333328e+00
    endloop
  endfacet
  facet normal -5.215689e-01 3.257446e-01 7.885787e-01
    outer loop
      vertex   -9.403223e+00 2.233766e+01 8.318606e+00
      vertex   -9.380590e+00 2.233826e+01 8.333328e+00
      vertex   -9.383424e+00 2.243186e+01 8.292786e+00
    endloop
  endfacet
  facet normal -5.155688e-01 3.273451e-01 7.918548e-01
    outer loop
      vertex   -9.383424e+00 2.243186e+01 8.292786e+00
      vertex   -9.380590e+00 2.233826e+01 8.333328e+00
      vertex   -9.361402e+00 2.243081e+01 8.307561e+00
    endloop
  endfacet
  facet normal -5.028494e-01 3.794750e-01 7.766217e-01
    outer loop
      vertex   -9.383424e+00 2.243186e+01 8.292786e+00
      vertex   -9.361402e+00 2.243081e+01 8.307561e+00
      vertex   -9.355710e+00 2.252340e+01 8.266004e+00
    endloop
  endfacet
  facet normal -4.972388e-01 3.805193e-01 7.797170e-01
    outer loop
      vertex   -9.355710e+00 2.252340e+01 8.266004e+00
      vertex   -9.361402e+00 2.243081e+01 8.307561e+00
      vertex   -9.334467e+00 2.252078e+01 8.280831e+00
    endloop
  endfacet
  facet normal -4.796647e-01 4.321317e-01 7.636648e-01
    outer loop
      vertex   -9.355710e+00 2.252340e+01 8.266004e+00
      vertex   -9.334467e+00 2.252078e+01 8.280831e+00
      vertex   -9.320217e+00 2.261150e+01 8.238447e+00
    endloop
  endfacet
  facet normal -4.745891e-01 4.326709e-01 7.665254e-01
    outer loop
      vertex   -9.320217e+00 2.261150e+01 8.238447e+00
      vertex   -9.334467e+00 2.252078e+01 8.280831e+00
      vertex   -9.299913e+00 2.260741e+01 8.253323e+00
    endloop
  endfacet
  facet normal -4.522487e-01 4.829403e-01 7.498265e-01
    outer loop
      vertex   -9.320217e+00 2.261150e+01 8.238447e+00
      vertex   -9.299913e+00 2.260741e+01 8.253323e+00
      vertex   -9.277126e+00 2.269546e+01 8.210358e+00
    endloop
  endfacet
  facet normal -4.477946e-01 4.830540e-01 7.524220e-01
    outer loop
      vertex   -9.277126e+00 2.269546e+01 8.210358e+00
      vertex   -9.299913e+00 2.260741e+01 8.253323e+00
      vertex   -9.257905e+00 2.269004e+01 8.225278e+00
    endloop
  endfacet
  facet normal -4.231292e-01 5.273923e-01 7.367626e-01
    outer loop
      vertex   -9.277126e+00 2.269546e+01 8.210358e+00
      vertex   -9.257905e+00 2.269004e+01 8.225278e+00
      vertex   -9.226897e+00 2.277502e+01 8.182256e+00
    endloop
  endfacet
  facet normal -4.190877e-01 5.271667e-01 7.392299e-01
    outer loop
      vertex   -9.226897e+00 2.277502e+01 8.182256e+00
      vertex   -9.257905e+00 2.269004e+01 8.225278e+00
      vertex   -9.208882e+00 2.276836e+01 8.197213e+00
    endloop
  endfacet
  facet normal 4.579520e-03 7.058614e-01 7.083352e-01
    outer loop
      vertex   -8.350000e+00 2.323618e+01 7.992168e+00
      vertex   -8.350000e+00 2.320439e+01 8.023851e+00
      vertex   -8.255995e+00 2.322043e+01 8.007259e+00
    endloop
  endfacet
  facet normal 1.052030e-02 6.884740e-01 7.251847e-01
    outer loop
      vertex   -8.255995e+00 2.322043e+01 8.007259e+00
      vertex   -8.350000e+00 2.320439e+01 8.023851e+00
      vertex   -8.257918e+00 2.320602e+01 8.020964e+00
    endloop
  endfacet
  facet normal 4.687990e-02 6.852008e-01 7.268439e-01
    outer loop
      vertex   -8.255995e+00 2.322043e+01 8.007259e+00
      vertex   -8.257918e+00 2.320602e+01 8.020964e+00
      vertex   -8.162895e+00 2.320760e+01 8.013348e+00
    endloop
  endfacet
  facet normal 4.689756e-02 6.850082e-01 7.270243e-01
    outer loop
      vertex   -8.162895e+00 2.320760e+01 8.013348e+00
      vertex   -8.257918e+00 2.320602e+01 8.020964e+00
      vertex   -8.166731e+00 2.319334e+01 8.027028e+00
    endloop
  endfacet
  facet normal 7.796753e-02 6.792597e-01 7.297447e-01
    outer loop
      vertex   -8.162895e+00 2.320760e+01 8.013348e+00
      vertex   -8.166731e+00 2.319334e+01 8.027028e+00
      vertex   -8.071604e+00 2.318640e+01 8.023326e+00
    endloop
  endfacet
  facet normal 7.795663e-02 6.789618e-01 7.300230e-01
    outer loop
      vertex   -8.071604e+00 2.318640e+01 8.023326e+00
      vertex   -8.166731e+00 2.319334e+01 8.027028e+00
      vertex   -8.077335e+00 2.317239e+01 8.036966e+00
    endloop
  endfacet
  facet normal 1.087584e-01 6.703039e-01 7.340737e-01
    outer loop
      vertex   -8.071604e+00 2.318640e+01 8.023326e+00
      vertex   -8.077335e+00 2.317239e+01 8.036966e+00
      vertex   -7.982903e+00 2.315714e+01 8.036899e+00
    endloop
  endfacet
  facet normal 1.087018e-01 6.699519e-01 7.344034e-01
    outer loop
      vertex   -7.982903e+00 2.315714e+01 8.036899e+00
      vertex   -8.077335e+00 2.317239e+01 8.036966e+00
      vertex   -7.990503e+00 2.314349e+01 8.050481e+00
    endloop
  endfacet
  facet normal 1.391339e-01 6.583363e-01 7.397534e-01
    outer loop
      vertex   -7.982903e+00 2.315714e+01 8.036899e+00
      vertex   -7.990503e+00 2.314349e+01 8.050481e+00
      vertex   -7.897505e+00 2.312019e+01 8.053723e+00
    endloop
  endfacet
  facet normal 1.390349e-01 6.579869e-01 7.400828e-01
    outer loop
      vertex   -7.897505e+00 2.312019e+01 8.053723e+00
      vertex   -7.990503e+00 2.314349e+01 8.050481e+00
      vertex   -7.906939e+00 2.310699e+01 8.067231e+00
    endloop
  endfacet
  facet normal 1.690452e-01 6.433148e-01 7.467060e-01
    outer loop
      vertex   -7.897505e+00 2.312019e+01 8.053723e+00
      vertex   -7.906939e+00 2.310699e+01 8.067231e+00
      vertex   -7.816101e+00 2.307592e+01 8.073433e+00
    endloop
  endfacet
  facet normal 1.689207e-01 6.430090e-01 7.469974e-01
    outer loop
      vertex   -7.816101e+00 2.307592e+01 8.073433e+00
      vertex   -7.906939e+00 2.310699e+01 8.067231e+00
      vertex   -7.827327e+00 2.306328e+01 8.086849e+00
    endloop
  endfacet
  facet normal 1.982707e-01 6.252437e-01 7.548238e-01
    outer loop
      vertex   -7.816101e+00 2.307592e+01 8.073433e+00
      vertex   -7.827327e+00 2.306328e+01 8.086849e+00
      vertex   -7.739211e+00 2.302478e+01 8.095594e+00
    endloop
  endfacet
  facet normal 1.981654e-01 6.250463e-01 7.550150e-01
    outer loop
      vertex   -7.739211e+00 2.302478e+01 8.095594e+00
      vertex   -7.827327e+00 2.306328e+01 8.086849e+00
      vertex   -7.752178e+00 2.301282e+01 8.108901e+00
    endloop
  endfacet
  facet normal 2.266186e-01 6.041567e-01 7.639625e-01
    outer loop
      vertex   -7.739211e+00 2.302478e+01 8.095594e+00
      vertex   -7.752178e+00 2.301282e+01 8.108901e+00
      vertex   -7.667274e+00 2.296722e+01 8.119777e+00
    endloop
  endfacet
  facet normal 2.266044e-01 6.041354e-01 7.639836e-01
    outer loop
      vertex   -7.667274e+00 2.296722e+01 8.119777e+00
      vertex   -7.752178e+00 2.301282e+01 8.108901e+00
      vertex   -7.681923e+00 2.295605e+01 8.132958e+00
    endloop
  endfacet
  facet normal 2.540540e-01 5.799750e-01 7.740062e-01
    outer loop
      vertex   -7.667274e+00 2.296722e+01 8.119777e+00
      vertex   -7.681923e+00 2.295605e+01 8.132958e+00
      vertex   -7.600731e+00 2.290368e+01 8.145549e+00
    endloop
  endfacet
  facet normal 2.542032e-01 5.801610e-01 7.738178e-01
    outer loop
      vertex   -7.600731e+00 2.290368e+01 8.145549e+00
      vertex   -7.681923e+00 2.295605e+01 8.132958e+00
      vertex   -7.616989e+00 2.289341e+01 8.158588e+00
    endloop
  endfacet
  facet normal 2.805604e-01 5.524807e-01 7.848891e-01
    outer loop
      vertex   -7.600731e+00 2.290368e+01 8.145549e+00
      vertex   -7.616989e+00 2.289341e+01 8.158588e+00
      vertex   -7.540003e+00 2.283459e+01 8.172476e+00
    endloop
  endfacet
  facet normal 2.809354e-01 5.528743e-01 7.844777e-01
    outer loop
      vertex   -7.540003e+00 2.283459e+01 8.172476e+00
      vertex   -7.616989e+00 2.289341e+01 8.158588e+00
      vertex   -7.557794e+00 2.282535e+01 8.185356e+00
    endloop
  endfacet
  facet normal 3.057498e-01 5.217429e-01 7.964304e-01
    outer loop
      vertex   -7.540003e+00 2.283459e+01 8.172476e+00
      vertex   -7.557794e+00 2.282535e+01 8.185356e+00
      vertex   -7.485432e+00 2.276037e+01 8.200143e+00
    endloop
  endfacet
  facet normal 3.064422e-01 5.223612e-01 7.957587e-01
    outer loop
      vertex   -7.485432e+00 2.276037e+01 8.200143e+00
      vertex   -7.557794e+00 2.282535e+01 8.185356e+00
      vertex   -7.504663e+00 2.275230e+01 8.212849e+00
    endloop
  endfacet
  facet normal 3.290962e-01 4.881766e-01 8.083188e-01
    outer loop
      vertex   -7.485432e+00 2.276037e+01 8.200143e+00
      vertex   -7.504663e+00 2.275230e+01 8.212849e+00
      vertex   -7.437346e+00 2.268152e+01 8.228185e+00
    endloop
  endfacet
  facet normal 3.302171e-01 4.890316e-01 8.073443e-01
    outer loop
      vertex   -7.437346e+00 2.268152e+01 8.228185e+00
      vertex   -7.504663e+00 2.275230e+01 8.212849e+00
      vertex   -7.457908e+00 2.267474e+01 8.240706e+00
    endloop
  endfacet
  facet normal 3.505395e-01 4.516431e-01 8.204514e-01
    outer loop
      vertex   -7.437346e+00 2.268152e+01 8.228185e+00
      vertex   -7.457908e+00 2.267474e+01 8.240706e+00
      vertex   -7.396073e+00 2.259853e+01 8.256240e+00
    endloop
  endfacet
  facet normal 3.521905e-01 4.527176e-01 8.191512e-01
    outer loop
      vertex   -7.396073e+00 2.259853e+01 8.256240e+00
      vertex   -7.457908e+00 2.267474e+01 8.240706e+00
      vertex   -7.417841e+00 2.259316e+01 8.268568e+00
    endloop
  endfacet
  facet normal 3.699501e-01 4.119257e-01 8.327389e-01
    outer loop
      vertex   -7.396073e+00 2.259853e+01 8.256240e+00
      vertex   -7.417841e+00 2.259316e+01 8.268568e+00
      vertex   -7.361944e+00 2.251186e+01 8.283946e+00
    endloop
  endfacet
  facet normal 3.722116e-01 4.131729e-01 8.311117e-01
    outer loop
      vertex   -7.361944e+00 2.251186e+01 8.283946e+00
      vertex   -7.417841e+00 2.259316e+01 8.268568e+00
      vertex   -7.384776e+00 2.250804e+01 8.296075e+00
    endloop
  endfacet
  facet normal 3.871019e-01 3.687058e-01 8.451083e-01
    outer loop
      vertex   -7.361944e+00 2.251186e+01 8.283946e+00
      vertex   -7.384776e+00 2.250804e+01 8.296075e+00
      vertex   -7.335297e+00 2.242202e+01 8.310937e+00
    endloop
  endfacet
  facet normal 3.900303e-01 3.700554e-01 8.431698e-01
    outer loop
      vertex   -7.335297e+00 2.242202e+01 8.310937e+00
      vertex   -7.384776e+00 2.250804e+01 8.296075e+00
      vertex   -7.359034e+00 2.241986e+01 8.322864e+00
    endloop
  endfacet
  facet normal 4.016850e-01 3.213435e-01 8.575474e-01
    outer loop
      vertex   -7.335297e+00 2.242202e+01 8.310937e+00
      vertex   -7.359034e+00 2.241986e+01 8.322864e+00
      vertex   -7.316559e+00 2.232950e+01 8.336829e+00
    endloop
  endfacet
  facet normal 4.054380e-01 3.227524e-01 8.552491e-01
    outer loop
      vertex   -7.316559e+00 2.232950e+01 8.336829e+00
      vertex   -7.359034e+00 2.241986e+01 8.322864e+00
      vertex   -7.341013e+00 2.232914e+01 8.348560e+00
    endloop
  endfacet
  facet normal 4.127984e-01 2.727162e-01 8.690359e-01
    outer loop
      vertex   -7.316559e+00 2.232950e+01 8.336829e+00
      vertex   -7.341013e+00 2.232914e+01 8.348560e+00
      vertex   -7.305909e+00 2.223505e+01 8.361412e+00
    endloop
  endfacet
  facet normal 4.173536e-01 2.740602e-01 8.664335e-01
    outer loop
      vertex   -7.305909e+00 2.223505e+01 8.361412e+00
      vertex   -7.341013e+00 2.232914e+01 8.348560e+00
      vertex   -7.330880e+00 2.223658e+01 8.372955e+00
    endloop
  endfacet
  facet normal 4.202711e-01 2.233891e-01 8.794712e-01
    outer loop
      vertex   -7.305909e+00 2.223505e+01 8.361412e+00
      vertex   -7.330880e+00 2.223658e+01 8.372955e+00
      vertex   -7.303452e+00 2.213945e+01 8.384520e+00
    endloop
  endfacet
  facet normal 4.255525e-01 2.245426e-01 8.766331e-01
    outer loop
      vertex   -7.303452e+00 2.213945e+01 8.384520e+00
      vertex   -7.330880e+00 2.223658e+01 8.372955e+00
      vertex   -7.328725e+00 2.214296e+01 8.395890e+00
    endloop
  endfacet
  facet normal 4.239651e-01 1.731032e-01 8.889819e-01
    outer loop
      vertex   -7.303452e+00 2.213945e+01 8.384520e+00
      vertex   -7.328725e+00 2.214296e+01 8.395890e+00
      vertex   -7.309289e+00 2.204350e+01 8.405987e+00
    endloop
  endfacet
  facet normal 4.299152e-01 1.739584e-01 8.859522e-01
    outer loop
      vertex   -7.309289e+00 2.204350e+01 8.405987e+00
      vertex   -7.328725e+00 2.214296e+01 8.395890e+00
      vertex   -7.334640e+00 2.204904e+01 8.417200e+00
    endloop
  endfacet
  facet normal 4.236414e-01 1.216332e-01 8.976265e-01
    outer loop
      vertex   -7.309289e+00 2.204350e+01 8.405987e+00
      vertex   -7.334640e+00 2.204904e+01 8.417200e+00
      vertex   -7.323524e+00 2.194800e+01 8.425646e+00
    endloop
  endfacet
  facet normal 4.302148e-01 1.220893e-01 8.944324e-01
    outer loop
      vertex   -7.323524e+00 2.194800e+01 8.425646e+00
      vertex   -7.334640e+00 2.204904e+01 8.417200e+00
      vertex   -7.348716e+00 2.195561e+01 8.436725e+00
    endloop
  endfacet
  facet normal 4.189572e-01 6.882166e-02 9.053941e-01
    outer loop
      vertex   -7.323524e+00 2.194800e+01 8.425646e+00
      vertex   -7.348716e+00 2.195561e+01 8.436725e+00
      vertex   -7.346260e+00 2.185374e+01 8.443332e+00
    endloop
  endfacet
  facet normal 4.261115e-01 6.877746e-02 9.020524e-01
    outer loop
      vertex   -7.346260e+00 2.185374e+01 8.443332e+00
      vertex   -7.348716e+00 2.195561e+01 8.436725e+00
      vertex   -7.371046e+00 2.186341e+01 8.454303e+00
    endloop
  endfacet
  facet normal 4.094815e-01 1.465368e-02 9.122007e-01
    outer loop
      vertex   -7.346260e+00 2.185374e+01 8.443332e+00
      vertex   -7.371046e+00 2.186341e+01 8.454303e+00
      vertex   -7.377598e+00 2.176153e+01 8.458881e+00
    endloop
  endfacet
  facet normal 4.171621e-01 1.400356e-02 9.087242e-01
    outer loop
      vertex   -7.377598e+00 2.176153e+01 8.458881e+00
      vertex   -7.371046e+00 2.186341e+01 8.454303e+00
      vertex   -7.401721e+00 2.177325e+01 8.469774e+00
    endloop
  endfacet
  facet normal 3.954428e-01 -3.899621e-02 9.176624e-01
    outer loop
      vertex   -7.377598e+00 2.176153e+01 8.458881e+00
      vertex   -7.401721e+00 2.177325e+01 8.469774e+00
      vertex   -7.417453e+00 2.167245e+01 8.472270e+00
    endloop
  endfacet
  facet normal 4.034692e-01 -4.033699e-02 9.141037e-01
    outer loop
      vertex   -7.417453e+00 2.167245e+01 8.472270e+00
      vertex   -7.401721e+00 2.177325e+01 8.469774e+00
      vertex   -7.440657e+00 2.168616e+01 8.483117e+00
    endloop
  endfacet
  facet normal 3.779738e-01 -8.934178e-02 9.214955e-01
    outer loop
      vertex   -7.417453e+00 2.167245e+01 8.472270e+00
      vertex   -7.440657e+00 2.168616e+01 8.483117e+00
      vertex   -7.465329e+00 2.158731e+01 8.483653e+00
    endloop
  endfacet
  facet normal 3.860788e-01 -9.138404e-02 9.179282e-01
    outer loop
      vertex   -7.465329e+00 2.158731e+01 8.483653e+00
      vertex   -7.440657e+00 2.168616e+01 8.483117e+00
      vertex   -7.487381e+00 2.160291e+01 8.494481e+00
    endloop
  endfacet
  facet normal 3.573561e-01 -1.361779e-01 9.239871e-01
    outer loop
      vertex   -7.465329e+00 2.158731e+01 8.483653e+00
      vertex   -7.487381e+00 2.160291e+01 8.494481e+00
      vertex   -7.520678e+00 2.150679e+01 8.493192e+00
    endloop
  endfacet
  facet normal 3.652894e-01 -1.388788e-01 9.204762e-01
    outer loop
      vertex   -7.520678e+00 2.150679e+01 8.493192e+00
      vertex   -7.487381e+00 2.160291e+01 8.494481e+00
      vertex   -7.541365e+00 2.152418e+01 8.504026e+00
    endloop
  endfacet
  facet normal 3.336746e-01 -1.795614e-01 9.254291e-01
    outer loop
      vertex   -7.520678e+00 2.150679e+01 8.493192e+00
      vertex   -7.541365e+00 2.152418e+01 8.504026e+00
      vertex   -7.582954e+00 2.143157e+01 8.501051e+00
    endloop
  endfacet
  facet normal 3.412096e-01 -1.828360e-01 9.220342e-01
    outer loop
      vertex   -7.582954e+00 2.143157e+01 8.501051e+00
      vertex   -7.541365e+00 2.152418e+01 8.504026e+00
      vertex   -7.602083e+00 2.145063e+01 8.511910e+00
    endloop
  endfacet
  facet normal 3.069426e-01 -2.195216e-01 9.260650e-01
    outer loop
      vertex   -7.582954e+00 2.143157e+01 8.501051e+00
      vertex   -7.602083e+00 2.145063e+01 8.511910e+00
      vertex   -7.651609e+00 2.136232e+01 8.507392e+00
    endloop
  endfacet
  facet normal 3.138838e-01 -2.232497e-01 9.228416e-01
    outer loop
      vertex   -7.651609e+00 2.136232e+01 8.507392e+00
      vertex   -7.602083e+00 2.145063e+01 8.511910e+00
      vertex   -7.669008e+00 2.138291e+01 8.518290e+00
    endloop
  endfacet
  facet normal 2.771321e-01 -2.560328e-01 9.260913e-01
    outer loop
      vertex   -7.651609e+00 2.136232e+01 8.507392e+00
      vertex   -7.669008e+00 2.138291e+01 8.518290e+00
      vertex   -7.726096e+00 2.129973e+01 8.512378e+00
    endloop
  endfacet
  facet normal 2.833210e-01 -2.600672e-01 9.230895e-01
    outer loop
      vertex   -7.726096e+00 2.129973e+01 8.512378e+00
      vertex   -7.669008e+00 2.138291e+01 8.518290e+00
      vertex   -7.741613e+00 2.132168e+01 8.523326e+00
    endloop
  endfacet
  facet normal 2.442074e-01 -2.889979e-01 9.256581e-01
    outer loop
      vertex   -7.726096e+00 2.129973e+01 8.512378e+00
      vertex   -7.741613e+00 2.132168e+01 8.523326e+00
      vertex   -7.805867e+00 2.124447e+01 8.516172e+00
    endloop
  endfacet
  facet normal 2.495294e-01 -2.931733e-01 9.229217e-01
    outer loop
      vertex   -7.805867e+00 2.124447e+01 8.516172e+00
      vertex   -7.741613e+00 2.132168e+01 8.523326e+00
      vertex   -7.819373e+00 2.126762e+01 8.527175e+00
    endloop
  endfacet
  facet normal 2.084442e-01 -3.180763e-01 9.248667e-01
    outer loop
      vertex   -7.805867e+00 2.124447e+01 8.516172e+00
      vertex   -7.819373e+00 2.126762e+01 8.527175e+00
      vertex   -7.890349e+00 2.119722e+01 8.518961e+00
    endloop
  endfacet
  facet normal 2.128194e-01 -3.222042e-01 9.224383e-01
    outer loop
      vertex   -7.890349e+00 2.119722e+01 8.518961e+00
      vertex   -7.819373e+00 2.126762e+01 8.527175e+00
      vertex   -7.901735e+00 2.122136e+01 8.530021e+00
    endloop
  endfacet
  facet normal 1.722865e-01 -3.419413e-01 9.237930e-01
    outer loop
      vertex   -7.890349e+00 2.119722e+01 8.518961e+00
      vertex   -7.901735e+00 2.122136e+01 8.530021e+00
      vertex   -7.978711e+00 2.115840e+01 8.521071e+00
    endloop
  endfacet
  facet normal 1.756138e-01 -3.457198e-01 9.217579e-01
    outer loop
      vertex   -7.978711e+00 2.115840e+01 8.521071e+00
      vertex   -7.901735e+00 2.122136e+01 8.530021e+00
      vertex   -7.987894e+00 2.118336e+01 8.532181e+00
    endloop
  endfacet
  facet normal 1.350029e-01 -3.610857e-01 9.227087e-01
    outer loop
      vertex   -7.978711e+00 2.115840e+01 8.521071e+00
      vertex   -7.987894e+00 2.118336e+01 8.532181e+00
      vertex   -8.070144e+00 2.112811e+01 8.522597e+00
    endloop
  endfacet
  facet normal 1.373504e-01 -3.643012e-01 9.210969e-01
    outer loop
      vertex   -8.070144e+00 2.112811e+01 8.522597e+00
      vertex   -7.987894e+00 2.118336e+01 8.532181e+00
      vertex   -8.077058e+00 2.115370e+01 8.533748e+00
    endloop
  endfacet
  facet normal 9.656001e-02 -3.756019e-01 9.217371e-01
    outer loop
      vertex   -8.070144e+00 2.112811e+01 8.522597e+00
      vertex   -8.077058e+00 2.115370e+01 8.533748e+00
      vertex   -8.163868e+00 2.110645e+01 8.523586e+00
    endloop
  endfacet
  facet normal 9.804614e-02 -3.780803e-01 9.205662e-01
    outer loop
      vertex   -8.163868e+00 2.110645e+01 8.523586e+00
      vertex   -8.077058e+00 2.115370e+01 8.533748e+00
      vertex   -8.168464e+00 2.113248e+01 8.534769e+00
    endloop
  endfacet
  facet normal 5.730708e-02 -3.854382e-01 9.209524e-01
    outer loop
      vertex   -8.163868e+00 2.110645e+01 8.523586e+00
      vertex   -8.168464e+00 2.113248e+01 8.534769e+00
      vertex   -8.259105e+00 2.109349e+01 8.524087e+00
    endloop
  endfacet
  facet normal 5.807311e-02 -3.870232e-01 9.202394e-01
    outer loop
      vertex   -8.259105e+00 2.109349e+01 8.524087e+00
      vertex   -8.168464e+00 2.113248e+01 8.534769e+00
      vertex   -8.261351e+00 2.111979e+01 8.535290e+00
    endloop
  endfacet
  facet normal 1.756889e-02 -3.905559e-01 9.204115e-01
    outer loop
      vertex   -8.259105e+00 2.109349e+01 8.524087e+00
      vertex   -8.261351e+00 2.111979e+01 8.535290e+00
      vertex   -8.355076e+00 2.108931e+01 8.524146e+00
    endloop
  endfacet
  facet normal 1.777870e-02 -3.911132e-01 9.201709e-01
    outer loop
      vertex   -8.355076e+00 2.108931e+01 8.524146e+00
      vertex   -8.261351e+00 2.111979e+01 8.535290e+00
      vertex   -8.354957e+00 2.111569e+01 8.535358e+00
    endloop
  endfacet
  facet normal -2.233077e-02 -3.909234e-01 9.201523e-01
    outer loop
      vertex   -8.355076e+00 2.108931e+01 8.524146e+00
      vertex   -8.354957e+00 2.111569e+01 8.535358e+00
      vertex   -8.451003e+00 2.109400e+01 8.523811e+00
    endloop
  endfacet
  facet normal -2.249050e-02 -3.903448e-01 9.203940e-01
    outer loop
      vertex   -8.451003e+00 2.109400e+01 8.523811e+00
      vertex   -8.354957e+00 2.111569e+01 8.535358e+00
      vertex   -8.448518e+00 2.112028e+01 8.535018e+00
    endloop
  endfacet
  facet normal -6.204508e-02 -3.865186e-01 9.201922e-01
    outer loop
      vertex   -8.451003e+00 2.109400e+01 8.523811e+00
      vertex   -8.448518e+00 2.112028e+01 8.535018e+00
      vertex   -8.546107e+00 2.110764e+01 8.523129e+00
    endloop
  endfacet
  facet normal -6.236554e-02 -3.847291e-01 9.209202e-01
    outer loop
      vertex   -8.546107e+00 2.110764e+01 8.523129e+00
      vertex   -8.448518e+00 2.112028e+01 8.535018e+00
      vertex   -8.541274e+00 2.113364e+01 8.534317e+00
    endloop
  endfacet
  facet normal -1.011918e-01 -3.773420e-01 9.205288e-01
    outer loop
      vertex   -8.546107e+00 2.110764e+01 8.523129e+00
      vertex   -8.541274e+00 2.113364e+01 8.534317e+00
      vertex   -8.639609e+00 2.113032e+01 8.522147e+00
    endloop
  endfacet
  facet normal -1.014441e-01 -3.743069e-01 9.217393e-01
    outer loop
      vertex   -8.639609e+00 2.113032e+01 8.522147e+00
      vertex   -8.541274e+00 2.113364e+01 8.534317e+00
      vertex   -8.632460e+00 2.115585e+01 8.533301e+00
    endloop
  endfacet
  facet normal -1.407986e-01 -3.630032e-01 9.210887e-01
    outer loop
      vertex   -8.639609e+00 2.113032e+01 8.522147e+00
      vertex   -8.632460e+00 2.115585e+01 8.533301e+00
      vertex   -8.730605e+00 2.116206e+01 8.520748e+00
    endloop
  endfacet
  facet normal -1.407443e-01 -3.588299e-01 9.227308e-01
    outer loop
      vertex   -8.730605e+00 2.116206e+01 8.520748e+00
      vertex   -8.632460e+00 2.115585e+01 8.533301e+00
      vertex   -8.721189e+00 2.118693e+01 8.531856e+00
    endloop
  endfacet
  facet normal -1.798020e-01 -3.436014e-01 9.217425e-01
    outer loop
      vertex   -8.730605e+00 2.116206e+01 8.520748e+00
      vertex   -8.721189e+00 2.118693e+01 8.531856e+00
      vertex   -8.818328e+00 2.120247e+01 8.518699e+00
    endloop
  endfacet
  facet normal -1.792508e-01 -3.384531e-01 9.237525e-01
    outer loop
      vertex   -8.818328e+00 2.120247e+01 8.518699e+00
      vertex   -8.721189e+00 2.118693e+01 8.531856e+00
      vertex   -8.806712e+00 2.122649e+01 8.529752e+00
    endloop
  endfacet
  facet normal -2.167477e-01 -3.196931e-01 9.223973e-01
    outer loop
      vertex   -8.818328e+00 2.120247e+01 8.518699e+00
      vertex   -8.806712e+00 2.122649e+01 8.529752e+00
      vertex   -8.902141e+00 2.125099e+01 8.515819e+00
    endloop
  endfacet
  facet normal -2.155552e-01 -3.137259e-01 9.247227e-01
    outer loop
      vertex   -8.902141e+00 2.125099e+01 8.515819e+00
      vertex   -8.806712e+00 2.122649e+01 8.529752e+00
      vertex   -8.888414e+00 2.127396e+01 8.526814e+00
    endloop
  endfacet
  facet normal -2.514483e-01 -2.914357e-01 9.229512e-01
    outer loop
      vertex   -8.902141e+00 2.125099e+01 8.515819e+00
      vertex   -8.888414e+00 2.127396e+01 8.526814e+00
      vertex   -8.981408e+00 2.130706e+01 8.511929e+00
    endloop
  endfacet
  facet normal -2.495145e-01 -2.848413e-01 9.255312e-01
    outer loop
      vertex   -8.981408e+00 2.130706e+01 8.511929e+00
      vertex   -8.888414e+00 2.127396e+01 8.526814e+00
      vertex   -8.965680e+00 2.132883e+01 8.522868e+00
    endloop
  endfacet
  facet normal -2.837763e-01 -2.589473e-01 9.232645e-01
    outer loop
      vertex   -8.981408e+00 2.130706e+01 8.511929e+00
      vertex   -8.965680e+00 2.132883e+01 8.522868e+00
      vertex   -9.055493e+00 2.137013e+01 8.506849e+00
    endloop
  endfacet
  facet normal -2.810479e-01 -2.519414e-01 9.260333e-01
    outer loop
      vertex   -9.055493e+00 2.137013e+01 8.506849e+00
      vertex   -8.965680e+00 2.132883e+01 8.522868e+00
      vertex   -9.037897e+00 2.139053e+01 8.517739e+00
    endloop
  endfacet
  facet normal -3.136272e-01 -2.222998e-01 9.231581e-01
    outer loop
      vertex   -9.055493e+00 2.137013e+01 8.506849e+00
      vertex   -9.037897e+00 2.139053e+01 8.517739e+00
      vertex   -9.123760e+00 2.143966e+01 8.500399e+00
    endloop
  endfacet
  facet normal -3.100975e-01 -2.151111e-01 9.260490e-01
    outer loop
      vertex   -9.123760e+00 2.143966e+01 8.500399e+00
      vertex   -9.037897e+00 2.139053e+01 8.517739e+00
      vertex   -9.104448e+00 2.145854e+01 8.511250e+00
    endloop
  endfacet
  facet normal -3.408829e-01 -1.815239e-01 9.224142e-01
    outer loop
      vertex   -9.123760e+00 2.143966e+01 8.500399e+00
      vertex   -9.104448e+00 2.145854e+01 8.511250e+00
      vertex   -9.185572e+00 2.151509e+01 8.492400e+00
    endloop
  endfacet
  facet normal -3.365908e-01 -1.743841e-01 9.253631e-01
    outer loop
      vertex   -9.185572e+00 2.151509e+01 8.492400e+00
      vertex   -9.104448e+00 2.145854e+01 8.511250e+00
      vertex   -9.164721e+00 2.153231e+01 8.503228e+00
    endloop
  endfacet
  facet normal -3.653790e-01 -1.366274e-01 9.207775e-01
    outer loop
      vertex   -9.185572e+00 2.151509e+01 8.492400e+00
      vertex   -9.164721e+00 2.153231e+01 8.503228e+00
      vertex   -9.240293e+00 2.159587e+01 8.482672e+00
    endloop
  endfacet
  facet normal -3.604057e-01 -1.297611e-01 9.237260e-01
    outer loop
      vertex   -9.240293e+00 2.159587e+01 8.482672e+00
      vertex   -9.164721e+00 2.153231e+01 8.503228e+00
      vertex   -9.218099e+00 2.161129e+01 8.493498e+00
    endloop
  endfacet
  facet normal -3.868744e-01 -8.762516e-02 9.179597e-01
    outer loop
      vertex   -9.240293e+00 2.159587e+01 8.482672e+00
      vertex   -9.218099e+00 2.161129e+01 8.493498e+00
      vertex   -9.287287e+00 2.168144e+01 8.471035e+00
    endloop
  endfacet
  facet normal -3.813404e-01 -8.123913e-02 9.208581e-01
    outer loop
      vertex   -9.287287e+00 2.168144e+01 8.471035e+00
      vertex   -9.218099e+00 2.161129e+01 8.493498e+00
      vertex   -9.263969e+00 2.169496e+01 8.481884e+00
    endloop
  endfacet
  facet normal -4.053221e-01 -3.398873e-02 9.135419e-01
    outer loop
      vertex   -9.287287e+00 2.168144e+01 8.471035e+00
      vertex   -9.263969e+00 2.169496e+01 8.481884e+00
      vertex   -9.325893e+00 2.177095e+01 8.457236e+00
    endloop
  endfacet
  facet normal -3.994344e-01 -2.828823e-02 9.163252e-01
    outer loop
      vertex   -9.325893e+00 2.177095e+01 8.457236e+00
      vertex   -9.263969e+00 2.169496e+01 8.481884e+00
      vertex   -9.301699e+00 2.178247e+01 8.468138e+00
    endloop
  endfacet
  facet normal -4.193411e-01 2.181675e-02 9.075666e-01
    outer loop
      vertex   -9.325893e+00 2.177095e+01 8.457236e+00
      vertex   -9.301699e+00 2.178247e+01 8.468138e+00
      vertex   -9.355864e+00 2.186316e+01 8.441172e+00
    endloop
  endfacet
  facet normal -4.133599e-01 2.670365e-02 9.101761e-01
    outer loop
      vertex   -9.355864e+00 2.186316e+01 8.441172e+00
      vertex   -9.301699e+00 2.178247e+01 8.468138e+00
      vertex   -9.331058e+00 2.187265e+01 8.452159e+00
    endloop
  endfacet
  facet normal -4.279775e-01 7.604714e-02 9.005843e-01
    outer loop
      vertex   -9.355864e+00 2.186316e+01 8.441172e+00
      vertex   -9.331058e+00 2.187265e+01 8.452159e+00
      vertex   -9.377323e+00 2.195731e+01 8.423024e+00
    endloop
  endfacet
  facet normal -4.220287e-01 8.014052e-02 9.030334e-01
    outer loop
      vertex   -9.377323e+00 2.195731e+01 8.423024e+00
      vertex   -9.331058e+00 2.187265e+01 8.452159e+00
      vertex   -9.352156e+00 2.196475e+01 8.434125e+00
    endloop
  endfacet
  facet normal -4.317901e-01 1.284912e-01 8.927751e-01
    outer loop
      vertex   -9.377323e+00 2.195731e+01 8.423024e+00
      vertex   -9.352156e+00 2.196475e+01 8.434125e+00
      vertex   -9.390398e+00 2.205265e+01 8.402978e+00
    endloop
  endfacet
  facet normal -4.259761e-01 1.318364e-01 8.950774e-01
    outer loop
      vertex   -9.390398e+00 2.205265e+01 8.402978e+00
      vertex   -9.352156e+00 2.196475e+01 8.434125e+00
      vertex   -9.365110e+00 2.205805e+01 8.414218e+00
    endloop
  endfacet
  facet normal -4.312638e-01 1.791703e-01 8.842565e-01
    outer loop
      vertex   -9.390398e+00 2.205265e+01 8.402978e+00
      vertex   -9.365110e+00 2.205805e+01 8.414218e+00
      vertex   -9.395215e+00 2.214843e+01 8.381223e+00
    endloop
  endfacet
  facet normal -4.256723e-01 1.818233e-01 8.864217e-01
    outer loop
      vertex   -9.395215e+00 2.214843e+01 8.381223e+00
      vertex   -9.365110e+00 2.205805e+01 8.414218e+00
      vertex   -9.370036e+00 2.215181e+01 8.392621e+00
    endloop
  endfacet
  facet normal -4.267714e-01 2.282242e-01 8.750885e-01
    outer loop
      vertex   -9.395215e+00 2.214843e+01 8.381223e+00
      vertex   -9.370036e+00 2.215181e+01 8.392621e+00
      vertex   -9.391904e+00 2.224388e+01 8.357944e+00
    endloop
  endfacet
  facet normal -4.214849e-01 2.302446e-01 8.771191e-01
    outer loop
      vertex   -9.391904e+00 2.224388e+01 8.357944e+00
      vertex   -9.370036e+00 2.215181e+01 8.392621e+00
      vertex   -9.367047e+00 2.224529e+01 8.369517e+00
    endloop
  endfacet
  facet normal -4.185684e-01 2.758597e-01 8.652756e-01
    outer loop
      vertex   -9.391904e+00 2.224388e+01 8.357944e+00
      vertex   -9.367047e+00 2.224529e+01 8.369517e+00
      vertex   -9.380590e+00 2.233826e+01 8.333328e+00
    endloop
  endfacet
  facet normal -4.136740e-01 2.773080e-01 8.671644e-01
    outer loop
      vertex   -9.380590e+00 2.233826e+01 8.333328e+00
      vertex   -9.367047e+00 2.224529e+01 8.369517e+00
      vertex   -9.356261e+00 2.233778e+01 8.345087e+00
    endloop
  endfacet
  facet normal -4.067973e-01 3.223102e-01 8.547702e-01
    outer loop
      vertex   -9.380590e+00 2.233826e+01 8.333328e+00
      vertex   -9.356261e+00 2.233778e+01 8.345087e+00
      vertex   -9.361402e+00 2.243081e+01 8.307561e+00
    endloop
  endfacet
  facet normal -4.023965e-01 3.232498e-01 8.564967e-01
    outer loop
      vertex   -9.361402e+00 2.243081e+01 8.307561e+00
      vertex   -9.356261e+00 2.233778e+01 8.345087e+00
      vertex   -9.337792e+00 2.242853e+01 8.319515e+00
    endloop
  endfacet
  facet normal -3.914973e-01 3.678053e-01 8.434744e-01
    outer loop
      vertex   -9.361402e+00 2.243081e+01 8.307561e+00
      vertex   -9.337792e+00 2.242853e+01 8.319515e+00
      vertex   -9.334467e+00 2.252078e+01 8.280831e+00
    endloop
  endfacet
  facet normal -3.877162e-01 3.683087e-01 8.449999e-01
    outer loop
      vertex   -9.334467e+00 2.252078e+01 8.280831e+00
      vertex   -9.337792e+00 2.242853e+01 8.319515e+00
      vertex   -9.311757e+00 2.251681e+01 8.292982e+00
    endloop
  endfacet
  facet normal -3.726178e-01 4.125475e-01 8.312403e-01
    outer loop
      vertex   -9.334467e+00 2.252078e+01 8.280831e+00
      vertex   -9.311757e+00 2.251681e+01 8.292982e+00
      vertex   -9.299913e+00 2.260741e+01 8.253323e+00
    endloop
  endfacet
  facet normal -3.696152e-01 4.127068e-01 8.325009e-01
    outer loop
      vertex   -9.299913e+00 2.260741e+01 8.253323e+00
      vertex   -9.311757e+00 2.251681e+01 8.292982e+00
      vertex   -9.278269e+00 2.260189e+01 8.265672e+00
    endloop
  endfacet
  facet normal -3.504171e-01 4.558617e-01 8.181675e-01
    outer loop
      vertex   -9.299913e+00 2.260741e+01 8.253323e+00
      vertex   -9.278269e+00 2.260189e+01 8.265672e+00
      vertex   -9.257905e+00 2.269004e+01 8.225278e+00
    endloop
  endfacet
  facet normal -3.482576e-01 4.558007e-01 8.191230e-01
    outer loop
      vertex   -9.257905e+00 2.269004e+01 8.225278e+00
      vertex   -9.278269e+00 2.260189e+01 8.265672e+00
      vertex   -9.237480e+00 2.268310e+01 8.237820e+00
    endloop
  endfacet
  facet normal -3.272642e-01 4.935473e-01 8.057972e-01
    outer loop
      vertex   -9.257905e+00 2.269004e+01 8.225278e+00
      vertex   -9.237480e+00 2.268310e+01 8.237820e+00
      vertex   -9.208882e+00 2.276836e+01 8.197213e+00
    endloop
  endfacet
  facet normal -3.255473e-01 4.933578e-01 8.066084e-01
    outer loop
      vertex   -9.208882e+00 2.276836e+01 8.197213e+00
      vertex   -9.237480e+00 2.268310e+01 8.237820e+00
      vertex   -9.189791e+00 2.276016e+01 8.209936e+00
    endloop
  endfacet
  facet normal 1.388799e-02 6.130453e-01 7.899257e-01
    outer loop
      vertex   -8.257918e+00 2.320602e+01 8.020964e+00
      vertex   -8.350000e+00 2.320439e+01 8.023851e+00
      vertex   -8.259892e+00 2.319033e+01 8.033175e+00
    endloop
  endfacet
  facet normal -5.046673e-03 5.301197e-01 8.479078e-01
    outer loop
      vertex   -8.259892e+00 2.319033e+01 8.033175e+00
      vertex   -8.350000e+00 2.320439e+01 8.023851e+00
      vertex   -8.350000e+00 2.316633e+01 8.047646e+00
    endloop
  endfacet
  facet normal 4.690119e-03 5.033218e-01 8.640863e-01
    outer loop
      vertex   -8.259892e+00 2.319033e+01 8.033175e+00
      vertex   -8.350000e+00 2.316633e+01 8.047646e+00
      vertex   -8.255230e+00 2.316139e+01 8.050006e+00
    endloop
  endfacet
  facet normal 1.268288e-02 5.042484e-01 8.634655e-01
    outer loop
      vertex   -8.259892e+00 2.319033e+01 8.033175e+00
      vertex   -8.255230e+00 2.316139e+01 8.050006e+00
      vertex   -8.170672e+00 2.317779e+01 8.039188e+00
    endloop
  endfacet
  facet normal 1.386728e-02 4.998238e-01 8.660161e-01
    outer loop
      vertex   -8.170672e+00 2.317779e+01 8.039188e+00
      vertex   -8.255230e+00 2.316139e+01 8.050006e+00
      vertex   -8.161603e+00 2.314669e+01 8.056989e+00
    endloop
  endfacet
  facet normal 2.132975e-02 5.013936e-01 8.649564e-01
    outer loop
      vertex   -8.170672e+00 2.317779e+01 8.039188e+00
      vertex   -8.161603e+00 2.314669e+01 8.056989e+00
      vertex   -8.083229e+00 2.315707e+01 8.049041e+00
    endloop
  endfacet
  facet normal 2.267395e-02 4.943250e-01 8.689814e-01
    outer loop
      vertex   -8.083229e+00 2.315707e+01 8.049041e+00
      vertex   -8.161603e+00 2.314669e+01 8.056989e+00
      vertex   -8.070247e+00 2.312248e+01 8.068383e+00
    endloop
  endfacet
  facet normal 3.015370e-02 4.963564e-01 8.675950e-01
    outer loop
      vertex   -8.083229e+00 2.315707e+01 8.049041e+00
      vertex   -8.070247e+00 2.312248e+01 8.068383e+00
      vertex   -7.998325e+00 2.312850e+01 8.062438e+00
    endloop
  endfacet
  facet normal 3.138802e-02 4.868654e-01 8.729129e-01
    outer loop
      vertex   -7.998325e+00 2.312850e+01 8.062438e+00
      vertex   -8.070247e+00 2.312248e+01 8.068383e+00
      vertex   -7.982109e+00 2.308919e+01 8.083779e+00
    endloop
  endfacet
  facet normal 3.890666e-02 4.891182e-01 8.713493e-01
    outer loop
      vertex   -7.998325e+00 2.312850e+01 8.062438e+00
      vertex   -7.982109e+00 2.308919e+01 8.083779e+00
      vertex   -7.916661e+00 2.309243e+01 8.079036e+00
    endloop
  endfacet
  facet normal 3.993713e-02 4.775846e-01 8.776776e-01
    outer loop
      vertex   -7.916661e+00 2.309243e+01 8.079036e+00
      vertex   -7.982109e+00 2.308919e+01 8.083779e+00
      vertex   -7.898083e+00 2.304733e+01 8.102735e+00
    endloop
  endfacet
  facet normal 4.741556e-02 4.798260e-01 8.760815e-01
    outer loop
      vertex   -7.916661e+00 2.309243e+01 8.079036e+00
      vertex   -7.898083e+00 2.304733e+01 8.102735e+00
      vertex   -7.838911e+00 2.304926e+01 8.098470e+00
    endloop
  endfacet
  facet normal 4.837253e-02 4.663983e-01 8.832512e-01
    outer loop
      vertex   -7.838911e+00 2.304926e+01 8.098470e+00
      vertex   -7.898083e+00 2.304733e+01 8.102735e+00
      vertex   -7.818958e+00 2.299745e+01 8.124737e+00
    endloop
  endfacet
  facet normal 5.560966e-02 4.684250e-01 8.817514e-01
    outer loop
      vertex   -7.838911e+00 2.304926e+01 8.098470e+00
      vertex   -7.818958e+00 2.299745e+01 8.124737e+00
      vertex   -7.765580e+00 2.299945e+01 8.120308e+00
    endloop
  endfacet
  facet normal 5.680819e-02 4.534871e-01 8.894505e-01
    outer loop
      vertex   -7.765580e+00 2.299945e+01 8.120308e+00
      vertex   -7.818958e+00 2.299745e+01 8.124737e+00
      vertex   -7.745289e+00 2.294019e+01 8.149229e+00
    endloop
  endfacet
  facet normal 6.332387e-02 4.551006e-01 8.881855e-01
    outer loop
      vertex   -7.765580e+00 2.299945e+01 8.120308e+00
      vertex   -7.745289e+00 2.294019e+01 8.149229e+00
      vertex   -7.697086e+00 2.294345e+01 8.144121e+00
    endloop
  endfacet
  facet normal 6.527100e-02 4.388540e-01 8.961846e-01
    outer loop
      vertex   -7.697086e+00 2.294345e+01 8.144121e+00
      vertex   -7.745289e+00 2.294019e+01 8.149229e+00
      vertex   -7.677602e+00 2.287614e+01 8.175661e+00
    endloop
  endfacet
  facet normal 7.051079e-02 4.399360e-01 8.952567e-01
    outer loop
      vertex   -7.697086e+00 2.294345e+01 8.144121e+00
      vertex   -7.677602e+00 2.287614e+01 8.175661e+00
      vertex   -7.633851e+00 2.288171e+01 8.169480e+00
    endloop
  endfacet
  facet normal 7.390148e-02 4.223483e-01 9.034160e-01
    outer loop
      vertex   -7.633851e+00 2.288171e+01 8.169480e+00
      vertex   -7.677602e+00 2.287614e+01 8.175661e+00
      vertex   -7.616417e+00 2.280593e+01 8.203481e+00
    endloop
  endfacet
  facet normal 7.718776e-02 4.228713e-01 9.028964e-01
    outer loop
      vertex   -7.633851e+00 2.288171e+01 8.169480e+00
      vertex   -7.616417e+00 2.280593e+01 8.203481e+00
      vertex   -7.576280e+00 2.281468e+01 8.195951e+00
    endloop
  endfacet
  facet normal 8.283339e-02 4.039649e-01 9.110165e-01
    outer loop
      vertex   -7.576280e+00 2.281468e+01 8.195951e+00
      vertex   -7.616417e+00 2.280593e+01 8.203481e+00
      vertex   -7.562141e+00 2.273014e+01 8.232152e+00
    endloop
  endfacet
  facet normal 8.299294e-02 4.039821e-01 9.109943e-01
    outer loop
      vertex   -7.576280e+00 2.281468e+01 8.195951e+00
      vertex   -7.562141e+00 2.273014e+01 8.232152e+00
      vertex   -7.524685e+00 2.274280e+01 8.223125e+00
    endloop
  endfacet
  facet normal 9.154942e-02 3.841713e-01 9.187116e-01
    outer loop
      vertex   -7.524685e+00 2.274280e+01 8.223125e+00
      vertex   -7.562141e+00 2.273014e+01 8.232152e+00
      vertex   -7.515112e+00 2.264941e+01 8.261222e+00
    endloop
  endfacet
  facet normal 8.777672e-02 3.839692e-01 9.191642e-01
    outer loop
      vertex   -7.524685e+00 2.274280e+01 8.223125e+00
      vertex   -7.515112e+00 2.264941e+01 8.261222e+00
      vertex   -7.479360e+00 2.266656e+01 8.250645e+00
    endloop
  endfacet
  facet normal 9.852005e-02 3.655219e-01 9.255742e-01
    outer loop
      vertex   -7.479360e+00 2.266656e+01 8.250645e+00
      vertex   -7.515112e+00 2.264941e+01 8.261222e+00
      vertex   -7.440597e+00 2.258644e+01 8.278159e+00
    endloop
  endfacet
  facet normal 2.450053e-01 4.188174e-01 8.743937e-01
    outer loop
      vertex   -7.479360e+00 2.266656e+01 8.250645e+00
      vertex   -7.440597e+00 2.258644e+01 8.278159e+00
      vertex   -7.417841e+00 2.259316e+01 8.268568e+00
    endloop
  endfacet
  facet normal 2.590103e-01 3.866485e-01 8.851083e-01
    outer loop
      vertex   -7.417841e+00 2.259316e+01 8.268568e+00
      vertex   -7.440597e+00 2.258644e+01 8.278159e+00
      vertex   -7.384776e+00 2.250804e+01 8.296075e+00
    endloop
  endfacet
  facet normal 9.348880e-02 3.602624e-01 9.281546e-01
    outer loop
      vertex   -7.515112e+00 2.264941e+01 8.261222e+00
      vertex   -7.475669e+00 2.256439e+01 8.290252e+00
      vertex   -7.440597e+00 2.258644e+01 8.278159e+00
    endloop
  endfacet
  facet normal 1.055778e-01 3.437519e-01 9.331066e-01
    outer loop
      vertex   -7.440597e+00 2.258644e+01 8.278159e+00
      vertex   -7.475669e+00 2.256439e+01 8.290252e+00
      vertex   -7.408692e+00 2.250294e+01 8.305313e+00
    endloop
  endfacet
  facet normal 2.593179e-01 3.868289e-01 8.849394e-01
    outer loop
      vertex   -7.440597e+00 2.258644e+01 8.278159e+00
      vertex   -7.408692e+00 2.250294e+01 8.305313e+00
      vertex   -7.384776e+00 2.250804e+01 8.296075e+00
    endloop
  endfacet
  facet normal 2.711730e-01 3.514305e-01 8.960814e-01
    outer loop
      vertex   -7.384776e+00 2.250804e+01 8.296075e+00
      vertex   -7.408692e+00 2.250294e+01 8.305313e+00
      vertex   -7.359034e+00 2.241986e+01 8.322864e+00
    endloop
  endfacet
  facet normal 9.797742e-02 3.363326e-01 9.366327e-01
    outer loop
      vertex   -7.475669e+00 2.256439e+01 8.290252e+00
      vertex   -7.444150e+00 2.247571e+01 8.318799e+00
      vertex   -7.408692e+00 2.250294e+01 8.305313e+00
    endloop
  endfacet
  facet normal 1.121471e-01 3.199327e-01 9.407795e-01
    outer loop
      vertex   -7.408692e+00 2.250294e+01 8.305313e+00
      vertex   -7.444150e+00 2.247571e+01 8.318799e+00
      vertex   -7.383944e+00 2.241652e+01 8.331750e+00
    endloop
  endfacet
  facet normal 2.722075e-01 3.519403e-01 8.955675e-01
    outer loop
      vertex   -7.408692e+00 2.250294e+01 8.305313e+00
      vertex   -7.383944e+00 2.241652e+01 8.331750e+00
      vertex   -7.359034e+00 2.241986e+01 8.322864e+00
    endloop
  endfacet
  facet normal 2.815720e-01 3.128378e-01 9.071106e-01
    outer loop
      vertex   -7.359034e+00 2.241986e+01 8.322864e+00
      vertex   -7.383944e+00 2.241652e+01 8.331750e+00
      vertex   -7.341013e+00 2.232914e+01 8.348560e+00
    endloop
  endfacet
  facet normal 1.018385e-01 3.103997e-01 9.451354e-01
    outer loop
      vertex   -7.444150e+00 2.247571e+01 8.318799e+00
      vertex   -7.420915e+00 2.238400e+01 8.346412e+00
      vertex   -7.383944e+00 2.241652e+01 8.331750e+00
    endloop
  endfacet
  facet normal 1.179578e-01 2.936396e-01 9.486104e-01
    outer loop
      vertex   -7.383944e+00 2.241652e+01 8.331750e+00
      vertex   -7.420915e+00 2.238400e+01 8.346412e+00
      vertex   -7.366723e+00 2.232770e+01 8.357102e+00
    endloop
  endfacet
  facet normal 2.835727e-01 3.136470e-01 9.062075e-01
    outer loop
      vertex   -7.383944e+00 2.241652e+01 8.331750e+00
      vertex   -7.366723e+00 2.232770e+01 8.357102e+00
      vertex   -7.341013e+00 2.232914e+01 8.348560e+00
    endloop
  endfacet
  facet normal 2.894972e-01 2.734646e-01 9.172832e-01
    outer loop
      vertex   -7.341013e+00 2.232914e+01 8.348560e+00
      vertex   -7.366723e+00 2.232770e+01 8.357102e+00
      vertex   -7.330880e+00 2.223658e+01 8.372955e+00
    endloop
  endfacet
  facet normal 1.058670e-01 2.828908e-01 9.532917e-01
    outer loop
      vertex   -7.420915e+00 2.238400e+01 8.346412e+00
      vertex   -7.406321e+00 2.228998e+01 8.372694e+00
      vertex   -7.366723e+00 2.232770e+01 8.357102e+00
    endloop
  endfacet
  facet normal 1.220021e-01 2.670445e-01 9.559303e-01
    outer loop
      vertex   -7.366723e+00 2.232770e+01 8.357102e+00
      vertex   -7.406321e+00 2.228998e+01 8.372694e+00
      vertex   -7.357175e+00 2.223718e+01 8.381172e+00
    endloop
  endfacet
  facet normal 2.924751e-01 2.744218e-01 9.160519e-01
    outer loop
      vertex   -7.366723e+00 2.232770e+01 8.357102e+00
      vertex   -7.357175e+00 2.223718e+01 8.381172e+00
      vertex   -7.330880e+00 2.223658e+01 8.372955e+00
    endloop
  endfacet
  facet normal 2.948249e-01 2.337537e-01 9.265190e-01
    outer loop
      vertex   -7.330880e+00 2.223658e+01 8.372955e+00
      vertex   -7.357175e+00 2.223718e+01 8.381172e+00
      vertex   -7.328725e+00 2.214296e+01 8.395890e+00
    endloop
  endfacet
  facet normal 1.090107e-01 2.557011e-01 9.605902e-01
    outer loop
      vertex   -7.406321e+00 2.228998e+01 8.372694e+00
      vertex   -7.400467e+00 2.219452e+01 8.397441e+00
      vertex   -7.357175e+00 2.223718e+01 8.381172e+00
    endloop
  endfacet
  facet normal 1.246719e-01 2.405705e-01 9.625917e-01
    outer loop
      vertex   -7.357175e+00 2.223718e+01 8.381172e+00
      vertex   -7.400467e+00 2.219452e+01 8.397441e+00
      vertex   -7.355377e+00 2.214568e+01 8.403805e+00
    endloop
  endfacet
  facet normal 2.987221e-01 2.346981e-01 9.250308e-01
    outer loop
      vertex   -7.357175e+00 2.223718e+01 8.381172e+00
      vertex   -7.355377e+00 2.214568e+01 8.403805e+00
      vertex   -7.328725e+00 2.214296e+01 8.395890e+00
    endloop
  endfacet
  facet normal 2.974459e-01 1.934179e-01 9.349414e-01
    outer loop
      vertex   -7.328725e+00 2.214296e+01 8.395890e+00
      vertex   -7.355377e+00 2.214568e+01 8.403805e+00
      vertex   -7.334640e+00 2.204904e+01 8.417200e+00
    endloop
  endfacet
  facet normal 1.110480e-01 2.285878e-01 9.671691e-01
    outer loop
      vertex   -7.400467e+00 2.219452e+01 8.397441e+00
      vertex   -7.403423e+00 2.209852e+01 8.420469e+00
      vertex   -7.355377e+00 2.214568e+01 8.403805e+00
    endloop
  endfacet
  facet normal 1.259623e-01 2.139332e-01 9.686930e-01
    outer loop
      vertex   -7.355377e+00 2.214568e+01 8.403805e+00
      vertex   -7.403423e+00 2.209852e+01 8.420469e+00
      vertex   -7.361409e+00 2.205397e+01 8.424845e+00
    endloop
  endfacet
  facet normal 3.022268e-01 1.942084e-01 9.332428e-01
    outer loop
      vertex   -7.355377e+00 2.214568e+01 8.403805e+00
      vertex   -7.361409e+00 2.205397e+01 8.424845e+00
      vertex   -7.334640e+00 2.204904e+01 8.417200e+00
    endloop
  endfacet
  facet normal 2.971775e-01 1.521996e-01 9.426138e-01
    outer loop
      vertex   -7.334640e+00 2.204904e+01 8.417200e+00
      vertex   -7.361409e+00 2.205397e+01 8.424845e+00
      vertex   -7.348716e+00 2.195561e+01 8.436725e+00
    endloop
  endfacet
  facet normal 1.119115e-01 2.011212e-01 9.731526e-01
    outer loop
      vertex   -7.403423e+00 2.209852e+01 8.420469e+00
      vertex   -7.415259e+00 2.200289e+01 8.441594e+00
      vertex   -7.361409e+00 2.205397e+01 8.424845e+00
    endloop
  endfacet
  facet normal 1.257968e-01 1.868591e-01 9.742992e-01
    outer loop
      vertex   -7.361409e+00 2.205397e+01 8.424845e+00
      vertex   -7.415259e+00 2.200289e+01 8.441594e+00
      vertex   -7.375349e+00 2.196277e+01 8.444136e+00
    endloop
  endfacet
  facet normal 3.028227e-01 1.527010e-01 9.407342e-01
    outer loop
      vertex   -7.361409e+00 2.205397e+01 8.424845e+00
      vertex   -7.375349e+00 2.196277e+01 8.444136e+00
      vertex   -7.348716e+00 2.195561e+01 8.436725e+00
    endloop
  endfacet
  facet normal 2.937580e-01 1.098889e-01 9.495423e-01
    outer loop
      vertex   -7.348716e+00 2.195561e+01 8.436725e+00
      vertex   -7.375349e+00 2.196277e+01 8.444136e+00
      vertex   -7.371046e+00 2.186341e+01 8.454303e+00
    endloop
  endfacet
  facet normal 1.114738e-01 1.728839e-01 9.786137e-01
    outer loop
      vertex   -7.415259e+00 2.200289e+01 8.441594e+00
      vertex   -7.436045e+00 2.190852e+01 8.460633e+00
      vertex   -7.375349e+00 2.196277e+01 8.444136e+00
    endloop
  endfacet
  facet normal 1.240191e-01 1.590993e-01 9.794420e-01
    outer loop
      vertex   -7.375349e+00 2.196277e+01 8.444136e+00
      vertex   -7.436045e+00 2.190852e+01 8.460633e+00
      vertex   -7.397274e+00 2.187283e+01 8.461521e+00
    endloop
  endfacet
  facet normal 3.002551e-01 1.099612e-01 9.474996e-01
    outer loop
      vertex   -7.375349e+00 2.196277e+01 8.444136e+00
      vertex   -7.397274e+00 2.187283e+01 8.461521e+00
      vertex   -7.371046e+00 2.186341e+01 8.454303e+00
    endloop
  endfacet
  facet normal 2.868575e-01 6.639046e-02 9.556700e-01
    outer loop
      vertex   -7.371046e+00 2.186341e+01 8.454303e+00
      vertex   -7.397274e+00 2.187283e+01 8.461521e+00
      vertex   -7.401721e+00 2.177325e+01 8.469774e+00
    endloop
  endfacet
  facet normal 1.095396e-01 1.434732e-01 9.835733e-01
    outer loop
      vertex   -7.436045e+00 2.190852e+01 8.460633e+00
      vertex   -7.465852e+00 2.181632e+01 8.477401e+00
      vertex   -7.397274e+00 2.187283e+01 8.461521e+00
    endloop
  endfacet
  facet normal 1.203377e-01 1.305208e-01 9.841154e-01
    outer loop
      vertex   -7.397274e+00 2.187283e+01 8.461521e+00
      vertex   -7.465852e+00 2.181632e+01 8.477401e+00
      vertex   -7.427264e+00 2.178491e+01 8.476849e+00
    endloop
  endfacet
  facet normal 2.941830e-01 6.588153e-02 9.534757e-01
    outer loop
      vertex   -7.397274e+00 2.187283e+01 8.461521e+00
      vertex   -7.427264e+00 2.178491e+01 8.476849e+00
      vertex   -7.401721e+00 2.177325e+01 8.469774e+00
    endloop
  endfacet
  facet normal 2.767909e-01 2.342657e-02 9.606446e-01
    outer loop
      vertex   -7.401721e+00 2.177325e+01 8.469774e+00
      vertex   -7.427264e+00 2.178491e+01 8.476849e+00
      vertex   -7.440657e+00 2.168616e+01 8.483117e+00
    endloop
  endfacet
  facet normal 1.067096e-01 1.137177e-01 9.877658e-01
    outer loop
      vertex   -7.465852e+00 2.181632e+01 8.477401e+00
      vertex   -7.504646e+00 2.172740e+01 8.491829e+00
      vertex   -7.427264e+00 2.178491e+01 8.476849e+00
    endloop
  endfacet
  facet normal 1.148790e-01 1.027977e-01 9.880463e-01
    outer loop
      vertex   -7.427264e+00 2.178491e+01 8.476849e+00
      vertex   -7.504646e+00 2.172740e+01 8.491829e+00
      vertex   -7.465240e+00 2.169999e+01 8.490100e+00
    endloop
  endfacet
  facet normal 2.847405e-01 2.220263e-02 9.583475e-01
    outer loop
      vertex   -7.427264e+00 2.178491e+01 8.476849e+00
      vertex   -7.465240e+00 2.169999e+01 8.490100e+00
      vertex   -7.440657e+00 2.168616e+01 8.483117e+00
    endloop
  endfacet
  facet normal 2.644690e-01 -1.680106e-02 9.642478e-01
    outer loop
      vertex   -7.440657e+00 2.168616e+01 8.483117e+00
      vertex   -7.465240e+00 2.169999e+01 8.490100e+00
      vertex   -7.487381e+00 2.160291e+01 8.494481e+00
    endloop
  endfacet
  facet normal 1.031060e-01 8.569029e-02 9.909724e-01
    outer loop
      vertex   -7.504646e+00 2.172740e+01 8.491829e+00
      vertex   -7.551938e+00 2.164271e+01 8.504073e+00
      vertex   -7.465240e+00 2.169999e+01 8.490100e+00
    endloop
  endfacet
  facet normal 1.087026e-01 7.724212e-02 9.910688e-01
    outer loop
      vertex   -7.465240e+00 2.169999e+01 8.490100e+00
      vertex   -7.551938e+00 2.164271e+01 8.504073e+00
      vertex   -7.510749e+00 2.161882e+01 8.501417e+00
    endloop
  endfacet
  facet normal 2.727205e-01 -1.878861e-02 9.619098e-01
    outer loop
      vertex   -7.465240e+00 2.169999e+01 8.490100e+00
      vertex   -7.510749e+00 2.161882e+01 8.501417e+00
      vertex   -7.487381e+00 2.160291e+01 8.494481e+00
    endloop
  endfacet
  facet normal 2.500175e-01 -5.423151e-02 9.667214e-01
    outer loop
      vertex   -7.487381e+00 2.160291e+01 8.494481e+00
      vertex   -7.510749e+00 2.161882e+01 8.501417e+00
      vertex   -7.541365e+00 2.152418e+01 8.504026e+00
    endloop
  endfacet
  facet normal 9.710785e-02 5.696551e-02 9.936423e-01
    outer loop
      vertex   -7.510749e+00 2.161882e+01 8.501417e+00
      vertex   -7.551938e+00 2.164271e+01 8.504073e+00
      vertex   -7.563288e+00 2.154206e+01 8.510953e+00
    endloop
  endfacet
  facet normal 1.029556e-01 5.626860e-02 9.930931e-01
    outer loop
      vertex   -7.563288e+00 2.154206e+01 8.510953e+00
      vertex   -7.551938e+00 2.164271e+01 8.504073e+00
      vertex   -7.607125e+00 2.156305e+01 8.514308e+00
    endloop
  endfacet
  facet normal 9.229716e-02 3.367856e-02 9.951618e-01
    outer loop
      vertex   -7.563288e+00 2.154206e+01 8.510953e+00
      vertex   -7.607125e+00 2.156305e+01 8.514308e+00
      vertex   -7.622354e+00 2.147033e+01 8.518859e+00
    endloop
  endfacet
  facet normal 9.443203e-02 3.331868e-02 9.949736e-01
    outer loop
      vertex   -7.622354e+00 2.147033e+01 8.518859e+00
      vertex   -7.607125e+00 2.156305e+01 8.514308e+00
      vertex   -7.669603e+00 2.148919e+01 8.522711e+00
    endloop
  endfacet
  facet normal 8.607032e-02 1.211923e-02 9.962154e-01
    outer loop
      vertex   -7.622354e+00 2.147033e+01 8.518859e+00
      vertex   -7.669603e+00 2.148919e+01 8.522711e+00
      vertex   -7.687443e+00 2.140428e+01 8.525286e+00
    endloop
  endfacet
  facet normal 8.522354e-02 1.229928e-02 9.962859e-01
    outer loop
      vertex   -7.687443e+00 2.140428e+01 8.525286e+00
      vertex   -7.669603e+00 2.148919e+01 8.522711e+00
      vertex   -7.738771e+00 2.142193e+01 8.529458e+00
    endloop
  endfacet
  facet normal 7.842991e-02 -7.596404e-03 9.968907e-01
    outer loop
      vertex   -7.687443e+00 2.140428e+01 8.525286e+00
      vertex   -7.738771e+00 2.142193e+01 8.529458e+00
      vertex   -7.758051e+00 2.134455e+01 8.530386e+00
    endloop
  endfacet
  facet normal 7.519043e-02 -6.786204e-03 9.971461e-01
    outer loop
      vertex   -7.758051e+00 2.134455e+01 8.530386e+00
      vertex   -7.738771e+00 2.142193e+01 8.529458e+00
      vertex   -7.814026e+00 2.136206e+01 8.534726e+00
    endloop
  endfacet
  facet normal 6.940666e-02 -2.530376e-02 9.972675e-01
    outer loop
      vertex   -7.758051e+00 2.134455e+01 8.530386e+00
      vertex   -7.814026e+00 2.136206e+01 8.534726e+00
      vertex   -7.833676e+00 2.129178e+01 8.534310e+00
    endloop
  endfacet
  facet normal 6.425472e-02 -2.386546e-02 9.976481e-01
    outer loop
      vertex   -7.833676e+00 2.129178e+01 8.534310e+00
      vertex   -7.814026e+00 2.136206e+01 8.534726e+00
      vertex   -7.894765e+00 2.131037e+01 8.538689e+00
    endloop
  endfacet
  facet normal 5.920268e-02 -4.042071e-02 9.974273e-01
    outer loop
      vertex   -7.833676e+00 2.129178e+01 8.534310e+00
      vertex   -7.894765e+00 2.131037e+01 8.538689e+00
      vertex   -7.913789e+00 2.124662e+01 8.537235e+00
    endloop
  endfacet
  facet normal 5.382553e-02 -3.882430e-02 9.977953e-01
    outer loop
      vertex   -7.913789e+00 2.124662e+01 8.537235e+00
      vertex   -7.894765e+00 2.131037e+01 8.538689e+00
      vertex   -7.980236e+00 2.126761e+01 8.541636e+00
    endloop
  endfacet
  facet normal 4.960742e-02 -5.209911e-02 9.974090e-01
    outer loop
      vertex   -7.913789e+00 2.124662e+01 8.537235e+00
      vertex   -7.980236e+00 2.126761e+01 8.541636e+00
      vertex   -7.997613e+00 2.120950e+01 8.539465e+00
    endloop
  endfacet
  facet normal 4.316189e-02 -5.018630e-02 9.978068e-01
    outer loop
      vertex   -7.997613e+00 2.120950e+01 8.539465e+00
      vertex   -7.980236e+00 2.126761e+01 8.541636e+00
      vertex   -8.069435e+00 2.123410e+01 8.543809e+00
    endloop
  endfacet
  facet normal 3.923871e-02 -6.155575e-02 9.973320e-01
    outer loop
      vertex   -7.997613e+00 2.120950e+01 8.539465e+00
      vertex   -8.069435e+00 2.123410e+01 8.543809e+00
      vertex   -8.084374e+00 2.118054e+01 8.541091e+00
    endloop
  endfacet
  facet normal 3.134182e-02 -5.937442e-02 9.977436e-01
    outer loop
      vertex   -8.084374e+00 2.118054e+01 8.541091e+00
      vertex   -8.069435e+00 2.123410e+01 8.543809e+00
      vertex   -8.161430e+00 2.120997e+01 8.545263e+00
    endloop
  endfacet
  facet normal 2.788164e-02 -6.836632e-02 9.972706e-01
    outer loop
      vertex   -8.084374e+00 2.118054e+01 8.541091e+00
      vertex   -8.161430e+00 2.120997e+01 8.545263e+00
      vertex   -8.173328e+00 2.115981e+01 8.542157e+00
    endloop
  endfacet
  facet normal 1.870125e-02 -6.621120e-02 9.976304e-01
    outer loop
      vertex   -8.173328e+00 2.115981e+01 8.542157e+00
      vertex   -8.161430e+00 2.120997e+01 8.545263e+00
      vertex   -8.255286e+00 2.119531e+01 8.546049e+00
    endloop
  endfacet
  facet normal 1.601072e-02 -7.238036e-02 9.972486e-01
    outer loop
      vertex   -8.173328e+00 2.115981e+01 8.542157e+00
      vertex   -8.255286e+00 2.119531e+01 8.546049e+00
      vertex   -8.263728e+00 2.114739e+01 8.542707e+00
    endloop
  endfacet
  facet normal 5.590162e-03 -7.056121e-02 9.974918e-01
    outer loop
      vertex   -8.263728e+00 2.114739e+01 8.542707e+00
      vertex   -8.255286e+00 2.119531e+01 8.546049e+00
      vertex   -8.350069e+00 2.119023e+01 8.546222e+00
    endloop
  endfacet
  facet normal 4.110419e-03 -7.352653e-02 9.972848e-01
    outer loop
      vertex   -8.263728e+00 2.114739e+01 8.542707e+00
      vertex   -8.350069e+00 2.119023e+01 8.546222e+00
      vertex   -8.354831e+00 2.114339e+01 8.542787e+00
    endloop
  endfacet
  facet normal -7.621324e-03 -7.233893e-02 9.973510e-01
    outer loop
      vertex   -8.354831e+00 2.114339e+01 8.542787e+00
      vertex   -8.350069e+00 2.119023e+01 8.546222e+00
      vertex   -8.444846e+00 2.119486e+01 8.545833e+00
    endloop
  endfacet
  facet normal -7.321453e-03 -7.181685e-02 9.973910e-01
    outer loop
      vertex   -8.354831e+00 2.114339e+01 8.542787e+00
      vertex   -8.444846e+00 2.119486e+01 8.545833e+00
      vertex   -8.445890e+00 2.114787e+01 8.542441e+00
    endloop
  endfacet
  facet normal -1.837875e-02 -7.156226e-02 9.972668e-01
    outer loop
      vertex   -8.445890e+00 2.114787e+01 8.542441e+00
      vertex   -8.444846e+00 2.119486e+01 8.545833e+00
      vertex   -8.536161e+00 2.116092e+01 8.541714e+00
    endloop
  endfacet
  facet normal -4.445731e-02 -2.536966e-01 9.662617e-01
    outer loop
      vertex   -8.445890e+00 2.114787e+01 8.542441e+00
      vertex   -8.536161e+00 2.116092e+01 8.541714e+00
      vertex   -8.541274e+00 2.113364e+01 8.534317e+00
    endloop
  endfacet
  facet normal -7.131472e-02 -2.485859e-01 9.659810e-01
    outer loop
      vertex   -8.541274e+00 2.113364e+01 8.534317e+00
      vertex   -8.536161e+00 2.116092e+01 8.541714e+00
      vertex   -8.632460e+00 2.115585e+01 8.533301e+00
    endloop
  endfacet
  facet normal -1.991274e-02 -6.746634e-02 9.975228e-01
    outer loop
      vertex   -8.444846e+00 2.119486e+01 8.545833e+00
      vertex   -8.538683e+00 2.120928e+01 8.544935e+00
      vertex   -8.536161e+00 2.116092e+01 8.541714e+00
    endloop
  endfacet
  facet normal -2.857173e-02 -6.790197e-02 9.972828e-01
    outer loop
      vertex   -8.536161e+00 2.116092e+01 8.541714e+00
      vertex   -8.538683e+00 2.120928e+01 8.544935e+00
      vertex   -8.624896e+00 2.118262e+01 8.540650e+00
    endloop
  endfacet
  facet normal -7.156737e-02 -2.451923e-01 9.668293e-01
    outer loop
      vertex   -8.536161e+00 2.116092e+01 8.541714e+00
      vertex   -8.624896e+00 2.118262e+01 8.540650e+00
      vertex   -8.632460e+00 2.115585e+01 8.533301e+00
    endloop
  endfacet
  facet normal -9.889440e-02 -2.373468e-01 9.663780e-01
    outer loop
      vertex   -8.632460e+00 2.115585e+01 8.533301e+00
      vertex   -8.624896e+00 2.118262e+01 8.540650e+00
      vertex   -8.721189e+00 2.118693e+01 8.531856e+00
    endloop
  endfacet
  facet normal -3.083513e-02 -6.064841e-02 9.976828e-01
    outer loop
      vertex   -8.538683e+00 2.120928e+01 8.544935e+00
      vertex   -8.630634e+00 2.123362e+01 8.543573e+00
      vertex   -8.624896e+00 2.118262e+01 8.540650e+00
    endloop
  endfacet
  facet normal -3.912459e-02 -6.156098e-02 9.973362e-01
    outer loop
      vertex   -8.624896e+00 2.118262e+01 8.540650e+00
      vertex   -8.630634e+00 2.123362e+01 8.543573e+00
      vertex   -8.711223e+00 2.121298e+01 8.539137e+00
    endloop
  endfacet
  facet normal -9.878947e-02 -2.326668e-01 9.675261e-01
    outer loop
      vertex   -8.624896e+00 2.118262e+01 8.540650e+00
      vertex   -8.711223e+00 2.121298e+01 8.539137e+00
      vertex   -8.721189e+00 2.118693e+01 8.531856e+00
    endloop
  endfacet
  facet normal -1.264111e-01 -2.219071e-01 9.668389e-01
    outer loop
      vertex   -8.721189e+00 2.118693e+01 8.531856e+00
      vertex   -8.711223e+00 2.121298e+01 8.539137e+00
      vertex   -8.806712e+00 2.122649e+01 8.529752e+00
    endloop
  endfacet
  facet normal -4.194921e-02 -5.063968e-02 9.978356e-01
    outer loop
      vertex   -8.630634e+00 2.123362e+01 8.543573e+00
      vertex   -8.719591e+00 2.126776e+01 8.541566e+00
      vertex   -8.711223e+00 2.121298e+01 8.539137e+00
    endloop
  endfacet
  facet normal -5.023471e-02 -5.188557e-02 9.973888e-01
    outer loop
      vertex   -8.711223e+00 2.121298e+01 8.539137e+00
      vertex   -8.719591e+00 2.126776e+01 8.541566e+00
      vertex   -8.794413e+00 2.125160e+01 8.536957e+00
    endloop
  endfacet
  facet normal -1.257360e-01 -2.161692e-01 9.682259e-01
    outer loop
      vertex   -8.711223e+00 2.121298e+01 8.539137e+00
      vertex   -8.794413e+00 2.125160e+01 8.536957e+00
      vertex   -8.806712e+00 2.122649e+01 8.529752e+00
    endloop
  endfacet
  facet normal -1.525923e-01 -2.027435e-01 9.672697e-01
    outer loop
      vertex   -8.806712e+00 2.122649e+01 8.529752e+00
      vertex   -8.794413e+00 2.125160e+01 8.536957e+00
      vertex   -8.888414e+00 2.127396e+01 8.526814e+00
    endloop
  endfacet
  facet normal -5.323903e-02 -3.810874e-02 9.978544e-01
    outer loop
      vertex   -8.719591e+00 2.126776e+01 8.541566e+00
      vertex   -8.804737e+00 2.131110e+01 8.538678e+00
      vertex   -8.794413e+00 2.125160e+01 8.536957e+00
    endloop
  endfacet
  facet normal -6.086275e-02 -3.941752e-02 9.973675e-01
    outer loop
      vertex   -8.794413e+00 2.125160e+01 8.536957e+00
      vertex   -8.804737e+00 2.131110e+01 8.538678e+00
      vertex   -8.873874e+00 2.129795e+01 8.533939e+00
    endloop
  endfacet
  facet normal -1.511967e-01 -1.961625e-01 9.688446e-01
    outer loop
      vertex   -8.794413e+00 2.125160e+01 8.536957e+00
      vertex   -8.873874e+00 2.129795e+01 8.533939e+00
      vertex   -8.888414e+00 2.127396e+01 8.526814e+00
    endloop
  endfacet
  facet normal -1.772234e-01 -1.800040e-01 9.675693e-01
    outer loop
      vertex   -8.888414e+00 2.127396e+01 8.526814e+00
      vertex   -8.873874e+00 2.129795e+01 8.533939e+00
      vertex   -8.965680e+00 2.132883e+01 8.522868e+00
    endloop
  endfacet
  facet normal -6.397371e-02 -2.318167e-02 9.976823e-01
    outer loop
      vertex   -8.804737e+00 2.131110e+01 8.538678e+00
      vertex   -8.885355e+00 2.136298e+01 8.534714e+00
      vertex   -8.873874e+00 2.129795e+01 8.533939e+00
    endloop
  endfacet
  facet normal -7.073478e-02 -2.436956e-02 9.971974e-01
    outer loop
      vertex   -8.873874e+00 2.129795e+01 8.533939e+00
      vertex   -8.885355e+00 2.136298e+01 8.534714e+00
      vertex   -8.949016e+00 2.135149e+01 8.529917e+00
    endloop
  endfacet
  facet normal -1.750153e-01 -1.728262e-01 9.692785e-01
    outer loop
      vertex   -8.873874e+00 2.129795e+01 8.533939e+00
      vertex   -8.949016e+00 2.135149e+01 8.529917e+00
      vertex   -8.965680e+00 2.132883e+01 8.522868e+00
    endloop
  endfacet
  facet normal -2.001592e-01 -1.538166e-01 9.676139e-01
    outer loop
      vertex   -8.965680e+00 2.132883e+01 8.522868e+00
      vertex   -8.949016e+00 2.135149e+01 8.529917e+00
      vertex   -9.037897e+00 2.139053e+01 8.517739e+00
    endloop
  endfacet
  facet normal -7.405045e-02 -6.020634e-03 9.972363e-01
    outer loop
      vertex   -8.885355e+00 2.136298e+01 8.534714e+00
      vertex   -8.960732e+00 2.142273e+01 8.529478e+00
      vertex   -8.949016e+00 2.135149e+01 8.529917e+00
    endloop
  endfacet
  facet normal -7.967047e-02 -6.947487e-03 9.967970e-01
    outer loop
      vertex   -8.949016e+00 2.135149e+01 8.529917e+00
      vertex   -8.960732e+00 2.142273e+01 8.529478e+00
      vertex   -9.019249e+00 2.141169e+01 8.524724e+00
    endloop
  endfacet
  facet normal -1.971053e-01 -1.463066e-01 9.694039e-01
    outer loop
      vertex   -8.949016e+00 2.135149e+01 8.529917e+00
      vertex   -9.019249e+00 2.141169e+01 8.524724e+00
      vertex   -9.037897e+00 2.139053e+01 8.517739e+00
    endloop
  endfacet
  facet normal -2.212951e-01 -1.242775e-01 9.672557e-01
    outer loop
      vertex   -9.037897e+00 2.139053e+01 8.517739e+00
      vertex   -9.019249e+00 2.141169e+01 8.524724e+00
      vertex   -9.104448e+00 2.145854e+01 8.511250e+00
    endloop
  endfacet
  facet normal -8.345181e-02 1.325175e-02 9.964237e-01
    outer loop
      vertex   -8.960732e+00 2.142273e+01 8.529478e+00
      vertex   -9.030151e+00 2.148970e+01 8.522773e+00
      vertex   -9.019249e+00 2.141169e+01 8.524724e+00
    endloop
  endfacet
  facet normal -8.755422e-02 1.266980e-02 9.960792e-01
    outer loop
      vertex   -9.019249e+00 2.141169e+01 8.524724e+00
      vertex   -9.030151e+00 2.148970e+01 8.522773e+00
      vertex   -9.083981e+00 2.147803e+01 8.518190e+00
    endloop
  endfacet
  facet normal -2.174195e-01 -1.167056e-01 9.690761e-01
    outer loop
      vertex   -9.019249e+00 2.141169e+01 8.524724e+00
      vertex   -9.083981e+00 2.147803e+01 8.518190e+00
      vertex   -9.104448e+00 2.145854e+01 8.511250e+00
    endloop
  endfacet
  facet normal -2.405382e-01 -9.144972e-02 9.663221e-01
    outer loop
      vertex   -9.104448e+00 2.145854e+01 8.511250e+00
      vertex   -9.083981e+00 2.147803e+01 8.518190e+00
      vertex   -9.164721e+00 2.153231e+01 8.503228e+00
    endloop
  endfacet
  facet normal -9.222136e-02 3.456611e-02 9.951384e-01
    outer loop
      vertex   -9.030151e+00 2.148970e+01 8.522773e+00
      vertex   -9.092899e+00 2.156322e+01 8.514404e+00
      vertex   -9.083981e+00 2.147803e+01 8.518190e+00
    endloop
  endfacet
  facet normal -9.430450e-02 3.433971e-02 9.949510e-01
    outer loop
      vertex   -9.083981e+00 2.147803e+01 8.518190e+00
      vertex   -9.092899e+00 2.156322e+01 8.514404e+00
      vertex   -9.142622e+00 2.154998e+01 8.510148e+00
    endloop
  endfacet
  facet normal -2.359188e-01 -8.407989e-02 9.681286e-01
    outer loop
      vertex   -9.083981e+00 2.147803e+01 8.518190e+00
      vertex   -9.142622e+00 2.154998e+01 8.510148e+00
      vertex   -9.164721e+00 2.153231e+01 8.503228e+00
    endloop
  endfacet
  facet normal -2.577786e-01 -5.537007e-02 9.646162e-01
    outer loop
      vertex   -9.164721e+00 2.153231e+01 8.503228e+00
      vertex   -9.142622e+00 2.154998e+01 8.510148e+00
      vertex   -9.218099e+00 2.161129e+01 8.493498e+00
    endloop
  endfacet
  facet normal -1.004399e-01 5.791511e-02 9.932561e-01
    outer loop
      vertex   -9.092899e+00 2.156322e+01 8.514404e+00
      vertex   -9.148261e+00 2.164264e+01 8.504175e+00
      vertex   -9.142622e+00 2.154998e+01 8.510148e+00
    endloop
  endfacet
  facet normal -9.984429e-02 5.795508e-02 9.933138e-01
    outer loop
      vertex   -9.142622e+00 2.154998e+01 8.510148e+00
      vertex   -9.148261e+00 2.164264e+01 8.504175e+00
      vertex   -9.194581e+00 2.162701e+01 8.500432e+00
    endloop
  endfacet
  facet normal -2.525430e-01 -4.844833e-02 9.663720e-01
    outer loop
      vertex   -9.142622e+00 2.154998e+01 8.510148e+00
      vertex   -9.194581e+00 2.162701e+01 8.500432e+00
      vertex   -9.218099e+00 2.161129e+01 8.493498e+00
    endloop
  endfacet
  facet normal -2.728632e-01 -1.606676e-02 9.619187e-01
    outer loop
      vertex   -9.218099e+00 2.161129e+01 8.493498e+00
      vertex   -9.194581e+00 2.162701e+01 8.500432e+00
      vertex   -9.263969e+00 2.169496e+01 8.481884e+00
    endloop
  endfacet
  facet normal -1.082027e-01 8.335761e-02 9.906279e-01
    outer loop
      vertex   -9.148261e+00 2.164264e+01 8.504175e+00
      vertex   -9.195521e+00 2.172729e+01 8.491890e+00
      vertex   -9.194581e+00 2.162701e+01 8.500432e+00
    endloop
  endfacet
  facet normal -1.040741e-01 8.343341e-02 9.910638e-01
    outer loop
      vertex   -9.194581e+00 2.162701e+01 8.500432e+00
      vertex   -9.195521e+00 2.172729e+01 8.491890e+00
      vertex   -9.239267e+00 2.170858e+01 8.488871e+00
    endloop
  endfacet
  facet normal -2.671835e-01 -9.809432e-03 9.635957e-01
    outer loop
      vertex   -9.194581e+00 2.162701e+01 8.500432e+00
      vertex   -9.239267e+00 2.170858e+01 8.488871e+00
      vertex   -9.263969e+00 2.169496e+01 8.481884e+00
    endloop
  endfacet
  facet normal -2.859496e-01 2.716502e-02 9.578595e-01
    outer loop
      vertex   -9.263969e+00 2.169496e+01 8.481884e+00
      vertex   -9.239267e+00 2.170858e+01 8.488871e+00
      vertex   -9.301699e+00 2.178247e+01 8.468138e+00
    endloop
  endfacet
  facet normal -1.145324e-01 1.084627e-01 9.874807e-01
    outer loop
      vertex   -9.239267e+00 2.170858e+01 8.488871e+00
      vertex   -9.195521e+00 2.172729e+01 8.491890e+00
      vertex   -9.276083e+00 2.179391e+01 8.475230e+00
    endloop
  endfacet
  facet normal -1.091276e-01 1.149683e-01 9.873568e-01
    outer loop
      vertex   -9.276083e+00 2.179391e+01 8.475230e+00
      vertex   -9.195521e+00 2.172729e+01 8.491890e+00
      vertex   -9.233978e+00 2.181626e+01 8.477281e+00
    endloop
  endfacet
  facet normal -1.208255e-01 1.373933e-01 9.831197e-01
    outer loop
      vertex   -9.276083e+00 2.179391e+01 8.475230e+00
      vertex   -9.233978e+00 2.181626e+01 8.477281e+00
      vertex   -9.304813e+00 2.188186e+01 8.459406e+00
    endloop
  endfacet
  facet normal -1.127413e-01 1.460435e-01 9.828330e-01
    outer loop
      vertex   -9.304813e+00 2.188186e+01 8.459406e+00
      vertex   -9.233978e+00 2.181626e+01 8.477281e+00
      vertex   -9.263394e+00 2.190826e+01 8.460235e+00
    endloop
  endfacet
  facet normal -1.249115e-01 1.652796e-01 9.783045e-01
    outer loop
      vertex   -9.304813e+00 2.188186e+01 8.459406e+00
      vertex   -9.263394e+00 2.190826e+01 8.460235e+00
      vertex   -9.325557e+00 2.197174e+01 8.441574e+00
    endloop
  endfacet
  facet normal -1.145725e-01 1.752659e-01 9.778318e-01
    outer loop
      vertex   -9.325557e+00 2.197174e+01 8.441574e+00
      vertex   -9.263394e+00 2.190826e+01 8.460235e+00
      vertex   -9.283863e+00 2.200243e+01 8.440957e+00
    endloop
  endfacet
  facet normal -1.270790e-01 1.921580e-01 9.731013e-01
    outer loop
      vertex   -9.325557e+00 2.197174e+01 8.441574e+00
      vertex   -9.283863e+00 2.200243e+01 8.440957e+00
      vertex   -9.338416e+00 2.206282e+01 8.421909e+00
    endloop
  endfacet
  facet normal -1.148904e-01 2.029556e-01 9.724244e-01
    outer loop
      vertex   -9.338416e+00 2.206282e+01 8.421909e+00
      vertex   -9.283863e+00 2.200243e+01 8.440957e+00
      vertex   -9.295483e+00 2.209790e+01 8.419659e+00
    endloop
  endfacet
  facet normal -1.275926e-01 2.181862e-01 9.675303e-01
    outer loop
      vertex   -9.338416e+00 2.206282e+01 8.421909e+00
      vertex   -9.295483e+00 2.209790e+01 8.419659e+00
      vertex   -9.343491e+00 2.215440e+01 8.400587e+00
    endloop
  endfacet
  facet normal -1.139018e-01 2.295114e-01 9.666183e-01
    outer loop
      vertex   -9.343491e+00 2.215440e+01 8.400587e+00
      vertex   -9.295483e+00 2.209790e+01 8.419659e+00
      vertex   -9.298352e+00 2.219380e+01 8.396551e+00
    endloop
  endfacet
  facet normal -1.266269e-01 2.435737e-01 9.615807e-01
    outer loop
      vertex   -9.343491e+00 2.215440e+01 8.400587e+00
      vertex   -9.298352e+00 2.219380e+01 8.396551e+00
      vertex   -9.340882e+00 2.224578e+01 8.377785e+00
    endloop
  endfacet
  facet normal -1.117298e-01 2.553295e-01 9.603766e-01
    outer loop
      vertex   -9.340882e+00 2.224578e+01 8.377785e+00
      vertex   -9.298352e+00 2.219380e+01 8.396551e+00
      vertex   -9.292569e+00 2.228927e+01 8.371843e+00
    endloop
  endfacet
  facet normal -1.242698e-01 2.685550e-01 9.552148e-01
    outer loop
      vertex   -9.340882e+00 2.224578e+01 8.377785e+00
      vertex   -9.292569e+00 2.228927e+01 8.371843e+00
      vertex   -9.330693e+00 2.233623e+01 8.353679e+00
    endloop
  endfacet
  facet normal -1.084268e-01 2.807995e-01 9.536222e-01
    outer loop
      vertex   -9.330693e+00 2.233623e+01 8.353679e+00
      vertex   -9.292569e+00 2.228927e+01 8.371843e+00
      vertex   -9.278231e+00 2.238343e+01 8.345747e+00
    endloop
  endfacet
  facet normal -1.205300e-01 2.933706e-01 9.483703e-01
    outer loop
      vertex   -9.330693e+00 2.233623e+01 8.353679e+00
      vertex   -9.278231e+00 2.238343e+01 8.345747e+00
      vertex   -9.313023e+00 2.242506e+01 8.328446e+00
    endloop
  endfacet
  facet normal -1.039864e-01 3.063080e-01 9.462358e-01
    outer loop
      vertex   -9.313023e+00 2.242506e+01 8.328446e+00
      vertex   -9.278231e+00 2.238343e+01 8.345747e+00
      vertex   -9.255437e+00 2.247542e+01 8.318473e+00
    endloop
  endfacet
  facet normal -1.153467e-01 3.182549e-01 9.409617e-01
    outer loop
      vertex   -9.313023e+00 2.242506e+01 8.328446e+00
      vertex   -9.255437e+00 2.247542e+01 8.318473e+00
      vertex   -9.287974e+00 2.251156e+01 8.302262e+00
    endloop
  endfacet
  facet normal -9.835244e-02 3.322485e-01 9.380500e-01
    outer loop
      vertex   -9.287974e+00 2.251156e+01 8.302262e+00
      vertex   -9.255437e+00 2.247542e+01 8.318473e+00
      vertex   -9.224286e+00 2.256437e+01 8.290233e+00
    endloop
  endfacet
  facet normal -1.086010e-01 3.434293e-01 9.328784e-01
    outer loop
      vertex   -9.287974e+00 2.251156e+01 8.302262e+00
      vertex   -9.224286e+00 2.256437e+01 8.290233e+00
      vertex   -9.255648e+00 2.259501e+01 8.275302e+00
    endloop
  endfacet
  facet normal -9.174571e-02 3.587504e-01 9.289138e-01
    outer loop
      vertex   -9.255648e+00 2.259501e+01 8.275302e+00
      vertex   -9.224286e+00 2.256437e+01 8.290233e+00
      vertex   -9.184885e+00 2.264945e+01 8.261265e+00
    endloop
  endfacet
  facet normal -9.991802e-02 3.681990e-01 9.243624e-01
    outer loop
      vertex   -9.255648e+00 2.259501e+01 8.275302e+00
      vertex   -9.184885e+00 2.264945e+01 8.261265e+00
      vertex   -9.216174e+00 2.267478e+01 8.247796e+00
    endloop
  endfacet
  facet normal -8.621057e-02 3.827255e-01 9.198309e-01
    outer loop
      vertex   -9.216174e+00 2.267478e+01 8.247796e+00
      vertex   -9.184885e+00 2.264945e+01 8.261265e+00
      vertex   -9.137563e+00 2.273014e+01 8.232130e+00
    endloop
  endfacet
  facet normal -9.140951e-02 3.891960e-01 9.166083e-01
    outer loop
      vertex   -9.216174e+00 2.267478e+01 8.247796e+00
      vertex   -9.137563e+00 2.273014e+01 8.232130e+00
      vertex   -9.169916e+00 2.275053e+01 8.220243e+00
    endloop
  endfacet
  facet normal -8.020513e-02 4.038704e-01 9.112935e-01
    outer loop
      vertex   -9.169916e+00 2.275053e+01 8.220243e+00
      vertex   -9.137563e+00 2.273014e+01 8.232130e+00
      vertex   -9.082854e+00 2.280586e+01 8.203385e+00
    endloop
  endfacet
  facet normal -3.205089e-02 4.876385e-01 8.724571e-01
    outer loop
      vertex   -8.717369e+00 2.308910e+01 8.083807e+00
      vertex   -8.629658e+00 2.312247e+01 8.068378e+00
      vertex   -8.674993e+00 2.313831e+01 8.057861e+00
    endloop
  endfacet
  facet normal -2.803304e-02 4.960683e-01 8.678309e-01
    outer loop
      vertex   -8.674993e+00 2.313831e+01 8.057861e+00
      vertex   -8.629658e+00 2.312247e+01 8.068378e+00
      vertex   -8.612227e+00 2.315836e+01 8.048425e+00
    endloop
  endfacet
  facet normal -7.205659e-02 6.003013e-01 7.965213e-01
    outer loop
      vertex   -8.674993e+00 2.313831e+01 8.057861e+00
      vertex   -8.612227e+00 2.315836e+01 8.048425e+00
      vertex   -8.618018e+00 2.317370e+01 8.036345e+00
    endloop
  endfacet
  facet normal -5.531526e-02 6.049227e-01 7.943606e-01
    outer loop
      vertex   -8.618018e+00 2.317370e+01 8.036345e+00
      vertex   -8.612227e+00 2.315836e+01 8.048425e+00
      vertex   -8.552275e+00 2.318960e+01 8.028809e+00
    endloop
  endfacet
  facet normal -8.047022e-02 6.784859e-01 7.301927e-01
    outer loop
      vertex   -8.618018e+00 2.317370e+01 8.036345e+00
      vertex   -8.552275e+00 2.318960e+01 8.028809e+00
      vertex   -8.556512e+00 2.320382e+01 8.015136e+00
    endloop
  endfacet
  facet normal -5.745232e-02 6.832035e-01 7.279645e-01
    outer loop
      vertex   -8.556512e+00 2.320382e+01 8.015136e+00
      vertex   -8.552275e+00 2.318960e+01 8.028809e+00
      vertex   -8.488276e+00 2.321539e+01 8.009658e+00
    endloop
  endfacet
  facet normal -7.458531e-02 7.504691e-01 6.566835e-01
    outer loop
      vertex   -8.556512e+00 2.320382e+01 8.015136e+00
      vertex   -8.488276e+00 2.321539e+01 8.009658e+00
      vertex   -8.491000e+00 2.322831e+01 7.994591e+00
    endloop
  endfacet
  facet normal -4.494955e-02 7.544897e-01 6.547708e-01
    outer loop
      vertex   -8.491000e+00 2.322831e+01 7.994591e+00
      vertex   -8.488276e+00 2.321539e+01 8.009658e+00
      vertex   -8.420685e+00 2.323538e+01 7.991262e+00
    endloop
  endfacet
  facet normal -5.480994e-02 8.154723e-01 5.761951e-01
    outer loop
      vertex   -8.491000e+00 2.322831e+01 7.994591e+00
      vertex   -8.420685e+00 2.323538e+01 7.991262e+00
      vertex   -8.421982e+00 2.324681e+01 7.974972e+00
    endloop
  endfacet
  facet normal -1.657435e-02 8.180267e-01 5.749414e-01
    outer loop
      vertex   -8.421982e+00 2.324681e+01 7.974972e+00
      vertex   -8.420685e+00 2.323538e+01 7.991262e+00
      vertex   -8.350000e+00 2.323618e+01 7.992168e+00
    endloop
  endfacet
  facet normal -2.437892e-03 8.460563e-01 5.330880e-01
    outer loop
      vertex   -8.421982e+00 2.324681e+01 7.974972e+00
      vertex   -8.350000e+00 2.323618e+01 7.992168e+00
      vertex   -8.350000e+00 2.326011e+01 7.954193e+00
    endloop
  endfacet
  facet normal -2.271410e-02 4.941723e-01 8.690672e-01
    outer loop
      vertex   -8.629658e+00 2.312247e+01 8.068378e+00
      vertex   -8.538384e+00 2.314669e+01 8.056991e+00
      vertex   -8.612227e+00 2.315836e+01 8.048425e+00
    endloop
  endfacet
  facet normal -2.154256e-02 4.994068e-01 8.660998e-01
    outer loop
      vertex   -8.612227e+00 2.315836e+01 8.048425e+00
      vertex   -8.538384e+00 2.314669e+01 8.056991e+00
      vertex   -8.547921e+00 2.317409e+01 8.040954e+00
    endloop
  endfacet
  facet normal -5.597234e-02 6.057559e-01 7.936793e-01
    outer loop
      vertex   -8.612227e+00 2.315836e+01 8.048425e+00
      vertex   -8.547921e+00 2.317409e+01 8.040954e+00
      vertex   -8.552275e+00 2.318960e+01 8.028809e+00
    endloop
  endfacet
  facet normal -3.960073e-02 6.091116e-01 7.920953e-01
    outer loop
      vertex   -8.552275e+00 2.318960e+01 8.028809e+00
      vertex   -8.547921e+00 2.317409e+01 8.040954e+00
      vertex   -8.485445e+00 2.320104e+01 8.023353e+00
    endloop
  endfacet
  facet normal -5.755705e-02 6.833530e-01 7.278158e-01
    outer loop
      vertex   -8.552275e+00 2.318960e+01 8.028809e+00
      vertex   -8.485445e+00 2.320104e+01 8.023353e+00
      vertex   -8.488276e+00 2.321539e+01 8.009658e+00
    endloop
  endfacet
  facet normal -3.452373e-02 6.864785e-01 7.263301e-01
    outer loop
      vertex   -8.488276e+00 2.321539e+01 8.009658e+00
      vertex   -8.485445e+00 2.320104e+01 8.023353e+00
      vertex   -8.419321e+00 2.322238e+01 8.006327e+00
    endloop
  endfacet
  facet normal -4.484989e-02 7.543292e-01 6.549626e-01
    outer loop
      vertex   -8.488276e+00 2.321539e+01 8.009658e+00
      vertex   -8.419321e+00 2.322238e+01 8.006327e+00
      vertex   -8.420685e+00 2.323538e+01 7.991262e+00
    endloop
  endfacet
  facet normal -1.689411e-02 7.562382e-01 6.540783e-01
    outer loop
      vertex   -8.420685e+00 2.323538e+01 7.991262e+00
      vertex   -8.419321e+00 2.322238e+01 8.006327e+00
      vertex   -8.350000e+00 2.323618e+01 7.992168e+00
    endloop
  endfacet
  facet normal -1.513030e-02 5.011339e-01 8.652375e-01
    outer loop
      vertex   -8.547921e+00 2.317409e+01 8.040954e+00
      vertex   -8.538384e+00 2.314669e+01 8.056991e+00
      vertex   -8.482538e+00 2.318541e+01 8.035544e+00
    endloop
  endfacet
  facet normal -1.387131e-02 4.997673e-01 8.660487e-01
    outer loop
      vertex   -8.482538e+00 2.318541e+01 8.035544e+00
      vertex   -8.538384e+00 2.314669e+01 8.056991e+00
      vertex   -8.444763e+00 2.316138e+01 8.050014e+00
    endloop
  endfacet
  facet normal -9.294122e-03 5.051251e-01 8.629961e-01
    outer loop
      vertex   -8.482538e+00 2.318541e+01 8.035544e+00
      vertex   -8.444763e+00 2.316138e+01 8.050014e+00
      vertex   -8.416448e+00 2.319224e+01 8.032255e+00
    endloop
  endfacet
  facet normal -4.570245e-03 5.018960e-01 8.649159e-01
    outer loop
      vertex   -8.416448e+00 2.319224e+01 8.032255e+00
      vertex   -8.444763e+00 2.316138e+01 8.050014e+00
      vertex   -8.350000e+00 2.316633e+01 8.047646e+00
    endloop
  endfacet
  facet normal 1.037767e-02 5.300979e-01 8.478730e-01
    outer loop
      vertex   -8.416448e+00 2.319224e+01 8.032255e+00
      vertex   -8.350000e+00 2.316633e+01 8.047646e+00
      vertex   -8.350000e+00 2.320439e+01 8.023851e+00
    endloop
  endfacet
  facet normal 4.213592e-03 7.058625e-01 7.083363e-01
    outer loop
      vertex   -8.350000e+00 2.323618e+01 7.992168e+00
      vertex   -8.419321e+00 2.322238e+01 8.006327e+00
      vertex   -8.350000e+00 2.320439e+01 8.023851e+00
    endloop
  endfacet
  facet normal -4.545417e-03 6.885353e-01 7.251886e-01
    outer loop
      vertex   -8.350000e+00 2.320439e+01 8.023851e+00
      vertex   -8.419321e+00 2.322238e+01 8.006327e+00
      vertex   -8.417904e+00 2.320795e+01 8.020036e+00
    endloop
  endfacet
  facet normal -1.213941e-02 6.131790e-01 7.898507e-01
    outer loop
      vertex   -8.350000e+00 2.320439e+01 8.023851e+00
      vertex   -8.417904e+00 2.320795e+01 8.020036e+00
      vertex   -8.416448e+00 2.319224e+01 8.032255e+00
    endloop
  endfacet
  facet normal -2.400805e-02 6.123615e-01 7.902133e-01
    outer loop
      vertex   -8.416448e+00 2.319224e+01 8.032255e+00
      vertex   -8.417904e+00 2.320795e+01 8.020036e+00
      vertex   -8.482538e+00 2.318541e+01 8.035544e+00
    endloop
  endfacet
  facet normal -2.691777e-02 9.888627e-01 1.463759e-01
    outer loop
      vertex   -8.425967e+00 2.327354e+01 7.907458e+00
      vertex   -8.350000e+00 2.327496e+01 7.911837e+00
      vertex   -8.426809e+00 2.327647e+01 7.887507e+00
    endloop
  endfacet
  facet normal -1.599925e-02 9.935570e-01 1.121984e-01
    outer loop
      vertex   -8.426809e+00 2.327647e+01 7.887507e+00
      vertex   -8.350000e+00 2.327496e+01 7.911837e+00
      vertex   -8.350000e+00 2.328000e+01 7.867236e+00
    endloop
  endfacet
  facet normal -5.041600e-02 9.985779e-01 -1.733484e-02
    outer loop
      vertex   -8.426809e+00 2.327647e+01 7.887507e+00
      vertex   -8.350000e+00 2.328000e+01 7.867236e+00
      vertex   -8.464713e+00 2.327425e+01 7.869512e+00
    endloop
  endfacet
  facet normal -9.668931e-02 9.920178e-01 8.094355e-02
    outer loop
      vertex   -8.426809e+00 2.327647e+01 7.887507e+00
      vertex   -8.464713e+00 2.327425e+01 7.869512e+00
      vertex   -8.503201e+00 2.326877e+01 7.890642e+00
    endloop
  endfacet
  facet normal -1.500879e-01 9.885226e-01 -1.722531e-02
    outer loop
      vertex   -8.503201e+00 2.326877e+01 7.890642e+00
      vertex   -8.464713e+00 2.327425e+01 7.869512e+00
      vertex   -8.578044e+00 2.325716e+01 7.876218e+00
    endloop
  endfacet
  facet normal -1.627263e-01 9.853576e-01 5.089812e-02
    outer loop
      vertex   -8.503201e+00 2.326877e+01 7.890642e+00
      vertex   -8.578044e+00 2.325716e+01 7.876218e+00
      vertex   -8.578773e+00 2.325603e+01 7.895798e+00
    endloop
  endfacet
  facet normal -2.273445e-01 9.726427e-01 4.775617e-02
    outer loop
      vertex   -8.578773e+00 2.325603e+01 7.895798e+00
      vertex   -8.578044e+00 2.325716e+01 7.876218e+00
      vertex   -8.653093e+00 2.323830e+01 7.902917e+00
    endloop
  endfacet
  facet normal -2.162268e-01 9.653977e-01 1.457851e-01
    outer loop
      vertex   -8.578773e+00 2.325603e+01 7.895798e+00
      vertex   -8.653093e+00 2.323830e+01 7.902917e+00
      vertex   -8.649841e+00 2.323598e+01 7.923118e+00
    endloop
  endfacet
  facet normal -2.744634e-01 9.492977e-01 1.533095e-01
    outer loop
      vertex   -8.649841e+00 2.323598e+01 7.923118e+00
      vertex   -8.653093e+00 2.323830e+01 7.902917e+00
      vertex   -8.721655e+00 2.321374e+01 7.932255e+00
    endloop
  endfacet
  facet normal -2.484519e-01 9.685361e-01 -1.447456e-02
    outer loop
      vertex   -8.578044e+00 2.325716e+01 7.876218e+00
      vertex   -8.688533e+00 2.322898e+01 7.887162e+00
      vertex   -8.653093e+00 2.323830e+01 7.902917e+00
    endloop
  endfacet
  facet normal -2.872199e-01 9.544266e-01 8.108447e-02
    outer loop
      vertex   -8.653093e+00 2.323830e+01 7.902917e+00
      vertex   -8.688533e+00 2.322898e+01 7.887162e+00
      vertex   -8.725624e+00 2.321571e+01 7.911905e+00
    endloop
  endfacet
  facet normal -2.776361e-01 9.495154e-01 1.460774e-01
    outer loop
      vertex   -8.653093e+00 2.323830e+01 7.902917e+00
      vertex   -8.725624e+00 2.321571e+01 7.911905e+00
      vertex   -8.721655e+00 2.321374e+01 7.932255e+00
    endloop
  endfacet
  facet normal -3.333755e-01 9.299565e-01 1.550539e-01
    outer loop
      vertex   -8.721655e+00 2.321374e+01 7.932255e+00
      vertex   -8.725624e+00 2.321571e+01 7.911905e+00
      vertex   -8.791492e+00 2.318689e+01 7.943142e+00
    endloop
  endfacet
  facet normal -3.451628e-01 9.384332e-01 -1.434545e-02
    outer loop
      vertex   -8.688533e+00 2.322898e+01 7.887162e+00
      vertex   -8.794709e+00 2.319015e+01 7.901991e+00
      vertex   -8.725624e+00 2.321571e+01 7.911905e+00
    endloop
  endfacet
  facet normal -3.532092e-01 9.340386e-01 5.305736e-02
    outer loop
      vertex   -8.725624e+00 2.321571e+01 7.911905e+00
      vertex   -8.794709e+00 2.319015e+01 7.901991e+00
      vertex   -8.796118e+00 2.318845e+01 7.922611e+00
    endloop
  endfacet
  facet normal -3.374188e-01 9.298903e-01 1.464670e-01
    outer loop
      vertex   -8.725624e+00 2.321571e+01 7.911905e+00
      vertex   -8.796118e+00 2.318845e+01 7.922611e+00
      vertex   -8.791492e+00 2.318689e+01 7.943142e+00
    endloop
  endfacet
  facet normal -3.903599e-01 9.072327e-01 1.566779e-01
    outer loop
      vertex   -8.791492e+00 2.318689e+01 7.943142e+00
      vertex   -8.796118e+00 2.318845e+01 7.922611e+00
      vertex   -8.859152e+00 2.315563e+01 7.955620e+00
    endloop
  endfacet
  facet normal -4.142183e-01 9.089726e-01 4.681946e-02
    outer loop
      vertex   -8.796118e+00 2.318845e+01 7.922611e+00
      vertex   -8.794709e+00 2.319015e+01 7.901991e+00
      vertex   -8.864374e+00 2.315671e+01 7.934878e+00
    endloop
  endfacet
  facet normal -4.354324e-01 9.001938e-01 -7.045380e-03
    outer loop
      vertex   -8.864374e+00 2.315671e+01 7.934878e+00
      vertex   -8.794709e+00 2.319015e+01 7.901991e+00
      vertex   -8.895859e+00 2.314137e+01 7.920209e+00
    endloop
  endfacet
  facet normal -4.659061e-01 8.813859e-01 7.804062e-02
    outer loop
      vertex   -8.864374e+00 2.315671e+01 7.934878e+00
      vertex   -8.895859e+00 2.314137e+01 7.920209e+00
      vertex   -8.930192e+00 2.312071e+01 7.948550e+00
    endloop
  endfacet
  facet normal -5.209189e-01 8.535599e-01 -8.886802e-03
    outer loop
      vertex   -8.930192e+00 2.312071e+01 7.948550e+00
      vertex   -8.895859e+00 2.314137e+01 7.920209e+00
      vertex   -8.991330e+00 2.308332e+01 7.941313e+00
    endloop
  endfacet
  facet normal -5.273604e-01 8.447465e-01 9.107406e-02
    outer loop
      vertex   -8.930192e+00 2.312071e+01 7.948550e+00
      vertex   -8.991330e+00 2.308332e+01 7.941313e+00
      vertex   -9.015250e+00 2.306540e+01 7.969069e+00
    endloop
  endfacet
  facet normal -5.982526e-01 8.013052e-01 1.923998e-03
    outer loop
      vertex   -9.015250e+00 2.306540e+01 7.969069e+00
      vertex   -8.991330e+00 2.308332e+01 7.941313e+00
      vertex   -9.080469e+00 2.301672e+01 7.964802e+00
    endloop
  endfacet
  facet normal -5.996098e-01 7.962445e-01 8.039162e-02
    outer loop
      vertex   -9.015250e+00 2.306540e+01 7.969069e+00
      vertex   -9.080469e+00 2.301672e+01 7.964802e+00
      vertex   -9.094950e+00 2.300311e+01 7.991498e+00
    endloop
  endfacet
  facet normal -6.688400e-01 7.432377e-01 1.583255e-02
    outer loop
      vertex   -9.094950e+00 2.300311e+01 7.991498e+00
      vertex   -9.080469e+00 2.301672e+01 7.964802e+00
      vertex   -9.162623e+00 2.294224e+01 7.990172e+00
    endloop
  endfacet
  facet normal -6.679486e-01 7.411148e-01 6.777599e-02
    outer loop
      vertex   -9.094950e+00 2.300311e+01 7.991498e+00
      vertex   -9.162623e+00 2.294224e+01 7.990172e+00
      vertex   -9.168793e+00 2.293437e+01 8.015446e+00
    endloop
  endfacet
  facet normal -7.328081e-01 6.796446e-01 3.279558e-02
    outer loop
      vertex   -9.168793e+00 2.293437e+01 8.015446e+00
      vertex   -9.162623e+00 2.294224e+01 7.990172e+00
      vertex   -9.237140e+00 2.286061e+01 8.016922e+00
    endloop
  endfacet
  facet normal -7.319480e-01 6.792610e-01 5.344743e-02
    outer loop
      vertex   -9.168793e+00 2.293437e+01 8.015446e+00
      vertex   -9.237140e+00 2.286061e+01 8.016922e+00
      vertex   -9.236277e+00 2.285968e+01 8.040521e+00
    endloop
  endfacet
  facet normal -7.901984e-01 6.105659e-01 5.287555e-02
    outer loop
      vertex   -9.236277e+00 2.285968e+01 8.040521e+00
      vertex   -9.237140e+00 2.286061e+01 8.016922e+00
      vertex   -9.303366e+00 2.277250e+01 8.044549e+00
    endloop
  endfacet
  facet normal -7.911064e-01 6.105430e-01 3.725501e-02
    outer loop
      vertex   -9.236277e+00 2.285968e+01 8.040521e+00
      vertex   -9.303366e+00 2.277250e+01 8.044549e+00
      vertex   -9.296904e+00 2.277955e+01 8.066334e+00
    endloop
  endfacet
  facet normal -8.353111e-01 5.451044e-01 7.152927e-02
    outer loop
      vertex   -9.296904e+00 2.277955e+01 8.066334e+00
      vertex   -9.303366e+00 2.277250e+01 8.044549e+00
      vertex   -9.350172e+00 2.269449e+01 8.092495e+00
    endloop
  endfacet
  facet normal -8.123750e-01 5.593945e-01 1.646955e-01
    outer loop
      vertex   -9.296904e+00 2.277955e+01 8.066334e+00
      vertex   -9.350172e+00 2.269449e+01 8.092495e+00
      vertex   -9.342535e+00 2.269860e+01 8.116191e+00
    endloop
  endfacet
  facet normal -8.498682e-01 4.921473e-01 1.884545e-01
    outer loop
      vertex   -9.342535e+00 2.269860e+01 8.116191e+00
      vertex   -9.350172e+00 2.269449e+01 8.092495e+00
      vertex   -9.388077e+00 2.260976e+01 8.142832e+00
    endloop
  endfacet
  facet normal -8.496054e-01 5.266952e-01 2.762016e-02
    outer loop
      vertex   -9.303366e+00 2.277250e+01 8.044549e+00
      vertex   -9.360650e+00 2.267863e+01 8.072552e+00
      vertex   -9.350172e+00 2.269449e+01 8.092495e+00
    endloop
  endfacet
  facet normal -8.779633e-01 4.707567e-01 8.699728e-02
    outer loop
      vertex   -9.350172e+00 2.269449e+01 8.092495e+00
      vertex   -9.360650e+00 2.267863e+01 8.072552e+00
      vertex   -9.395577e+00 2.260498e+01 8.118595e+00
    endloop
  endfacet
  facet normal -8.579356e-01 4.848074e-01 1.700242e-01
    outer loop
      vertex   -9.350172e+00 2.269449e+01 8.092495e+00
      vertex   -9.395577e+00 2.260498e+01 8.118595e+00
      vertex   -9.388077e+00 2.260976e+01 8.142832e+00
    endloop
  endfacet
  facet normal -8.901701e-01 4.121156e-01 1.943140e-01
    outer loop
      vertex   -9.388077e+00 2.260976e+01 8.142832e+00
      vertex   -9.395577e+00 2.260498e+01 8.118595e+00
      vertex   -9.425441e+00 2.251674e+01 8.168947e+00
    endloop
  endfacet
  facet normal -8.985152e-01 4.384955e-01 1.980288e-02
    outer loop
      vertex   -9.360650e+00 2.267863e+01 8.072552e+00
      vertex   -9.408346e+00 2.257964e+01 8.100394e+00
      vertex   -9.395577e+00 2.260498e+01 8.118595e+00
    endloop
  endfacet
  facet normal -9.153794e-01 3.902946e-01 9.874587e-02
    outer loop
      vertex   -9.395577e+00 2.260498e+01 8.118595e+00
      vertex   -9.408346e+00 2.257964e+01 8.100394e+00
      vertex   -9.432713e+00 2.251142e+01 8.144166e+00
    endloop
  endfacet
  facet normal -8.973791e-01 4.044094e-01 1.765325e-01
    outer loop
      vertex   -9.395577e+00 2.260498e+01 8.118595e+00
      vertex   -9.432713e+00 2.251142e+01 8.144166e+00
      vertex   -9.425441e+00 2.251674e+01 8.168947e+00
    endloop
  endfacet
  facet normal -9.225415e-01 3.301061e-01 1.998680e-01
    outer loop
      vertex   -9.425441e+00 2.251674e+01 8.168947e+00
      vertex   -9.432713e+00 2.251142e+01 8.144166e+00
      vertex   -9.454463e+00 2.242027e+01 8.194314e+00
    endloop
  endfacet
  facet normal -9.379176e-01 3.464018e-01 1.778825e-02
    outer loop
      vertex   -9.408346e+00 2.257964e+01 8.100394e+00
      vertex   -9.446056e+00 2.247615e+01 8.127537e+00
      vertex   -9.432713e+00 2.251142e+01 8.144166e+00
    endloop
  endfacet
  facet normal -9.455719e-01 3.075440e-01 1.063507e-01
    outer loop
      vertex   -9.432713e+00 2.251142e+01 8.144166e+00
      vertex   -9.446056e+00 2.247615e+01 8.127537e+00
      vertex   -9.461438e+00 2.241451e+01 8.168998e+00
    endloop
  endfacet
  facet normal -9.288975e-01 3.221559e-01 1.826611e-01
    outer loop
      vertex   -9.432713e+00 2.251142e+01 8.144166e+00
      vertex   -9.461438e+00 2.241451e+01 8.168998e+00
      vertex   -9.454463e+00 2.242027e+01 8.194314e+00
    endloop
  endfacet
  facet normal -9.471432e-01 2.469424e-01 2.047905e-01
    outer loop
      vertex   -9.454463e+00 2.242027e+01 8.194314e+00
      vertex   -9.461438e+00 2.241451e+01 8.168998e+00
      vertex   -9.475020e+00 2.232115e+01 8.218764e+00
    endloop
  endfacet
  facet normal -9.670625e-01 2.538603e-01 1.857774e-02
    outer loop
      vertex   -9.446056e+00 2.247615e+01 8.127537e+00
      vertex   -9.473648e+00 2.236912e+01 8.153750e+00
      vertex   -9.461438e+00 2.241451e+01 8.168998e+00
    endloop
  endfacet
  facet normal -9.684506e-01 2.233418e-01 1.105526e-01
    outer loop
      vertex   -9.461438e+00 2.241451e+01 8.168998e+00
      vertex   -9.473648e+00 2.236912e+01 8.153750e+00
      vertex   -9.481642e+00 2.231506e+01 8.192927e+00
    endloop
  endfacet
  facet normal -9.527219e-01 2.387614e-01 1.879199e-01
    outer loop
      vertex   -9.461438e+00 2.241451e+01 8.168998e+00
      vertex   -9.481642e+00 2.231506e+01 8.192927e+00
      vertex   -9.475020e+00 2.232115e+01 8.218764e+00
    endloop
  endfacet
  facet normal -9.643352e-01 1.625920e-01 2.088577e-01
    outer loop
      vertex   -9.475020e+00 2.232115e+01 8.218764e+00
      vertex   -9.481642e+00 2.231506e+01 8.192927e+00
      vertex   -9.486985e+00 2.222018e+01 8.242125e+00
    endloop
  endfacet
  facet normal -9.867115e-01 1.611224e-01 2.097455e-02
    outer loop
      vertex   -9.473648e+00 2.236912e+01 8.153750e+00
      vertex   -9.491004e+00 2.225956e+01 8.178832e+00
      vertex   -9.481642e+00 2.231506e+01 8.192927e+00
    endloop
  endfacet
  facet normal -9.841814e-01 1.377156e-01 1.114510e-01
    outer loop
      vertex   -9.481642e+00 2.231506e+01 8.192927e+00
      vertex   -9.491004e+00 2.225956e+01 8.178832e+00
      vertex   -9.493216e+00 2.221384e+01 8.215791e+00
    endloop
  endfacet
  facet normal -9.691509e-01 1.542450e-01 1.922369e-01
    outer loop
      vertex   -9.481642e+00 2.231506e+01 8.192927e+00
      vertex   -9.493216e+00 2.221384e+01 8.215791e+00
      vertex   -9.486985e+00 2.222018e+01 8.242125e+00
    endloop
  endfacet
  facet normal -9.742277e-01 7.695387e-02 2.120342e-01
    outer loop
      vertex   -9.486985e+00 2.222018e+01 8.242125e+00
      vertex   -9.493216e+00 2.221384e+01 8.215791e+00
      vertex   -9.490234e+00 2.211815e+01 8.264226e+00
    endloop
  endfacet
  facet normal -9.973748e-01 6.811874e-02 2.456412e-02
    outer loop
      vertex   -9.491004e+00 2.225956e+01 8.178832e+00
      vertex   -9.498005e+00 2.214849e+01 8.202579e+00
      vertex   -9.493216e+00 2.221384e+01 8.215791e+00
    endloop
  endfacet
  facet normal -9.927233e-01 5.065803e-02 1.092439e-01
    outer loop
      vertex   -9.493216e+00 2.221384e+01 8.215791e+00
      vertex   -9.498005e+00 2.214849e+01 8.202579e+00
      vertex   -9.496051e+00 2.211165e+01 8.237425e+00
    endloop
  endfacet
  facet normal -9.782647e-01 6.855959e-02 1.956980e-01
    outer loop
      vertex   -9.493216e+00 2.221384e+01 8.215791e+00
      vertex   -9.496051e+00 2.211165e+01 8.237425e+00
      vertex   -9.490234e+00 2.211815e+01 8.264226e+00
    endloop
  endfacet
  facet normal -9.766911e-01 -1.006143e-02 2.144136e-01
    outer loop
      vertex   -9.490234e+00 2.211815e+01 8.264226e+00
      vertex   -9.496051e+00 2.211165e+01 8.237425e+00
      vertex   -9.484642e+00 2.201586e+01 8.284897e+00
    endloop
  endfacet
  facet normal -9.992503e-01 -2.526469e-02 2.933534e-02
    outer loop
      vertex   -9.498005e+00 2.214849e+01 8.202579e+00
      vertex   -9.494532e+00 2.203692e+01 8.224789e+00
      vertex   -9.496051e+00 2.211165e+01 8.237425e+00
    endloop
  endfacet
  facet normal -9.938419e-01 -3.780567e-02 1.041586e-01
    outer loop
      vertex   -9.496051e+00 2.211165e+01 8.237425e+00
      vertex   -9.494532e+00 2.203692e+01 8.224789e+00
      vertex   -9.490035e+00 2.200927e+01 8.257667e+00
    endloop
  endfacet
  facet normal -9.799306e-01 -1.833661e-02 1.984936e-01
    outer loop
      vertex   -9.496051e+00 2.211165e+01 8.237425e+00
      vertex   -9.490035e+00 2.200927e+01 8.257667e+00
      vertex   -9.484642e+00 2.201586e+01 8.284897e+00
    endloop
  endfacet
  facet normal -9.713789e-01 -9.845734e-02 2.161692e-01
    outer loop
      vertex   -9.484642e+00 2.201586e+01 8.284897e+00
      vertex   -9.490035e+00 2.200927e+01 8.257667e+00
      vertex   -9.470085e+00 2.191410e+01 8.303967e+00
    endloop
  endfacet
  facet normal -9.922449e-01 -1.190939e-01 3.559131e-02
    outer loop
      vertex   -9.494532e+00 2.203692e+01 8.224789e+00
      vertex   -9.480466e+00 2.192584e+01 8.245260e+00
      vertex   -9.490035e+00 2.200927e+01 8.257667e+00
    endloop
  endfacet
  facet normal -9.871362e-01 -1.275509e-01 9.639984e-02
    outer loop
      vertex   -9.490035e+00 2.200927e+01 8.257667e+00
      vertex   -9.480466e+00 2.192584e+01 8.245260e+00
      vertex   -9.475059e+00 2.190750e+01 8.276353e+00
    endloop
  endfacet
  facet normal -9.738204e-01 -1.064098e-01 2.008749e-01
    outer loop
      vertex   -9.490035e+00 2.200927e+01 8.257667e+00
      vertex   -9.475059e+00 2.190750e+01 8.276353e+00
      vertex   -9.470085e+00 2.191410e+01 8.303967e+00
    endloop
  endfacet
  facet normal -9.577652e-01 -1.880770e-01 2.175153e-01
    outer loop
      vertex   -9.470085e+00 2.191410e+01 8.303967e+00
      vertex   -9.475059e+00 2.190750e+01 8.276353e+00
      vertex   -9.446437e+00 2.181368e+01 8.321265e+00
    endloop
  endfacet
  facet normal -9.760010e-01 -2.133005e-01 4.387348e-02
    outer loop
      vertex   -9.480466e+00 2.192584e+01 8.245260e+00
      vertex   -9.455688e+00 2.181627e+01 8.263788e+00
      vertex   -9.475059e+00 2.190750e+01 8.276353e+00
    endloop
  endfacet
  facet normal -9.720787e-01 -2.182851e-01 8.610820e-02
    outer loop
      vertex   -9.475059e+00 2.190750e+01 8.276353e+00
      vertex   -9.455688e+00 2.181627e+01 8.263788e+00
      vertex   -9.451014e+00 2.180711e+01 8.293320e+00
    endloop
  endfacet
  facet normal -9.594427e-01 -1.954812e-01 2.031177e-01
    outer loop
      vertex   -9.475059e+00 2.190750e+01 8.276353e+00
      vertex   -9.451014e+00 2.180711e+01 8.293320e+00
      vertex   -9.446437e+00 2.181368e+01 8.321265e+00
    endloop
  endfacet
  facet normal -9.352024e-01 -2.785292e-01 2.186731e-01
    outer loop
      vertex   -9.446437e+00 2.181368e+01 8.321265e+00
      vertex   -9.451014e+00 2.180711e+01 8.293320e+00
      vertex   -9.413573e+00 2.171539e+01 8.336620e+00
    endloop
  endfacet
  facet normal -9.499345e-01 -3.075896e-01 5.489188e-02
    outer loop
      vertex   -9.455688e+00 2.181627e+01 8.263788e+00
      vertex   -9.420079e+00 2.170923e+01 8.280171e+00
      vertex   -9.451014e+00 2.180711e+01 8.293320e+00
    endloop
  endfacet
  facet normal -9.480751e-01 -3.094783e-01 7.332637e-02
    outer loop
      vertex   -9.451014e+00 2.180711e+01 8.293320e+00
      vertex   -9.420079e+00 2.170923e+01 8.280171e+00
      vertex   -9.417790e+00 2.170890e+01 8.308406e+00
    endloop
  endfacet
  facet normal -9.361940e-01 -2.851577e-01 2.054895e-01
    outer loop
      vertex   -9.451014e+00 2.180711e+01 8.293320e+00
      vertex   -9.417790e+00 2.170890e+01 8.308406e+00
      vertex   -9.413573e+00 2.171539e+01 8.336620e+00
    endloop
  endfacet
  facet normal -9.030092e-01 -3.691138e-01 2.198393e-01
    outer loop
      vertex   -9.413573e+00 2.171539e+01 8.336620e+00
      vertex   -9.417790e+00 2.170890e+01 8.308406e+00
      vertex   -9.371373e+00 2.162004e+01 8.349865e+00
    endloop
  endfacet
  facet normal -9.132904e-01 -4.013442e-01 6.945159e-02
    outer loop
      vertex   -9.420079e+00 2.170923e+01 8.280171e+00
      vertex   -9.373525e+00 2.160572e+01 8.294213e+00
      vertex   -9.417790e+00 2.170890e+01 8.308406e+00
    endloop
  endfacet
  facet normal -9.145482e-01 -4.003029e-01 5.795858e-02
    outer loop
      vertex   -9.417790e+00 2.170890e+01 8.308406e+00
      vertex   -9.373525e+00 2.160572e+01 8.294213e+00
      vertex   -9.375279e+00 2.161367e+01 8.321449e+00
    endloop
  endfacet
  facet normal -9.034383e-01 -3.747641e-01 2.082093e-01
    outer loop
      vertex   -9.417790e+00 2.170890e+01 8.308406e+00
      vertex   -9.375279e+00 2.161367e+01 8.321449e+00
      vertex   -9.371373e+00 2.162004e+01 8.349865e+00
    endloop
  endfacet
  facet normal -8.613813e-01 -4.573868e-01 2.209514e-01
    outer loop
      vertex   -9.371373e+00 2.162004e+01 8.349865e+00
      vertex   -9.375279e+00 2.161367e+01 8.321449e+00
      vertex   -9.320093e+00 2.152889e+01 8.361095e+00
    endloop
  endfacet
  facet normal -8.714088e-01 -4.831506e-01 8.492533e-02
    outer loop
      vertex   -9.375279e+00 2.161367e+01 8.321449e+00
      vertex   -9.373525e+00 2.160572e+01 8.294213e+00
      vertex   -9.323724e+00 2.152264e+01 8.332544e+00
    endloop
  endfacet
  facet normal -8.661834e-01 -4.975101e-01 4.701095e-02
    outer loop
      vertex   -9.323724e+00 2.152264e+01 8.332544e+00
      vertex   -9.373525e+00 2.160572e+01 8.294213e+00
      vertex   -9.316315e+00 2.150723e+01 8.306021e+00
    endloop
  endfacet
  facet normal -8.214164e-01 -5.620227e-01 9.698227e-02
    outer loop
      vertex   -9.323724e+00 2.152264e+01 8.332544e+00
      vertex   -9.316315e+00 2.150723e+01 8.306021e+00
      vertex   -9.263803e+00 2.143668e+01 8.341908e+00
    endloop
  endfacet
  facet normal -8.108386e-01 -5.840180e-01 3.825977e-02
    outer loop
      vertex   -9.263803e+00 2.143668e+01 8.341908e+00
      vertex   -9.316315e+00 2.150723e+01 8.306021e+00
      vertex   -9.249299e+00 2.141483e+01 8.315852e+00
    endloop
  endfacet
  facet normal -7.656898e-01 -6.344678e-01 1.056873e-01
    outer loop
      vertex   -9.263803e+00 2.143668e+01 8.341908e+00
      vertex   -9.249299e+00 2.141483e+01 8.315852e+00
      vertex   -9.196194e+00 2.135638e+01 8.349694e+00
    endloop
  endfacet
  facet normal -7.488621e-01 -6.619628e-01 3.179417e-02
    outer loop
      vertex   -9.196194e+00 2.135638e+01 8.349694e+00
      vertex   -9.249299e+00 2.141483e+01 8.315852e+00
      vertex   -9.173341e+00 2.132929e+01 8.323896e+00
    endloop
  endfacet
  facet normal -7.047175e-01 -7.006651e-01 1.115423e-01
    outer loop
      vertex   -9.196194e+00 2.135638e+01 8.349694e+00
      vertex   -9.173341e+00 2.132929e+01 8.323896e+00
      vertex   -9.121574e+00 2.128234e+01 8.356057e+00
    endloop
  endfacet
  facet normal -6.807843e-01 -7.319744e-01 2.731811e-02
    outer loop
      vertex   -9.121574e+00 2.128234e+01 8.356057e+00
      vertex   -9.173341e+00 2.132929e+01 8.323896e+00
      vertex   -9.089307e+00 2.125137e+01 8.330340e+00
    endloop
  endfacet
  facet normal -6.387125e-01 -7.608258e-01 1.148500e-01
    outer loop
      vertex   -9.121574e+00 2.128234e+01 8.356057e+00
      vertex   -9.089307e+00 2.125137e+01 8.330340e+00
      vertex   -9.040619e+00 2.121515e+01 8.361149e+00
    endloop
  endfacet
  facet normal -6.067273e-01 -7.945267e-01 2.468409e-02
    outer loop
      vertex   -9.040619e+00 2.121515e+01 8.361149e+00
      vertex   -9.089307e+00 2.125137e+01 8.330340e+00
      vertex   -8.998062e+00 2.118185e+01 8.335372e+00
    endloop
  endfacet
  facet normal -5.676628e-01 -8.150850e-01 1.157381e-01
    outer loop
      vertex   -9.040619e+00 2.121515e+01 8.361149e+00
      vertex   -8.998062e+00 2.118185e+01 8.335372e+00
      vertex   -8.954006e+00 2.115539e+01 8.365124e+00
    endloop
  endfacet
  facet normal -5.265247e-01 -8.498230e-01 2.392981e-02
    outer loop
      vertex   -8.954006e+00 2.115539e+01 8.365124e+00
      vertex   -8.998062e+00 2.118185e+01 8.335372e+00
      vertex   -8.900471e+00 2.112149e+01 8.339182e+00
    endloop
  endfacet
  facet normal -4.913960e-01 -8.634179e-01 1.141906e-01
    outer loop
      vertex   -8.954006e+00 2.115539e+01 8.365124e+00
      vertex   -8.900471e+00 2.112149e+01 8.339182e+00
      vertex   -8.862412e+00 2.110366e+01 8.368134e+00
    endloop
  endfacet
  facet normal -4.398517e-01 -8.977138e-01 2.530868e-02
    outer loop
      vertex   -8.862412e+00 2.110366e+01 8.368134e+00
      vertex   -8.900471e+00 2.112149e+01 8.339182e+00
      vertex   -8.797400e+00 2.107107e+01 8.341958e+00
    endloop
  endfacet
  facet normal -4.096565e-01 -9.055730e-01 1.100867e-01
    outer loop
      vertex   -8.862412e+00 2.110366e+01 8.368134e+00
      vertex   -8.797400e+00 2.107107e+01 8.341958e+00
      vertex   -8.766512e+00 2.106055e+01 8.370333e+00
    endloop
  endfacet
  facet normal -3.463770e-01 -9.376373e-01 2.931243e-02
    outer loop
      vertex   -8.766512e+00 2.106055e+01 8.370333e+00
      vertex   -8.797400e+00 2.107107e+01 8.341958e+00
      vertex   -8.689714e+00 2.103135e+01 8.343887e+00
    endloop
  endfacet
  facet normal -3.222036e-01 -9.410233e-01 1.032476e-01
    outer loop
      vertex   -8.766512e+00 2.106055e+01 8.370333e+00
      vertex   -8.689714e+00 2.103135e+01 8.343887e+00
      vertex   -8.666984e+00 2.102664e+01 8.371875e+00
    endloop
  endfacet
  facet normal -2.468108e-01 -9.683410e-01 3.741713e-02
    outer loop
      vertex   -8.666984e+00 2.102664e+01 8.371875e+00
      vertex   -8.689714e+00 2.103135e+01 8.343887e+00
      vertex   -8.578406e+00 2.100303e+01 8.345196e+00
    endloop
  endfacet
  facet normal -2.304740e-01 -9.687202e-01 9.199405e-02
    outer loop
      vertex   -8.666984e+00 2.102664e+01 8.371875e+00
      vertex   -8.578406e+00 2.100303e+01 8.345196e+00
      vertex   -8.564668e+00 2.100240e+01 8.372962e+00
    endloop
  endfacet
  facet normal -1.463693e-01 -9.879686e-01 4.994093e-02
    outer loop
      vertex   -8.564668e+00 2.100240e+01 8.372962e+00
      vertex   -8.578406e+00 2.100303e+01 8.345196e+00
      vertex   -8.464814e+00 2.098624e+01 8.346059e+00
    endloop
  endfacet
  facet normal -1.387612e-01 -9.872684e-01 7.775947e-02
    outer loop
      vertex   -8.564668e+00 2.100240e+01 8.372962e+00
      vertex   -8.464814e+00 2.098624e+01 8.346059e+00
      vertex   -8.460577e+00 2.098783e+01 8.373696e+00
    endloop
  endfacet
  facet normal -4.766977e-02 -9.967888e-01 6.434036e-02
    outer loop
      vertex   -8.460577e+00 2.098783e+01 8.373696e+00
      vertex   -8.464814e+00 2.098624e+01 8.346059e+00
      vertex   -8.355575e+00 2.098283e+01 8.374037e+00
    endloop
  endfacet
  facet normal -4.716264e-02 -9.760205e-01 2.125083e-01
    outer loop
      vertex   -8.460577e+00 2.098783e+01 8.373696e+00
      vertex   -8.355575e+00 2.098283e+01 8.374037e+00
      vertex   -8.355542e+00 2.098900e+01 8.402378e+00
    endloop
  endfacet
  facet normal 4.183018e-02 -9.762740e-01 2.124601e-01
    outer loop
      vertex   -8.355542e+00 2.098900e+01 8.402378e+00
      vertex   -8.355575e+00 2.098283e+01 8.374037e+00
      vertex   -8.250927e+00 2.099346e+01 8.402298e+00
    endloop
  endfacet
  facet normal -4.693017e-02 -9.970077e-01 6.142590e-02
    outer loop
      vertex   -8.464814e+00 2.098624e+01 8.346059e+00
      vertex   -8.350084e+00 2.098087e+01 8.346433e+00
      vertex   -8.355575e+00 2.098283e+01 8.374037e+00
    endloop
  endfacet
  facet normal 4.253004e-02 -9.959553e-01 7.914636e-02
    outer loop
      vertex   -8.355575e+00 2.098283e+01 8.374037e+00
      vertex   -8.350084e+00 2.098087e+01 8.346433e+00
      vertex   -8.250522e+00 2.098730e+01 8.373945e+00
    endloop
  endfacet
  facet normal 4.180781e-02 -9.762582e-01 2.125370e-01
    outer loop
      vertex   -8.355575e+00 2.098283e+01 8.374037e+00
      vertex   -8.250522e+00 2.098730e+01 8.373945e+00
      vertex   -8.250927e+00 2.099346e+01 8.402298e+00
    endloop
  endfacet
  facet normal 1.302129e-01 -9.685291e-01 2.121227e-01
    outer loop
      vertex   -8.250927e+00 2.099346e+01 8.402298e+00
      vertex   -8.250522e+00 2.098730e+01 8.373945e+00
      vertex   -8.147116e+00 2.100730e+01 8.401757e+00
    endloop
  endfacet
  facet normal 5.139019e-02 -9.975505e-01 4.745587e-02
    outer loop
      vertex   -8.350084e+00 2.098087e+01 8.346433e+00
      vertex   -8.235346e+00 2.098677e+01 8.346267e+00
      vertex   -8.250522e+00 2.098730e+01 8.373945e+00
    endloop
  endfacet
  facet normal 1.317614e-01 -9.870661e-01 9.132108e-02
    outer loop
      vertex   -8.250522e+00 2.098730e+01 8.373945e+00
      vertex   -8.235346e+00 2.098677e+01 8.346267e+00
      vertex   -8.146280e+00 2.100117e+01 8.373377e+00
    endloop
  endfacet
  facet normal 1.299372e-01 -9.683667e-01 2.130309e-01
    outer loop
      vertex   -8.250522e+00 2.098730e+01 8.373945e+00
      vertex   -8.146280e+00 2.100117e+01 8.373377e+00
      vertex   -8.147116e+00 2.100730e+01 8.401757e+00
    endloop
  endfacet
  facet normal 2.177809e-01 -9.526451e-01 2.122233e-01
    outer loop
      vertex   -8.147116e+00 2.100730e+01 8.401757e+00
      vertex   -8.146280e+00 2.100117e+01 8.373377e+00
      vertex   -8.044962e+00 2.103042e+01 8.400711e+00
    endloop
  endfacet
  facet normal 1.485959e-01 -9.882195e-01 3.662587e-02
    outer loop
      vertex   -8.235346e+00 2.098677e+01 8.346267e+00
      vertex   -8.121731e+00 2.100383e+01 8.345511e+00
      vertex   -8.146280e+00 2.100117e+01 8.373377e+00
    endloop
  endfacet
  facet normal 2.200659e-01 -9.702103e-01 1.013061e-01
    outer loop
      vertex   -8.146280e+00 2.100117e+01 8.373377e+00
      vertex   -8.121731e+00 2.100383e+01 8.345511e+00
      vertex   -8.043710e+00 2.102432e+01 8.372294e+00
    endloop
  endfacet
  facet normal 2.172312e-01 -9.523786e-01 2.139759e-01
    outer loop
      vertex   -8.146280e+00 2.100117e+01 8.373377e+00
      vertex   -8.043710e+00 2.102432e+01 8.372294e+00
      vertex   -8.044962e+00 2.103042e+01 8.400711e+00
    endloop
  endfacet
  facet normal 3.044691e-01 -9.284731e-01 2.126880e-01
    outer loop
      vertex   -8.044962e+00 2.103042e+01 8.400711e+00
      vertex   -8.043710e+00 2.102432e+01 8.372294e+00
      vertex   -7.945318e+00 2.106273e+01 8.399119e+00
    endloop
  endfacet
  facet normal 2.447473e-01 -9.691648e-01 2.860558e-02
    outer loop
      vertex   -8.121731e+00 2.100383e+01 8.345511e+00
      vertex   -8.010369e+00 2.103191e+01 8.344114e+00
      vertex   -8.043710e+00 2.102432e+01 8.372294e+00
    endloop
  endfacet
  facet normal 3.074507e-01 -9.452743e-01 1.092277e-01
    outer loop
      vertex   -8.043710e+00 2.102432e+01 8.372294e+00
      vertex   -8.010369e+00 2.103191e+01 8.344114e+00
      vertex   -7.943675e+00 2.105667e+01 8.370653e+00
    endloop
  endfacet
  facet normal 3.036536e-01 -9.281556e-01 2.152247e-01
    outer loop
      vertex   -8.043710e+00 2.102432e+01 8.372294e+00
      vertex   -7.943675e+00 2.105667e+01 8.370653e+00
      vertex   -7.945318e+00 2.106273e+01 8.399119e+00
    endloop
  endfacet
  facet normal 3.900881e-01 -8.957294e-01 2.133077e-01
    outer loop
      vertex   -7.945318e+00 2.106273e+01 8.399119e+00
      vertex   -7.943675e+00 2.105667e+01 8.370653e+00
      vertex   -7.849037e+00 2.110414e+01 8.396937e+00
    endloop
  endfacet
  facet normal 3.398505e-01 -9.401966e-01 2.306651e-02
    outer loop
      vertex   -8.010369e+00 2.103191e+01 8.344114e+00
      vertex   -7.902390e+00 2.107089e+01 8.342025e+00
      vertex   -7.943675e+00 2.105667e+01 8.370653e+00
    endloop
  endfacet
  facet normal 3.938009e-01 -9.119887e-01 1.148804e-01
    outer loop
      vertex   -7.943675e+00 2.105667e+01 8.370653e+00
      vertex   -7.902390e+00 2.107089e+01 8.342025e+00
      vertex   -7.847034e+00 2.109811e+01 8.368414e+00
    endloop
  endfacet
  facet normal 3.890477e-01 -8.954180e-01 2.164914e-01
    outer loop
      vertex   -7.943675e+00 2.105667e+01 8.370653e+00
      vertex   -7.847034e+00 2.109811e+01 8.368414e+00
      vertex   -7.849037e+00 2.110414e+01 8.396937e+00
    endloop
  endfacet
  facet normal 4.742620e-01 -8.540456e-01 2.137328e-01
    outer loop
      vertex   -7.849037e+00 2.110414e+01 8.396937e+00
      vertex   -7.847034e+00 2.109811e+01 8.368414e+00
      vertex   -7.757004e+00 2.115453e+01 8.394077e+00
    endloop
  endfacet
  facet normal 4.336991e-01 -9.008427e-01 1.968638e-02
    outer loop
      vertex   -7.902390e+00 2.107089e+01 8.342025e+00
      vertex   -7.798926e+00 2.112064e+01 8.339193e+00
      vertex   -7.847034e+00 2.109811e+01 8.368414e+00
    endloop
  endfacet
  facet normal 4.787368e-01 -8.700513e-01 1.175662e-01
    outer loop
      vertex   -7.847034e+00 2.109811e+01 8.368414e+00
      vertex   -7.798926e+00 2.112064e+01 8.339193e+00
      vertex   -7.754682e+00 2.114854e+01 8.365495e+00
    endloop
  endfacet
  facet normal 4.730133e-01 -8.537796e-01 2.175290e-01
    outer loop
      vertex   -7.847034e+00 2.109811e+01 8.368414e+00
      vertex   -7.754682e+00 2.114854e+01 8.365495e+00
      vertex   -7.757004e+00 2.115453e+01 8.394077e+00
    endloop
  endfacet
  facet normal 5.545666e-01 -8.042164e-01 2.137564e-01
    outer loop
      vertex   -7.757004e+00 2.115453e+01 8.394077e+00
      vertex   -7.754682e+00 2.114854e+01 8.365495e+00
      vertex   -7.670118e+00 2.121343e+01 8.390246e+00
    endloop
  endfacet
  facet normal 5.245528e-01 -8.511328e-01 2.042888e-02
    outer loop
      vertex   -7.798926e+00 2.112064e+01 8.339193e+00
      vertex   -7.701189e+00 2.118078e+01 8.335384e+00
      vertex   -7.754682e+00 2.114854e+01 8.365495e+00
    endloop
  endfacet
  facet normal 5.596121e-01 -8.206939e-01 1.153078e-01
    outer loop
      vertex   -7.754682e+00 2.114854e+01 8.365495e+00
      vertex   -7.701189e+00 2.118078e+01 8.335384e+00
      vertex   -7.667511e+00 2.120743e+01 8.361614e+00
    endloop
  endfacet
  facet normal 5.529357e-01 -8.039962e-01 2.187515e-01
    outer loop
      vertex   -7.754682e+00 2.114854e+01 8.365495e+00
      vertex   -7.667511e+00 2.120743e+01 8.361614e+00
      vertex   -7.670118e+00 2.121343e+01 8.390246e+00
    endloop
  endfacet
  facet normal 6.281084e-01 -7.481495e-01 2.138975e-01
    outer loop
      vertex   -7.670118e+00 2.121343e+01 8.390246e+00
      vertex   -7.667511e+00 2.120743e+01 8.361614e+00
      vertex   -7.588992e+00 2.128012e+01 8.385274e+00
    endloop
  endfacet
  facet normal 6.081138e-01 -7.934450e-01 2.535020e-02
    outer loop
      vertex   -7.701189e+00 2.118078e+01 8.335384e+00
      vertex   -7.610091e+00 2.125044e+01 8.330321e+00
      vertex   -7.667511e+00 2.120743e+01 8.361614e+00
    endloop
  endfacet
  facet normal 6.337825e-01 -7.655331e-01 1.108102e-01
    outer loop
      vertex   -7.667511e+00 2.120743e+01 8.361614e+00
      vertex   -7.610091e+00 2.125044e+01 8.330321e+00
      vertex   -7.586124e+00 2.127409e+01 8.356612e+00
    endloop
  endfacet
  facet normal 6.261508e-01 -7.480211e-01 2.199994e-01
    outer loop
      vertex   -7.667511e+00 2.120743e+01 8.361614e+00
      vertex   -7.586124e+00 2.127409e+01 8.356612e+00
      vertex   -7.588992e+00 2.128012e+01 8.385274e+00
    endloop
  endfacet
  facet normal 6.950042e-01 -6.864410e-01 2.139345e-01
    outer loop
      vertex   -7.588992e+00 2.128012e+01 8.385274e+00
      vertex   -7.586124e+00 2.127409e+01 8.356612e+00
      vertex   -7.514211e+00 2.135388e+01 8.379016e+00
    endloop
  endfacet
  facet normal 6.837910e-01 -7.289615e-01 3.232622e-02
    outer loop
      vertex   -7.610091e+00 2.125044e+01 8.330321e+00
      vertex   -7.526362e+00 2.132869e+01 8.323836e+00
      vertex   -7.586124e+00 2.127409e+01 8.356612e+00
    endloop
  endfacet
  facet normal 7.013903e-01 -7.051324e-01 1.041156e-01
    outer loop
      vertex   -7.586124e+00 2.127409e+01 8.356612e+00
      vertex   -7.526362e+00 2.132869e+01 8.323836e+00
      vertex   -7.511096e+00 2.134779e+01 8.350351e+00
    endloop
  endfacet
  facet normal 6.927807e-01 -6.864345e-01 2.210488e-01
    outer loop
      vertex   -7.586124e+00 2.127409e+01 8.356612e+00
      vertex   -7.511096e+00 2.134779e+01 8.350351e+00
      vertex   -7.514211e+00 2.135388e+01 8.379016e+00
    endloop
  endfacet
  facet normal 7.555321e-01 -6.193066e-01 2.136132e-01
    outer loop
      vertex   -7.514211e+00 2.135388e+01 8.379016e+00
      vertex   -7.511096e+00 2.134779e+01 8.350351e+00
      vertex   -7.446362e+00 2.143400e+01 8.371324e+00
    endloop
  endfacet
  facet normal 7.519388e-01 -6.579549e-01 4.102936e-02
    outer loop
      vertex   -7.526362e+00 2.132869e+01 8.323836e+00
      vertex   -7.450730e+00 2.141462e+01 8.315760e+00
      vertex   -7.511096e+00 2.134779e+01 8.350351e+00
    endloop
  endfacet
  facet normal 7.626919e-01 -6.397523e-01 9.496386e-02
    outer loop
      vertex   -7.511096e+00 2.134779e+01 8.350351e+00
      vertex   -7.450730e+00 2.141462e+01 8.315760e+00
      vertex   -7.443003e+00 2.142783e+01 8.342692e+00
    endloop
  endfacet
  facet normal 7.530756e-01 -6.194403e-01 2.217449e-01
    outer loop
      vertex   -7.511096e+00 2.134779e+01 8.350351e+00
      vertex   -7.443003e+00 2.142783e+01 8.342692e+00
      vertex   -7.446362e+00 2.143400e+01 8.371324e+00
    endloop
  endfacet
  facet normal 8.098393e-01 -5.467181e-01 2.127429e-01
    outer loop
      vertex   -7.446362e+00 2.143400e+01 8.371324e+00
      vertex   -7.443003e+00 2.142783e+01 8.342692e+00
      vertex   -7.386029e+00 2.151976e+01 8.362053e+00
    endloop
  endfacet
  facet normal 8.127651e-01 -5.803155e-01 5.144690e-02
    outer loop
      vertex   -7.450730e+00 2.141462e+01 8.315760e+00
      vertex   -7.383925e+00 2.150732e+01 8.305922e+00
      vertex   -7.443003e+00 2.142783e+01 8.342692e+00
    endloop
  endfacet
  facet normal 8.178177e-01 -5.694541e-01 8.304327e-02
    outer loop
      vertex   -7.443003e+00 2.142783e+01 8.342692e+00
      vertex   -7.383925e+00 2.150732e+01 8.305922e+00
      vertex   -7.382420e+00 2.151350e+01 8.333498e+00
    endloop
  endfacet
  facet normal 8.071605e-01 -5.470047e-01 2.219862e-01
    outer loop
      vertex   -7.443003e+00 2.142783e+01 8.342692e+00
      vertex   -7.382420e+00 2.151350e+01 8.333498e+00
      vertex   -7.386029e+00 2.151976e+01 8.362053e+00
    endloop
  endfacet
  facet normal 8.578630e-01 -4.684821e-01 2.111767e-01
    outer loop
      vertex   -7.386029e+00 2.151976e+01 8.362053e+00
      vertex   -7.382420e+00 2.151350e+01 8.333498e+00
      vertex   -7.333799e+00 2.161045e+01 8.351058e+00
    endloop
  endfacet
  facet normal 8.661850e-01 -4.956279e-01 6.384807e-02
    outer loop
      vertex   -7.383925e+00 2.150732e+01 8.305922e+00
      vertex   -7.326677e+00 2.160585e+01 8.294155e+00
      vertex   -7.382420e+00 2.151350e+01 8.333498e+00
    endloop
  endfacet
  facet normal 8.666971e-01 -4.941830e-01 6.796542e-02
    outer loop
      vertex   -7.382420e+00 2.151350e+01 8.333498e+00
      vertex   -7.326677e+00 2.160585e+01 8.294155e+00
      vertex   -7.329921e+00 2.160408e+01 8.322630e+00
    endloop
  endfacet
  facet normal 8.549561e-01 -4.689314e-01 2.217058e-01
    outer loop
      vertex   -7.382420e+00 2.151350e+01 8.333498e+00
      vertex   -7.329921e+00 2.160408e+01 8.322630e+00
      vertex   -7.333799e+00 2.161045e+01 8.351058e+00
    endloop
  endfacet
  facet normal 8.992725e-01 -3.843351e-01 2.087953e-01
    outer loop
      vertex   -7.333799e+00 2.161045e+01 8.351058e+00
      vertex   -7.329921e+00 2.160408e+01 8.322630e+00
      vertex   -7.290255e+00 2.170534e+01 8.338191e+00
    endloop
  endfacet
  facet normal 9.087799e-01 -4.099202e-01 7.800312e-02
    outer loop
      vertex   -7.329921e+00 2.160408e+01 8.322630e+00
      vertex   -7.326677e+00 2.160585e+01 8.294155e+00
      vertex   -7.286081e+00 2.169885e+01 8.309950e+00
    endloop
  endfacet
  facet normal 9.119533e-01 -4.069440e-01 5.232299e-02
    outer loop
      vertex   -7.286081e+00 2.169885e+01 8.309950e+00
      vertex   -7.326677e+00 2.160585e+01 8.294155e+00
      vertex   -7.279715e+00 2.170931e+01 8.280287e+00
    endloop
  endfacet
  facet normal 9.432364e-01 -3.197645e-01 8.975433e-02
    outer loop
      vertex   -7.286081e+00 2.169885e+01 8.309950e+00
      vertex   -7.279715e+00 2.170931e+01 8.280287e+00
      vertex   -7.251416e+00 2.179700e+01 8.295327e+00
    endloop
  endfacet
  facet normal 9.488606e-01 -3.131065e-01 4.034777e-02
    outer loop
      vertex   -7.251416e+00 2.179700e+01 8.295327e+00
      vertex   -7.279715e+00 2.170931e+01 8.280287e+00
      vertex   -7.243633e+00 2.181658e+01 8.264171e+00
    endloop
  endfacet
  facet normal 9.685172e-01 -2.287331e-01 9.826268e-02
    outer loop
      vertex   -7.251416e+00 2.179700e+01 8.295327e+00
      vertex   -7.243633e+00 2.181658e+01 8.264171e+00
      vertex   -7.226018e+00 2.189744e+01 8.278778e+00
    endloop
  endfacet
  facet normal 9.753780e-01 -2.182293e-01 3.184013e-02
    outer loop
      vertex   -7.226018e+00 2.189744e+01 8.278778e+00
      vertex   -7.243633e+00 2.181658e+01 8.264171e+00
      vertex   -7.218471e+00 2.192637e+01 8.245872e+00
    endloop
  endfacet
  facet normal 9.849007e-01 -1.379382e-01 1.046118e-01
    outer loop
      vertex   -7.226018e+00 2.189744e+01 8.278778e+00
      vertex   -7.218471e+00 2.192637e+01 8.245872e+00
      vertex   -7.209801e+00 2.199933e+01 8.260444e+00
    endloop
  endfacet
  facet normal 9.920664e-01 -1.230440e-01 2.577603e-02
    outer loop
      vertex   -7.209801e+00 2.199933e+01 8.260444e+00
      vertex   -7.218471e+00 2.192637e+01 8.245872e+00
      vertex   -7.204143e+00 2.203763e+01 8.225568e+00
    endloop
  endfacet
  facet normal 9.929380e-01 -4.778417e-02 1.085851e-01
    outer loop
      vertex   -7.209801e+00 2.199933e+01 8.260444e+00
      vertex   -7.204143e+00 2.203763e+01 8.225568e+00
      vertex   -7.202683e+00 2.210184e+01 8.240468e+00
    endloop
  endfacet
  facet normal 9.993822e-01 -2.773872e-02 2.158045e-02
    outer loop
      vertex   -7.202683e+00 2.210184e+01 8.240468e+00
      vertex   -7.204143e+00 2.203763e+01 8.225568e+00
      vertex   -7.200565e+00 2.214932e+01 8.203435e+00
    endloop
  endfacet
  facet normal 9.930622e-01 4.151295e-02 1.100191e-01
    outer loop
      vertex   -7.202683e+00 2.210184e+01 8.240468e+00
      vertex   -7.200565e+00 2.214932e+01 8.203435e+00
      vertex   -7.204581e+00 2.220415e+01 8.218994e+00
    endloop
  endfacet
  facet normal 9.975268e-01 6.769635e-02 1.890829e-02
    outer loop
      vertex   -7.204581e+00 2.220415e+01 8.218994e+00
      vertex   -7.200565e+00 2.214932e+01 8.203435e+00
      vertex   -7.207652e+00 2.226039e+01 8.179650e+00
    endloop
  endfacet
  facet normal 9.855499e-01 1.298813e-01 1.087301e-01
    outer loop
      vertex   -7.204581e+00 2.220415e+01 8.218994e+00
      vertex   -7.207652e+00 2.226039e+01 8.179650e+00
      vertex   -7.215412e+00 2.230545e+01 8.196166e+00
    endloop
  endfacet
  facet normal 9.864027e-01 1.633874e-01 1.772697e-02
    outer loop
      vertex   -7.215412e+00 2.230545e+01 8.196166e+00
      vertex   -7.207652e+00 2.226039e+01 8.179650e+00
      vertex   -7.225318e+00 2.236979e+01 8.154390e+00
    endloop
  endfacet
  facet normal 9.704831e-01 2.173214e-01 1.045657e-01
    outer loop
      vertex   -7.215412e+00 2.230545e+01 8.196166e+00
      vertex   -7.225318e+00 2.236979e+01 8.154390e+00
      vertex   -7.235092e+00 2.240490e+01 8.172127e+00
    endloop
  endfacet
  facet normal 9.656254e-01 2.592510e-01 1.888325e-02
    outer loop
      vertex   -7.235092e+00 2.240490e+01 8.172127e+00
      vertex   -7.225318e+00 2.236979e+01 8.154390e+00
      vertex   -7.253445e+00 2.247648e+01 8.127849e+00
    endloop
  endfacet
  facet normal 9.481597e-01 3.027866e-01 9.650600e-02
    outer loop
      vertex   -7.235092e+00 2.240490e+01 8.172127e+00
      vertex   -7.253445e+00 2.247648e+01 8.127849e+00
      vertex   -7.263463e+00 2.250173e+01 8.147058e+00
    endloop
  endfacet
  facet normal 9.354965e-01 3.524798e-01 2.458353e-02
    outer loop
      vertex   -7.263463e+00 2.250173e+01 8.147058e+00
      vertex   -7.253445e+00 2.247648e+01 8.127849e+00
      vertex   -7.291600e+00 2.257966e+01 8.100412e+00
    endloop
  endfacet
  facet normal 9.194986e-01 3.835419e-01 8.612729e-02
    outer loop
      vertex   -7.263463e+00 2.250173e+01 8.147058e+00
      vertex   -7.291600e+00 2.257966e+01 8.100412e+00
      vertex   -7.300110e+00 2.259537e+01 8.121303e+00
    endloop
  endfacet
  facet normal 8.964452e-01 4.419374e-01 3.282233e-02
    outer loop
      vertex   -7.300110e+00 2.259537e+01 8.121303e+00
      vertex   -7.291600e+00 2.257966e+01 8.100412e+00
      vertex   -7.339347e+00 2.267859e+01 8.072511e+00
    endloop
  endfacet
  facet normal 8.849150e-01 4.600095e-01 7.291635e-02
    outer loop
      vertex   -7.300110e+00 2.259537e+01 8.121303e+00
      vertex   -7.339347e+00 2.267859e+01 8.072511e+00
      vertex   -7.344690e+00 2.268527e+01 8.095197e+00
    endloop
  endfacet
  facet normal 8.484129e-01 5.274657e-01 4.444546e-02
    outer loop
      vertex   -7.344690e+00 2.268527e+01 8.095197e+00
      vertex   -7.339347e+00 2.267859e+01 8.072511e+00
      vertex   -7.396276e+00 2.277251e+01 8.044570e+00
    endloop
  endfacet
  facet normal 8.448062e-01 5.321193e-01 5.613948e-02
    outer loop
      vertex   -7.344690e+00 2.268527e+01 8.095197e+00
      vertex   -7.396276e+00 2.277251e+01 8.044570e+00
      vertex   -7.396871e+00 2.277087e+01 8.069075e+00
    endloop
  endfacet
  facet normal 7.946463e-01 6.041259e-01 5.974225e-02
    outer loop
      vertex   -7.396871e+00 2.277087e+01 8.069075e+00
      vertex   -7.396276e+00 2.277251e+01 8.044570e+00
      vertex   -7.456318e+00 2.285162e+01 8.043270e+00
    endloop
  endfacet
  facet normal 7.632042e-01 6.200217e-01 1.819134e-01
    outer loop
      vertex   -7.396871e+00 2.277087e+01 8.069075e+00
      vertex   -7.456318e+00 2.285162e+01 8.043270e+00
      vertex   -7.463912e+00 2.285430e+01 8.065982e+00
    endloop
  endfacet
  facet normal 7.111785e-01 6.853008e-01 1.568054e-01
    outer loop
      vertex   -7.463912e+00 2.285430e+01 8.065982e+00
      vertex   -7.456318e+00 2.285162e+01 8.043270e+00
      vertex   -7.530081e+00 2.292883e+01 8.040347e+00
    endloop
  endfacet
  facet normal 7.956916e-01 6.045508e-01 3.732590e-02
    outer loop
      vertex   -7.396276e+00 2.277251e+01 8.044570e+00
      vertex   -7.461978e+00 2.286069e+01 8.017014e+00
      vertex   -7.456318e+00 2.285162e+01 8.043270e+00
    endloop
  endfacet
  facet normal 7.359023e-01 6.730451e-01 7.387908e-02
    outer loop
      vertex   -7.456318e+00 2.285162e+01 8.043270e+00
      vertex   -7.461978e+00 2.286069e+01 8.017014e+00
      vertex   -7.522699e+00 2.292696e+01 8.018117e+00
    endloop
  endfacet
  facet normal 7.082426e-01 6.832809e-01 1.775377e-01
    outer loop
      vertex   -7.456318e+00 2.285162e+01 8.043270e+00
      vertex   -7.522699e+00 2.292696e+01 8.018117e+00
      vertex   -7.530081e+00 2.292883e+01 8.040347e+00
    endloop
  endfacet
  facet normal 6.508311e-01 7.435669e-01 1.533857e-01
    outer loop
      vertex   -7.530081e+00 2.292883e+01 8.040347e+00
      vertex   -7.522699e+00 2.292696e+01 8.018117e+00
      vertex   -7.602681e+00 2.299744e+01 8.015790e+00
    endloop
  endfacet
  facet normal 7.373193e-01 6.752311e-01 2.057255e-02
    outer loop
      vertex   -7.461978e+00 2.286069e+01 8.017014e+00
      vertex   -7.536045e+00 2.294238e+01 7.990275e+00
      vertex   -7.522699e+00 2.292696e+01 8.018117e+00
    endloop
  endfacet
  facet normal 6.719153e-01 7.356867e-01 8.541058e-02
    outer loop
      vertex   -7.522699e+00 2.292696e+01 8.018117e+00
      vertex   -7.536045e+00 2.294238e+01 7.990275e+00
      vertex   -7.595653e+00 2.299639e+01 7.994009e+00
    endloop
  endfacet
  facet normal 6.483388e-01 7.413927e-01 1.731867e-01
    outer loop
      vertex   -7.522699e+00 2.292696e+01 8.018117e+00
      vertex   -7.595653e+00 2.299639e+01 7.994009e+00
      vertex   -7.602681e+00 2.299744e+01 8.015790e+00
    endloop
  endfacet
  facet normal 5.861554e-01 7.961050e-01 1.504616e-01
    outer loop
      vertex   -7.602681e+00 2.299744e+01 8.015790e+00
      vertex   -7.595653e+00 2.299639e+01 7.994009e+00
      vertex   -7.681247e+00 2.305965e+01 7.992730e+00
    endloop
  endfacet
  facet normal 6.716514e-01 7.408371e-01 6.693204e-03
    outer loop
      vertex   -7.536045e+00 2.294238e+01 7.990275e+00
      vertex   -7.617981e+00 2.301689e+01 7.964870e+00
      vertex   -7.595653e+00 2.299639e+01 7.994009e+00
    endloop
  endfacet
  facet normal 6.037854e-01 7.915397e-01 9.438210e-02
    outer loop
      vertex   -7.595653e+00 2.299639e+01 7.994009e+00
      vertex   -7.617981e+00 2.301689e+01 7.964870e+00
      vertex   -7.674710e+00 2.305939e+01 7.971359e+00
    endloop
  endfacet
  facet normal 5.841788e-01 7.938080e-01 1.691270e-01
    outer loop
      vertex   -7.595653e+00 2.299639e+01 7.994009e+00
      vertex   -7.674710e+00 2.305939e+01 7.971359e+00
      vertex   -7.681247e+00 2.305965e+01 7.992730e+00
    endloop
  endfacet
  facet normal 5.173306e-01 8.428756e-01 1.480871e-01
    outer loop
      vertex   -7.681247e+00 2.305965e+01 7.992730e+00
      vertex   -7.674710e+00 2.305939e+01 7.971359e+00
      vertex   -7.765297e+00 2.311495e+01 7.971582e+00
    endloop
  endfacet
  facet normal 5.992483e-01 8.005516e-01 -4.314145e-03
    outer loop
      vertex   -7.617981e+00 2.301689e+01 7.964870e+00
      vertex   -7.707159e+00 2.308352e+01 7.941331e+00
      vertex   -7.674710e+00 2.305939e+01 7.971359e+00
    endloop
  endfacet
  facet normal 5.319428e-01 8.407675e-01 1.007320e-01
    outer loop
      vertex   -7.674710e+00 2.305939e+01 7.971359e+00
      vertex   -7.707159e+00 2.308352e+01 7.941331e+00
      vertex   -7.759385e+00 2.311545e+01 7.950577e+00
    endloop
  endfacet
  facet normal 5.159321e-01 8.405262e-01 1.653173e-01
    outer loop
      vertex   -7.674710e+00 2.305939e+01 7.971359e+00
      vertex   -7.759385e+00 2.311545e+01 7.950577e+00
      vertex   -7.765297e+00 2.311495e+01 7.971582e+00
    endloop
  endfacet
  facet normal 4.445031e-01 8.837583e-01 1.462471e-01
    outer loop
      vertex   -7.765297e+00 2.311495e+01 7.971582e+00
      vertex   -7.759385e+00 2.311545e+01 7.950577e+00
      vertex   -7.854346e+00 2.316285e+01 7.952762e+00
    endloop
  endfacet
  facet normal 5.200684e-01 8.540380e-01 -1.216510e-02
    outer loop
      vertex   -7.707159e+00 2.308352e+01 7.941331e+00
      vertex   -7.802942e+00 2.314155e+01 7.920184e+00
      vertex   -7.759385e+00 2.311545e+01 7.950577e+00
    endloop
  endfacet
  facet normal 4.567064e-01 8.835231e-01 1.039523e-01
    outer loop
      vertex   -7.759385e+00 2.311545e+01 7.950577e+00
      vertex   -7.802942e+00 2.314155e+01 7.920184e+00
      vertex   -7.849190e+00 2.316405e+01 7.932075e+00
    endloop
  endfacet
  facet normal 4.437162e-01 8.814733e-01 1.616193e-01
    outer loop
      vertex   -7.759385e+00 2.311545e+01 7.950577e+00
      vertex   -7.849190e+00 2.316405e+01 7.932075e+00
      vertex   -7.854346e+00 2.316285e+01 7.952762e+00
    endloop
  endfacet
  facet normal 3.681507e-01 9.184026e-01 1.449196e-01
    outer loop
      vertex   -7.854346e+00 2.316285e+01 7.952762e+00
      vertex   -7.849190e+00 2.316405e+01 7.932075e+00
      vertex   -7.947823e+00 2.320286e+01 7.936688e+00
    endloop
  endfacet
  facet normal 4.341785e-01 9.006823e-01 -1.614101e-02
    outer loop
      vertex   -7.802942e+00 2.314155e+01 7.920184e+00
      vertex   -7.904658e+00 2.319025e+01 7.901965e+00
      vertex   -7.849190e+00 2.316405e+01 7.932075e+00
    endloop
  endfacet
  facet normal 3.787201e-01 9.198003e-01 1.026574e-01
    outer loop
      vertex   -7.849190e+00 2.316405e+01 7.932075e+00
      vertex   -7.904658e+00 2.319025e+01 7.901965e+00
      vertex   -7.943541e+00 2.320466e+01 7.916267e+00
    endloop
  endfacet
  facet normal 3.679446e-01 9.163202e-01 1.580317e-01
    outer loop
      vertex   -7.849190e+00 2.316405e+01 7.932075e+00
      vertex   -7.943541e+00 2.320466e+01 7.916267e+00
      vertex   -7.947823e+00 2.320286e+01 7.936688e+00
    endloop
  endfacet
  facet normal 2.894300e-01 9.462732e-01 1.442130e-01
    outer loop
      vertex   -7.947823e+00 2.320286e+01 7.936688e+00
      vertex   -7.943541e+00 2.320466e+01 7.916267e+00
      vertex   -8.044961e+00 2.323455e+01 7.923714e+00
    endloop
  endfacet
  facet normal 3.429223e-01 9.392553e-01 -1.427235e-02
    outer loop
      vertex   -7.904658e+00 2.319025e+01 7.901965e+00
      vertex   -8.011352e+00 2.322898e+01 7.887167e+00
      vertex   -7.943541e+00 2.320466e+01 7.916267e+00
    endloop
  endfacet
  facet normal 2.988169e-01 9.493724e-01 9.695601e-02
    outer loop
      vertex   -7.943541e+00 2.320466e+01 7.916267e+00
      vertex   -8.011352e+00 2.322898e+01 7.887167e+00
      vertex   -8.041654e+00 2.323685e+01 7.903504e+00
    endloop
  endfacet
  facet normal 2.896916e-01 9.445113e-01 1.548459e-01
    outer loop
      vertex   -7.943541e+00 2.320466e+01 7.916267e+00
      vertex   -8.041654e+00 2.323685e+01 7.903504e+00
      vertex   -8.044961e+00 2.323455e+01 7.923714e+00
    endloop
  endfacet
  facet normal 2.084188e-01 9.673589e-01 1.441473e-01
    outer loop
      vertex   -8.044961e+00 2.323455e+01 7.923714e+00
      vertex   -8.041654e+00 2.323685e+01 7.903504e+00
      vertex   -8.144969e+00 2.325752e+01 7.914172e+00
    endloop
  endfacet
  facet normal 2.475939e-01 9.688354e-01 -7.425489e-03
    outer loop
      vertex   -8.011352e+00 2.322898e+01 7.887167e+00
      vertex   -8.121941e+00 2.325716e+01 7.876216e+00
      vertex   -8.041654e+00 2.323685e+01 7.903504e+00
    endloop
  endfacet
  facet normal 2.165028e-01 9.724228e-01 8.672078e-02
    outer loop
      vertex   -8.041654e+00 2.323685e+01 7.903504e+00
      vertex   -8.121941e+00 2.325716e+01 7.876216e+00
      vertex   -8.142717e+00 2.326019e+01 7.894115e+00
    endloop
  endfacet
  facet normal 2.089648e-01 9.660395e-01 1.519917e-01
    outer loop
      vertex   -8.041654e+00 2.323685e+01 7.903504e+00
      vertex   -8.142717e+00 2.326019e+01 7.894115e+00
      vertex   -8.144969e+00 2.325752e+01 7.914172e+00
    endloop
  endfacet
  facet normal 1.254920e-01 9.814891e-01 1.446754e-01
    outer loop
      vertex   -8.144969e+00 2.325752e+01 7.914172e+00
      vertex   -8.142717e+00 2.326019e+01 7.894115e+00
      vertex   -8.246983e+00 2.327142e+01 7.908349e+00
    endloop
  endfacet
  facet normal 1.488645e-01 9.888427e-01 5.430156e-03
    outer loop
      vertex   -8.121941e+00 2.325716e+01 7.876216e+00
      vertex   -8.235278e+00 2.327426e+01 7.869505e+00
      vertex   -8.142717e+00 2.326019e+01 7.894115e+00
    endloop
  endfacet
  facet normal 1.315505e-01 9.887977e-01 7.052310e-02
    outer loop
      vertex   -8.142717e+00 2.326019e+01 7.894115e+00
      vertex   -8.235278e+00 2.327426e+01 7.869505e+00
      vertex   -8.245843e+00 2.327432e+01 7.888384e+00
    endloop
  endfacet
  facet normal 1.260566e-01 9.807039e-01 1.494307e-01
    outer loop
      vertex   -8.142717e+00 2.326019e+01 7.894115e+00
      vertex   -8.245843e+00 2.327432e+01 7.888384e+00
      vertex   -8.246983e+00 2.327142e+01 7.908349e+00
    endloop
  endfacet
  facet normal 3.241710e-02 6.113268e-01 7.907140e-01
    outer loop
      vertex   -8.166731e+00 2.319334e+01 8.027028e+00
      vertex   -8.257918e+00 2.320602e+01 8.020964e+00
      vertex   -8.259892e+00 2.319033e+01 8.033175e+00
    endloop
  endfacet
  facet normal 9.175251e-02 8.816099e-01 4.629747e-01
    outer loop
      vertex   -8.150440e+00 2.324628e+01 7.952870e+00
      vertex   -8.249742e+00 2.325976e+01 7.946889e+00
      vertex   -8.252385e+00 2.324480e+01 7.975900e+00
    endloop
  endfacet
  facet normal 7.454528e-02 8.133673e-01 5.769546e-01
    outer loop
      vertex   -8.252385e+00 2.324480e+01 7.975900e+00
      vertex   -8.254145e+00 2.323340e+01 7.992193e+00
      vertex   -8.155699e+00 2.323163e+01 7.981965e+00
    endloop
  endfacet
  facet normal 7.445160e-02 8.141048e-01 5.759256e-01
    outer loop
      vertex   -8.155699e+00 2.323163e+01 7.981965e+00
      vertex   -8.254145e+00 2.323340e+01 7.992193e+00
      vertex   -8.159205e+00 2.322041e+01 7.998281e+00
    endloop
  endfacet
  facet normal 1.238510e-01 8.049646e-01 5.802525e-01
    outer loop
      vertex   -8.155699e+00 2.323163e+01 7.981965e+00
      vertex   -8.159205e+00 2.322041e+01 7.998281e+00
      vertex   -8.060870e+00 2.320988e+01 7.991904e+00
    endloop
  endfacet
  facet normal 1.238714e-01 8.061854e-01 5.785508e-01
    outer loop
      vertex   -8.060870e+00 2.320988e+01 7.991904e+00
      vertex   -8.159205e+00 2.322041e+01 7.998281e+00
      vertex   -8.066096e+00 2.319894e+01 8.008259e+00
    endloop
  endfacet
  facet normal 1.724206e-01 7.925391e-01 5.849384e-01
    outer loop
      vertex   -8.060870e+00 2.320988e+01 7.991904e+00
      vertex   -8.066096e+00 2.319894e+01 8.008259e+00
      vertex   -7.968701e+00 2.317985e+01 8.005424e+00
    endloop
  endfacet
  facet normal 1.726788e-01 7.942033e-01 5.826003e-01
    outer loop
      vertex   -7.968701e+00 2.317985e+01 8.005424e+00
      vertex   -8.066096e+00 2.319894e+01 8.008259e+00
      vertex   -7.975608e+00 2.316931e+01 8.021833e+00
    endloop
  endfacet
  facet normal 2.201345e-01 7.760930e-01 5.909488e-01
    outer loop
      vertex   -7.968701e+00 2.317985e+01 8.005424e+00
      vertex   -7.975608e+00 2.316931e+01 8.021833e+00
      vertex   -7.879925e+00 2.314190e+01 8.022186e+00
    endloop
  endfacet
  facet normal 2.207334e-01 7.781462e-01 5.880181e-01
    outer loop
      vertex   -7.879925e+00 2.314190e+01 8.022186e+00
      vertex   -7.975608e+00 2.316931e+01 8.021833e+00
      vertex   -7.888464e+00 2.313188e+01 8.038659e+00
    endloop
  endfacet
  facet normal 2.669932e-01 7.555329e-01 5.982347e-01
    outer loop
      vertex   -7.879925e+00 2.314190e+01 8.022186e+00
      vertex   -7.888464e+00 2.313188e+01 8.038659e+00
      vertex   -7.795254e+00 2.309643e+01 8.041825e+00
    endloop
  endfacet
  facet normal 2.680148e-01 7.579092e-01 5.947619e-01
    outer loop
      vertex   -7.795254e+00 2.309643e+01 8.041825e+00
      vertex   -7.888464e+00 2.313188e+01 8.038659e+00
      vertex   -7.805366e+00 2.308702e+01 8.058374e+00
    endloop
  endfacet
  facet normal 3.125565e-01 7.309503e-01 6.066466e-01
    outer loop
      vertex   -7.795254e+00 2.309643e+01 8.041825e+00
      vertex   -7.805366e+00 2.308702e+01 8.058374e+00
      vertex   -7.715224e+00 2.304388e+01 8.063912e+00
    endloop
  endfacet
  facet normal 3.140587e-01 7.335803e-01 6.026832e-01
    outer loop
      vertex   -7.715224e+00 2.304388e+01 8.063912e+00
      vertex   -7.805366e+00 2.308702e+01 8.058374e+00
      vertex   -7.726839e+00 2.303519e+01 8.080545e+00
    endloop
  endfacet
  facet normal 3.565808e-01 7.023653e-01 6.160627e-01
    outer loop
      vertex   -7.715224e+00 2.304388e+01 8.063912e+00
      vertex   -7.726839e+00 2.303519e+01 8.080545e+00
      vertex   -7.640294e+00 2.298470e+01 8.088017e+00
    endloop
  endfacet
  facet normal 3.586060e-01 7.051838e-01 6.116514e-01
    outer loop
      vertex   -7.640294e+00 2.298470e+01 8.088017e+00
      vertex   -7.726839e+00 2.303519e+01 8.080545e+00
      vertex   -7.653334e+00 2.297682e+01 8.104742e+00
    endloop
  endfacet
  facet normal 3.989893e-01 6.696445e-01 6.264055e-01
    outer loop
      vertex   -7.640294e+00 2.298470e+01 8.088017e+00
      vertex   -7.653334e+00 2.297682e+01 8.104742e+00
      vertex   -7.570920e+00 2.291932e+01 8.113714e+00
    endloop
  endfacet
  facet normal 4.015637e-01 6.725836e-01 6.215930e-01
    outer loop
      vertex   -7.570920e+00 2.291932e+01 8.113714e+00
      vertex   -7.653334e+00 2.297682e+01 8.104742e+00
      vertex   -7.585299e+00 2.291236e+01 8.130534e+00
    endloop
  endfacet
  facet normal 4.396957e-01 6.325395e-01 6.376217e-01
    outer loop
      vertex   -7.570920e+00 2.291932e+01 8.113714e+00
      vertex   -7.585299e+00 2.291236e+01 8.130534e+00
      vertex   -7.507543e+00 2.284820e+01 8.140568e+00
    endloop
  endfacet
  facet normal 4.428290e-01 6.355293e-01 6.324594e-01
    outer loop
      vertex   -7.507543e+00 2.284820e+01 8.140568e+00
      vertex   -7.585299e+00 2.291236e+01 8.130534e+00
      vertex   -7.523167e+00 2.284225e+01 8.157488e+00
    endloop
  endfacet
  facet normal 4.781907e-01 5.911640e-01 6.495066e-01
    outer loop
      vertex   -7.507543e+00 2.284820e+01 8.140568e+00
      vertex   -7.523167e+00 2.284225e+01 8.157488e+00
      vertex   -7.450524e+00 2.277175e+01 8.168168e+00
    endloop
  endfacet
  facet normal 4.818888e-01 5.941452e-01 6.440300e-01
    outer loop
      vertex   -7.450524e+00 2.277175e+01 8.168168e+00
      vertex   -7.523167e+00 2.284225e+01 8.157488e+00
      vertex   -7.467288e+00 2.276690e+01 8.185189e+00
    endloop
  endfacet
  facet normal 5.138579e-01 5.459085e-01 6.617658e-01
    outer loop
      vertex   -7.450524e+00 2.277175e+01 8.168168e+00
      vertex   -7.467288e+00 2.276690e+01 8.185189e+00
      vertex   -7.400213e+00 2.269048e+01 8.196150e+00
    endloop
  endfacet
  facet normal 5.181251e-01 5.488268e-01 6.559996e-01
    outer loop
      vertex   -7.400213e+00 2.269048e+01 8.196150e+00
      vertex   -7.467288e+00 2.276690e+01 8.185189e+00
      vertex   -7.418005e+00 2.268681e+01 8.213270e+00
    endloop
  endfacet
  facet normal 5.465067e-01 4.966266e-01 6.743088e-01
    outer loop
      vertex   -7.400213e+00 2.269048e+01 8.196150e+00
      vertex   -7.418005e+00 2.268681e+01 8.213270e+00
      vertex   -7.356965e+00 2.260486e+01 8.224151e+00
    endloop
  endfacet
  facet normal 5.513387e-01 4.994256e-01 6.682812e-01
    outer loop
      vertex   -7.356965e+00 2.260486e+01 8.224151e+00
      vertex   -7.418005e+00 2.268681e+01 8.213270e+00
      vertex   -7.375659e+00 2.260246e+01 8.241370e+00
    endloop
  endfacet
  facet normal 5.758604e-01 4.431217e-01 6.870429e-01
    outer loop
      vertex   -7.356965e+00 2.260486e+01 8.224151e+00
      vertex   -7.375659e+00 2.260246e+01 8.241370e+00
      vertex   -7.321132e+00 2.251541e+01 8.251810e+00
    endloop
  endfacet
  facet normal 5.812406e-01 4.457419e-01 6.807889e-01
    outer loop
      vertex   -7.321132e+00 2.251541e+01 8.251810e+00
      vertex   -7.375659e+00 2.260246e+01 8.241370e+00
      vertex   -7.340596e+00 2.251435e+01 8.269126e+00
    endloop
  endfacet
  facet normal 6.015439e-01 3.851128e-01 6.998807e-01
    outer loop
      vertex   -7.321132e+00 2.251541e+01 8.251810e+00
      vertex   -7.340596e+00 2.251435e+01 8.269126e+00
      vertex   -7.293077e+00 2.242261e+01 8.278761e+00
    endloop
  endfacet
  facet normal 6.074416e-01 3.874917e-01 6.934442e-01
    outer loop
      vertex   -7.293077e+00 2.242261e+01 8.278761e+00
      vertex   -7.340596e+00 2.251435e+01 8.269126e+00
      vertex   -7.313167e+00 2.242295e+01 8.296169e+00
    endloop
  endfacet
  facet normal 6.231263e-01 3.218390e-01 7.128347e-01
    outer loop
      vertex   -7.293077e+00 2.242261e+01 8.278761e+00
      vertex   -7.313167e+00 2.242295e+01 8.296169e+00
      vertex   -7.273263e+00 2.232698e+01 8.304620e+00
    endloop
  endfacet
  facet normal 6.295253e-01 3.239187e-01 7.062397e-01
    outer loop
      vertex   -7.273263e+00 2.232698e+01 8.304620e+00
      vertex   -7.313167e+00 2.242295e+01 8.296169e+00
      vertex   -7.293821e+00 2.232879e+01 8.322114e+00
    endloop
  endfacet
  facet normal 6.393912e-01 2.565901e-01 7.248037e-01
    outer loop
      vertex   -7.273263e+00 2.232698e+01 8.304620e+00
      vertex   -7.293821e+00 2.232879e+01 8.322114e+00
      vertex   -7.261890e+00 2.222928e+01 8.329174e+00
    endloop
  endfacet
  facet normal 6.462318e-01 2.583092e-01 7.180953e-01
    outer loop
      vertex   -7.261890e+00 2.222928e+01 8.329174e+00
      vertex   -7.293821e+00 2.232879e+01 8.322114e+00
      vertex   -7.282750e+00 2.223260e+01 8.346749e+00
    endloop
  endfacet
  facet normal 6.501370e-01 1.901339e-01 7.356432e-01
    outer loop
      vertex   -7.261890e+00 2.222928e+01 8.329174e+00
      vertex   -7.282750e+00 2.223260e+01 8.346749e+00
      vertex   -7.259074e+00 2.213034e+01 8.352256e+00
    endloop
  endfacet
  facet normal 6.573417e-01 1.914373e-01 7.288715e-01
    outer loop
      vertex   -7.259074e+00 2.213034e+01 8.352256e+00
      vertex   -7.282750e+00 2.223260e+01 8.346749e+00
      vertex   -7.280066e+00 2.213522e+01 8.369906e+00
    endloop
  endfacet
  facet normal 6.552238e-01 1.222686e-01 7.454744e-01
    outer loop
      vertex   -7.259074e+00 2.213034e+01 8.352256e+00
      vertex   -7.280066e+00 2.213522e+01 8.369906e+00
      vertex   -7.264931e+00 2.203101e+01 8.373696e+00
    endloop
  endfacet
  facet normal 6.627119e-01 1.231092e-01 7.386860e-01
    outer loop
      vertex   -7.264931e+00 2.203101e+01 8.373696e+00
      vertex   -7.280066e+00 2.213522e+01 8.369906e+00
      vertex   -7.285879e+00 2.203745e+01 8.391415e+00
    endloop
  endfacet
  facet normal 6.543366e-01 5.283303e-02 7.543556e-01
    outer loop
      vertex   -7.264931e+00 2.203101e+01 8.373696e+00
      vertex   -7.285879e+00 2.203745e+01 8.391415e+00
      vertex   -7.279576e+00 2.193210e+01 8.393327e+00
    endloop
  endfacet
  facet normal 6.620202e-01 5.317003e-02 7.475976e-01
    outer loop
      vertex   -7.279576e+00 2.193210e+01 8.393327e+00
      vertex   -7.285879e+00 2.203745e+01 8.391415e+00
      vertex   -7.300301e+00 2.194011e+01 8.411109e+00
    endloop
  endfacet
  facet normal 6.469949e-01 -1.822569e-02 7.622765e-01
    outer loop
      vertex   -7.279576e+00 2.193210e+01 8.393327e+00
      vertex   -7.300301e+00 2.194011e+01 8.411109e+00
      vertex   -7.303127e+00 2.183444e+01 8.410981e+00
    endloop
  endfacet
  facet normal 6.547737e-01 -1.842562e-02 7.556004e-01
    outer loop
      vertex   -7.303127e+00 2.183444e+01 8.410981e+00
      vertex   -7.300301e+00 2.194011e+01 8.411109e+00
      vertex   -7.323444e+00 2.184401e+01 8.428820e+00
    endloop
  endfacet
  facet normal 6.325845e-01 -9.076434e-02 7.691546e-01
    outer loop
      vertex   -7.303127e+00 2.183444e+01 8.410981e+00
      vertex   -7.323444e+00 2.184401e+01 8.428820e+00
      vertex   -7.335698e+00 2.173889e+01 8.426493e+00
    endloop
  endfacet
  facet normal 6.403389e-01 -9.152361e-02 7.626201e-01
    outer loop
      vertex   -7.335698e+00 2.173889e+01 8.426493e+00
      vertex   -7.323444e+00 2.184401e+01 8.428820e+00
      vertex   -7.355417e+00 2.174999e+01 8.444383e+00
    endloop
  endfacet
  facet normal 6.111239e-01 -1.627529e-01 7.746219e-01
    outer loop
      vertex   -7.335698e+00 2.173889e+01 8.426493e+00
      vertex   -7.355417e+00 2.174999e+01 8.444383e+00
      vertex   -7.377197e+00 2.164658e+01 8.439839e+00
    endloop
  endfacet
  facet normal 6.187140e-01 -1.640734e-01 7.682922e-01
    outer loop
      vertex   -7.377197e+00 2.164658e+01 8.439839e+00
      vertex   -7.355417e+00 2.174999e+01 8.444383e+00
      vertex   -7.396131e+00 2.165916e+01 8.457772e+00
    endloop
  endfacet
  facet normal 5.841090e-01 -2.304165e-01 7.782833e-01
    outer loop
      vertex   -7.377197e+00 2.164658e+01 8.439839e+00
      vertex   -7.396131e+00 2.165916e+01 8.457772e+00
      vertex   -7.427099e+00 2.155836e+01 8.451173e+00
    endloop
  endfacet
  facet normal 5.913992e-01 -2.322585e-01 7.722066e-01
    outer loop
      vertex   -7.427099e+00 2.155836e+01 8.451173e+00
      vertex   -7.396131e+00 2.165916e+01 8.457772e+00
      vertex   -7.445074e+00 2.157235e+01 8.469145e+00
    endloop
  endfacet
  facet normal 5.521472e-01 -2.933092e-01 7.804507e-01
    outer loop
      vertex   -7.427099e+00 2.155836e+01 8.451173e+00
      vertex   -7.445074e+00 2.157235e+01 8.469145e+00
      vertex   -7.484826e+00 2.147494e+01 8.460660e+00
    endloop
  endfacet
  facet normal 5.590114e-01 -2.956074e-01 7.746758e-01
    outer loop
      vertex   -7.484826e+00 2.147494e+01 8.460660e+00
      vertex   -7.445074e+00 2.157235e+01 8.469145e+00
      vertex   -7.501681e+00 2.149025e+01 8.478665e+00
    endloop
  endfacet
  facet normal 5.154825e-01 -3.515249e-01 7.814781e-01
    outer loop
      vertex   -7.484826e+00 2.147494e+01 8.460660e+00
      vertex   -7.501681e+00 2.149025e+01 8.478665e+00
      vertex   -7.549799e+00 2.139701e+01 8.468465e+00
    endloop
  endfacet
  facet normal 5.218065e-01 -3.541954e-01 7.760564e-01
    outer loop
      vertex   -7.549799e+00 2.139701e+01 8.468465e+00
      vertex   -7.501681e+00 2.149025e+01 8.478665e+00
      vertex   -7.565386e+00 2.141356e+01 8.486498e+00
    endloop
  endfacet
  facet normal 4.742046e-01 -4.051413e-01 7.816588e-01
    outer loop
      vertex   -7.549799e+00 2.139701e+01 8.468465e+00
      vertex   -7.565386e+00 2.141356e+01 8.486498e+00
      vertex   -7.621440e+00 2.132528e+01 8.474751e+00
    endloop
  endfacet
  facet normal 4.798889e-01 -4.080834e-01 7.766432e-01
    outer loop
      vertex   -7.621440e+00 2.132528e+01 8.474751e+00
      vertex   -7.565386e+00 2.141356e+01 8.486498e+00
      vertex   -7.635626e+00 2.134297e+01 8.492808e+00
    endloop
  endfacet
  facet normal 4.282890e-01 -4.541591e-01 7.812221e-01
    outer loop
      vertex   -7.621440e+00 2.132528e+01 8.474751e+00
      vertex   -7.635626e+00 2.134297e+01 8.492808e+00
      vertex   -7.699170e+00 2.126046e+01 8.479683e+00
    endloop
  endfacet
  facet normal 4.332516e-01 -4.572565e-01 7.766656e-01
    outer loop
      vertex   -7.699170e+00 2.126046e+01 8.479683e+00
      vertex   -7.635626e+00 2.134297e+01 8.492808e+00
      vertex   -7.711836e+00 2.127917e+01 8.497759e+00
    endloop
  endfacet
  facet normal 3.776484e-01 -4.984565e-01 7.803351e-01
    outer loop
      vertex   -7.699170e+00 2.126046e+01 8.479683e+00
      vertex   -7.711836e+00 2.127917e+01 8.497759e+00
      vertex   -7.782413e+00 2.120326e+01 8.483425e+00
    endloop
  endfacet
  facet normal 3.818294e-01 -5.015797e-01 7.762887e-01
    outer loop
      vertex   -7.782413e+00 2.120326e+01 8.483425e+00
      vertex   -7.711836e+00 2.127917e+01 8.497759e+00
      vertex   -7.793449e+00 2.122285e+01 8.501517e+00
    endloop
  endfacet
  facet normal 3.224874e-01 -5.375926e-01 7.790995e-01
    outer loop
      vertex   -7.782413e+00 2.120326e+01 8.483425e+00
      vertex   -7.793449e+00 2.122285e+01 8.501517e+00
      vertex   -7.870560e+00 2.115435e+01 8.486168e+00
    endloop
  endfacet
  facet normal 3.258571e-01 -5.406032e-01 7.756064e-01
    outer loop
      vertex   -7.870560e+00 2.115435e+01 8.486168e+00
      vertex   -7.793449e+00 2.122285e+01 8.501517e+00
      vertex   -7.879876e+00 2.117471e+01 8.504271e+00
    endloop
  endfacet
  facet normal 2.657831e-01 -5.698478e-01 7.775814e-01
    outer loop
      vertex   -7.870560e+00 2.115435e+01 8.486168e+00
      vertex   -7.879876e+00 2.117471e+01 8.504271e+00
      vertex   -7.962742e+00 2.111418e+01 8.488238e+00
    endloop
  endfacet
  facet normal 2.683627e-01 -5.726066e-01 7.746633e-01
    outer loop
      vertex   -7.962742e+00 2.111418e+01 8.488238e+00
      vertex   -7.879876e+00 2.117471e+01 8.504271e+00
      vertex   -7.970262e+00 2.113516e+01 8.506351e+00
    endloop
  endfacet
  facet normal 2.077963e-01 -5.954896e-01 7.760237e-01
    outer loop
      vertex   -7.962742e+00 2.111418e+01 8.488238e+00
      vertex   -7.970262e+00 2.113516e+01 8.506351e+00
      vertex   -8.058114e+00 2.108285e+01 8.489733e+00
    endloop
  endfacet
  facet normal 2.096322e-01 -5.978406e-01 7.737189e-01
    outer loop
      vertex   -8.058114e+00 2.108285e+01 8.489733e+00
      vertex   -7.970262e+00 2.113516e+01 8.506351e+00
      vertex   -8.063780e+00 2.110432e+01 8.507853e+00
    endloop
  endfacet
  facet normal 1.485925e-01 -6.147170e-01 7.746246e-01
    outer loop
      vertex   -8.058114e+00 2.108285e+01 8.489733e+00
      vertex   -8.063780e+00 2.110432e+01 8.507853e+00
      vertex   -8.155869e+00 2.106044e+01 8.490700e+00
    endloop
  endfacet
  facet normal 1.497582e-01 -6.165161e-01 7.729685e-01
    outer loop
      vertex   -8.155869e+00 2.106044e+01 8.490700e+00
      vertex   -8.063780e+00 2.110432e+01 8.507853e+00
      vertex   -8.159637e+00 2.108225e+01 8.508825e+00
    endloop
  endfacet
  facet normal 8.849180e-02 -6.275603e-01 7.735227e-01
    outer loop
      vertex   -8.155869e+00 2.106044e+01 8.490700e+00
      vertex   -8.159637e+00 2.108225e+01 8.508825e+00
      vertex   -8.255197e+00 2.104703e+01 8.491187e+00
    endloop
  endfacet
  facet normal 8.908726e-02 -6.286844e-01 7.725409e-01
    outer loop
      vertex   -8.255197e+00 2.104703e+01 8.491187e+00
      vertex   -8.159637e+00 2.108225e+01 8.508825e+00
      vertex   -8.257038e+00 2.106905e+01 8.509314e+00
    endloop
  endfacet
  facet normal 2.776404e-02 -6.340314e-01 7.728087e-01
    outer loop
      vertex   -8.255197e+00 2.104703e+01 8.491187e+00
      vertex   -8.257038e+00 2.106905e+01 8.509314e+00
      vertex   -8.355289e+00 2.104272e+01 8.491241e+00
    endloop
  endfacet
  facet normal 2.791245e-02 -6.343833e-01 7.725146e-01
    outer loop
      vertex   -8.355289e+00 2.104272e+01 8.491241e+00
      vertex   -8.257038e+00 2.106905e+01 8.509314e+00
      vertex   -8.355188e+00 2.106480e+01 8.509369e+00
    endloop
  endfacet
  facet normal -3.333488e-02 -6.341108e-01 7.725233e-01
    outer loop
      vertex   -8.355289e+00 2.104272e+01 8.491241e+00
      vertex   -8.355188e+00 2.106480e+01 8.509369e+00
      vertex   -8.455334e+00 2.104757e+01 8.490910e+00
    endloop
  endfacet
  facet normal -3.349101e-02 -6.336238e-01 7.729161e-01
    outer loop
      vertex   -8.455334e+00 2.104757e+01 8.490910e+00
      vertex   -8.355188e+00 2.106480e+01 8.509369e+00
      vertex   -8.453293e+00 2.106958e+01 8.509036e+00
    endloop
  endfacet
  facet normal -9.452584e-02 -6.277474e-01 7.726565e-01
    outer loop
      vertex   -8.455334e+00 2.104757e+01 8.490910e+00
      vertex   -8.453293e+00 2.106958e+01 8.509036e+00
      vertex   -8.554525e+00 2.106169e+01 8.490242e+00
    endloop
  endfacet
  facet normal -9.482897e-02 -6.263907e-01 7.737197e-01
    outer loop
      vertex   -8.554525e+00 2.106169e+01 8.490242e+00
      vertex   -8.453293e+00 2.106958e+01 8.509036e+00
      vertex   -8.550559e+00 2.108347e+01 8.508365e+00
    endloop
  endfacet
  facet normal -1.554805e-01 -6.148726e-01 7.731478e-01
    outer loop
      vertex   -8.554525e+00 2.106169e+01 8.490242e+00
      vertex   -8.550559e+00 2.108347e+01 8.508365e+00
      vertex   -8.652051e+00 2.108514e+01 8.489283e+00
    endloop
  endfacet
  facet normal -1.557638e-01 -6.126557e-01 7.748488e-01
    outer loop
      vertex   -8.652051e+00 2.108514e+01 8.489283e+00
      vertex   -8.550559e+00 2.108347e+01 8.508365e+00
      vertex   -8.646190e+00 2.110657e+01 8.507402e+00
    endloop
  endfacet
  facet normal -2.170002e-01 -5.950501e-01 7.738387e-01
    outer loop
      vertex   -8.652051e+00 2.108514e+01 8.489283e+00
      vertex   -8.646190e+00 2.110657e+01 8.507402e+00
      vertex   -8.746978e+00 2.111799e+01 8.487919e+00
    endloop
  endfacet
  facet normal -2.171008e-01 -5.919975e-01 7.761483e-01
    outer loop
      vertex   -8.746978e+00 2.111799e+01 8.487919e+00
      vertex   -8.646190e+00 2.110657e+01 8.507402e+00
      vertex   -8.739268e+00 2.113890e+01 8.506031e+00
    endloop
  endfacet
  facet normal -2.767950e-01 -5.686600e-01 7.746034e-01
    outer loop
      vertex   -8.746978e+00 2.111799e+01 8.487919e+00
      vertex   -8.739268e+00 2.113890e+01 8.506031e+00
      vertex   -8.838505e+00 2.115980e+01 8.485911e+00
    endloop
  endfacet
  facet normal -2.765703e-01 -5.648047e-01 7.774989e-01
    outer loop
      vertex   -8.838505e+00 2.115980e+01 8.485911e+00
      vertex   -8.739268e+00 2.113890e+01 8.506031e+00
      vertex   -8.829009e+00 2.118007e+01 8.504013e+00
    endloop
  endfacet
  facet normal -3.331384e-01 -5.364348e-01 7.754074e-01
    outer loop
      vertex   -8.838505e+00 2.115980e+01 8.485911e+00
      vertex   -8.829009e+00 2.118007e+01 8.504013e+00
      vertex   -8.925963e+00 2.121002e+01 8.483079e+00
    endloop
  endfacet
  facet normal -3.324648e-01 -5.318500e-01 7.788471e-01
    outer loop
      vertex   -8.925963e+00 2.121002e+01 8.483079e+00
      vertex   -8.829009e+00 2.118007e+01 8.504013e+00
      vertex   -8.914756e+00 2.122951e+01 8.501169e+00
    endloop
  endfacet
  facet normal -3.859437e-01 -4.986079e-01 7.761686e-01
    outer loop
      vertex   -8.925963e+00 2.121002e+01 8.483079e+00
      vertex   -8.914756e+00 2.122951e+01 8.501169e+00
      vertex   -9.008681e+00 2.126807e+01 8.479240e+00
    endloop
  endfacet
  facet normal -3.847197e-01 -4.933921e-01 7.800994e-01
    outer loop
      vertex   -9.008681e+00 2.126807e+01 8.479240e+00
      vertex   -8.914756e+00 2.122951e+01 8.501169e+00
      vertex   -8.995856e+00 2.128665e+01 8.497314e+00
    endloop
  endfacet
  facet normal -4.351642e-01 -4.553018e-01 7.767448e-01
    outer loop
      vertex   -9.008681e+00 2.126807e+01 8.479240e+00
      vertex   -8.995856e+00 2.128665e+01 8.497314e+00
      vertex   -9.085991e+00 2.133339e+01 8.474215e+00
    endloop
  endfacet
  facet normal -4.333108e-01 -4.495722e-01 7.811060e-01
    outer loop
      vertex   -9.085991e+00 2.133339e+01 8.474215e+00
      vertex   -8.995856e+00 2.128665e+01 8.497314e+00
      vertex   -9.071653e+00 2.135094e+01 8.492269e+00
    endloop
  endfacet
  facet normal -4.807321e-01 -4.065365e-01 7.769329e-01
    outer loop
      vertex   -9.085991e+00 2.133339e+01 8.474215e+00
      vertex   -9.071653e+00 2.135094e+01 8.492269e+00
      vertex   -9.157222e+00 2.140540e+01 8.467820e+00
    endloop
  endfacet
  facet normal -4.781927e-01 -4.004247e-01 7.816597e-01
    outer loop
      vertex   -9.157222e+00 2.140540e+01 8.467820e+00
      vertex   -9.071653e+00 2.135094e+01 8.492269e+00
      vertex   -9.141492e+00 2.142181e+01 8.485851e+00
    endloop
  endfacet
  facet normal -5.225045e-01 -3.522569e-01 7.764690e-01
    outer loop
      vertex   -9.157222e+00 2.140540e+01 8.467820e+00
      vertex   -9.141492e+00 2.142181e+01 8.485851e+00
      vertex   -9.221704e+00 2.148354e+01 8.459876e+00
    endloop
  endfacet
  facet normal -5.192445e-01 -3.459050e-01 7.814953e-01
    outer loop
      vertex   -9.221704e+00 2.148354e+01 8.459876e+00
      vertex   -9.141492e+00 2.142181e+01 8.485851e+00
      vertex   -9.204719e+00 2.149871e+01 8.477878e+00
    endloop
  endfacet
  facet normal -5.602180e-01 -2.923769e-01 7.750300e-01
    outer loop
      vertex   -9.221704e+00 2.148354e+01 8.459876e+00
      vertex   -9.204719e+00 2.149871e+01 8.477878e+00
      vertex   -9.278767e+00 2.156722e+01 8.450199e+00
    endloop
  endfacet
  facet normal -5.562247e-01 -2.859353e-01 7.802917e-01
    outer loop
      vertex   -9.278767e+00 2.156722e+01 8.450199e+00
      vertex   -9.204719e+00 2.149871e+01 8.477878e+00
      vertex   -9.260678e+00 2.158107e+01 8.468168e+00
    endloop
  endfacet
  facet normal -5.934541e-01 -2.268426e-01 7.722400e-01
    outer loop
      vertex   -9.278767e+00 2.156722e+01 8.450199e+00
      vertex   -9.260678e+00 2.158107e+01 8.468168e+00
      vertex   -9.327743e+00 2.165590e+01 8.438610e+00
    endloop
  endfacet
  facet normal -5.887368e-01 -2.204665e-01 7.776783e-01
    outer loop
      vertex   -9.327743e+00 2.165590e+01 8.438610e+00
      vertex   -9.260678e+00 2.158107e+01 8.468168e+00
      vertex   -9.308714e+00 2.166833e+01 8.456539e+00
    endloop
  endfacet
  facet normal -6.217210e-01 -1.555027e-01 7.676470e-01
    outer loop
      vertex   -9.327743e+00 2.165590e+01 8.438610e+00
      vertex   -9.308714e+00 2.166833e+01 8.456539e+00
      vertex   -9.367927e+00 2.174865e+01 8.424853e+00
    endloop
  endfacet
  facet normal -6.163173e-01 -1.493241e-01 7.732110e-01
    outer loop
      vertex   -9.367927e+00 2.174865e+01 8.424853e+00
      vertex   -9.308714e+00 2.166833e+01 8.456539e+00
      vertex   -9.348143e+00 2.175960e+01 8.442737e+00
    endloop
  endfacet
  facet normal -6.430617e-01 -8.175628e-02 7.614378e-01
    outer loop
      vertex   -9.367927e+00 2.174865e+01 8.424853e+00
      vertex   -9.348143e+00 2.175960e+01 8.442737e+00
      vertex   -9.399053e+00 2.184419e+01 8.408824e+00
    endloop
  endfacet
  facet normal -6.370641e-01 -7.589017e-02 7.670659e-01
    outer loop
      vertex   -9.399053e+00 2.184419e+01 8.408824e+00
      vertex   -9.348143e+00 2.175960e+01 8.442737e+00
      vertex   -9.378705e+00 2.185361e+01 8.426656e+00
    endloop
  endfacet
  facet normal -6.565830e-01 -9.385562e-03 7.541954e-01
    outer loop
      vertex   -9.399053e+00 2.184419e+01 8.408824e+00
      vertex   -9.378705e+00 2.185361e+01 8.426656e+00
      vertex   -9.421258e+00 2.194171e+01 8.390706e+00
    endloop
  endfacet
  facet normal -6.501019e-01 -3.953315e-03 7.598367e-01
    outer loop
      vertex   -9.421258e+00 2.194171e+01 8.390706e+00
      vertex   -9.378705e+00 2.185361e+01 8.426656e+00
      vertex   -9.400532e+00 2.194958e+01 8.408480e+00
    endloop
  endfacet
  facet normal -6.630303e-01 6.110876e-02 7.460942e-01
    outer loop
      vertex   -9.421258e+00 2.194171e+01 8.390706e+00
      vertex   -9.400532e+00 2.194958e+01 8.408480e+00
      vertex   -9.434683e+00 2.204044e+01 8.370690e+00
    endloop
  endfacet
  facet normal -6.561763e-01 6.602260e-02 7.517138e-01
    outer loop
      vertex   -9.434683e+00 2.204044e+01 8.370690e+00
      vertex   -9.400532e+00 2.194958e+01 8.408480e+00
      vertex   -9.413761e+00 2.204675e+01 8.388399e+00
    endloop
  endfacet
  facet normal -6.630881e-01 1.295524e-01 7.372451e-01
    outer loop
      vertex   -9.434683e+00 2.204044e+01 8.370690e+00
      vertex   -9.413761e+00 2.204675e+01 8.388399e+00
      vertex   -9.439471e+00 2.213958e+01 8.348962e+00
    endloop
  endfacet
  facet normal -6.559684e-01 1.338916e-01 7.428180e-01
    outer loop
      vertex   -9.439471e+00 2.213958e+01 8.348962e+00
      vertex   -9.413761e+00 2.204675e+01 8.388399e+00
      vertex   -9.418528e+00 2.214433e+01 8.366600e+00
    endloop
  endfacet
  facet normal -6.573069e-01 1.959721e-01 7.276967e-01
    outer loop
      vertex   -9.439471e+00 2.213958e+01 8.348962e+00
      vertex   -9.418528e+00 2.214433e+01 8.366600e+00
      vertex   -9.435764e+00 2.223835e+01 8.325710e+00
    endloop
  endfacet
  facet normal -6.500257e-01 1.997012e-01 7.332026e-01
    outer loop
      vertex   -9.435764e+00 2.223835e+01 8.325710e+00
      vertex   -9.418528e+00 2.214433e+01 8.366600e+00
      vertex   -9.414970e+00 2.224156e+01 8.343273e+00
    endloop
  endfacet
  facet normal -6.460757e-01 2.605176e-01 7.174376e-01
    outer loop
      vertex   -9.435764e+00 2.223835e+01 8.325710e+00
      vertex   -9.414970e+00 2.224156e+01 8.343273e+00
      vertex   -9.423703e+00 2.233597e+01 8.301124e+00
    endloop
  endfacet
  facet normal -6.387359e-01 2.636161e-01 7.228576e-01
    outer loop
      vertex   -9.423703e+00 2.233597e+01 8.301124e+00
      vertex   -9.414970e+00 2.224156e+01 8.343273e+00
      vertex   -9.403223e+00 2.233766e+01 8.318606e+00
    endloop
  endfacet
  facet normal -6.296121e-01 3.233935e-01 7.064030e-01
    outer loop
      vertex   -9.423703e+00 2.233597e+01 8.301124e+00
      vertex   -9.403223e+00 2.233766e+01 8.318606e+00
      vertex   -9.403431e+00 2.243165e+01 8.275391e+00
    endloop
  endfacet
  facet normal -6.223181e-01 3.258526e-01 7.117164e-01
    outer loop
      vertex   -9.403431e+00 2.243165e+01 8.275391e+00
      vertex   -9.403223e+00 2.233766e+01 8.318606e+00
      vertex   -9.383424e+00 2.243186e+01 8.292786e+00
    endloop
  endfacet
  facet normal -6.079655e-01 3.848005e-01 6.944829e-01
    outer loop
      vertex   -9.403431e+00 2.243165e+01 8.275391e+00
      vertex   -9.383424e+00 2.243186e+01 8.292786e+00
      vertex   -9.375090e+00 2.252460e+01 8.248699e+00
    endloop
  endfacet
  facet normal -6.008261e-01 3.866224e-01 6.996650e-01
    outer loop
      vertex   -9.375090e+00 2.252460e+01 8.248699e+00
      vertex   -9.383424e+00 2.243186e+01 8.292786e+00
      vertex   -9.355710e+00 2.252340e+01 8.266004e+00
    endloop
  endfacet
  facet normal -5.810289e-01 4.448819e-01 6.815317e-01
    outer loop
      vertex   -9.375090e+00 2.252460e+01 8.248699e+00
      vertex   -9.355710e+00 2.252340e+01 8.266004e+00
      vertex   -9.338822e+00 2.261404e+01 8.221238e+00
    endloop
  endfacet
  facet normal -5.741600e-01 4.460810e-01 6.865508e-01
    outer loop
      vertex   -9.338822e+00 2.261404e+01 8.221238e+00
      vertex   -9.355710e+00 2.252340e+01 8.266004e+00
      vertex   -9.320217e+00 2.261150e+01 8.238447e+00
    endloop
  endfacet
  facet normal -5.489815e-01 5.027842e-01 6.677030e-01
    outer loop
      vertex   -9.338822e+00 2.261404e+01 8.221238e+00
      vertex   -9.320217e+00 2.261150e+01 8.238447e+00
      vertex   -9.294814e+00 2.269926e+01 8.193248e+00
    endloop
  endfacet
  facet normal -5.424804e-01 5.033936e-01 6.725399e-01
    outer loop
      vertex   -9.294814e+00 2.269926e+01 8.193248e+00
      vertex   -9.320217e+00 2.261150e+01 8.238447e+00
      vertex   -9.277126e+00 2.269546e+01 8.210358e+00
    endloop
  endfacet
  facet normal -5.144372e-01 5.537842e-01 6.547346e-01
    outer loop
      vertex   -9.294814e+00 2.269926e+01 8.193248e+00
      vertex   -9.277126e+00 2.269546e+01 8.210358e+00
      vertex   -9.243547e+00 2.277999e+01 8.165246e+00
    endloop
  endfacet
  facet normal -5.083176e-01 5.538606e-01 6.594328e-01
    outer loop
      vertex   -9.243547e+00 2.277999e+01 8.165246e+00
      vertex   -9.277126e+00 2.269546e+01 8.210358e+00
      vertex   -9.226897e+00 2.277502e+01 8.182256e+00
    endloop
  endfacet
  facet normal 5.396436e-02 6.065544e-01 7.932084e-01
    outer loop
      vertex   -8.077335e+00 2.317239e+01 8.036966e+00
      vertex   -8.166731e+00 2.319334e+01 8.027028e+00
      vertex   -8.170672e+00 2.317779e+01 8.039188e+00
    endloop
  endfacet
  facet normal 3.248339e-02 6.105285e-01 7.913278e-01
    outer loop
      vertex   -8.170672e+00 2.317779e+01 8.039188e+00
      vertex   -8.166731e+00 2.319334e+01 8.027028e+00
      vertex   -8.259892e+00 2.319033e+01 8.033175e+00
    endloop
  endfacet
  facet normal 1.523503e-01 8.714338e-01 4.662538e-01
    outer loop
      vertex   -8.053052e+00 2.322401e+01 7.962672e+00
      vertex   -8.150440e+00 2.324628e+01 7.952870e+00
      vertex   -8.155699e+00 2.323163e+01 7.981965e+00
    endloop
  endfacet
  facet normal 9.126873e-02 8.827432e-01 4.609062e-01
    outer loop
      vertex   -8.155699e+00 2.323163e+01 7.981965e+00
      vertex   -8.150440e+00 2.324628e+01 7.952870e+00
      vertex   -8.252385e+00 2.324480e+01 7.975900e+00
    endloop
  endfacet
  facet normal 1.518475e-01 8.733491e-01 4.628215e-01
    outer loop
      vertex   -8.053052e+00 2.322401e+01 7.962672e+00
      vertex   -8.155699e+00 2.323163e+01 7.981965e+00
      vertex   -8.060870e+00 2.320988e+01 7.991904e+00
    endloop
  endfacet
  facet normal 7.541342e-02 5.992271e-01 7.970193e-01
    outer loop
      vertex   -7.990503e+00 2.314349e+01 8.050481e+00
      vertex   -8.077335e+00 2.317239e+01 8.036966e+00
      vertex   -8.083229e+00 2.315707e+01 8.049041e+00
    endloop
  endfacet
  facet normal 5.391350e-02 6.052701e-01 7.941923e-01
    outer loop
      vertex   -8.083229e+00 2.315707e+01 8.049041e+00
      vertex   -8.077335e+00 2.317239e+01 8.036966e+00
      vertex   -8.170672e+00 2.317779e+01 8.039188e+00
    endloop
  endfacet
  facet normal 2.118601e-01 8.564714e-01 4.707144e-01
    outer loop
      vertex   -7.958403e+00 2.319327e+01 7.976005e+00
      vertex   -8.053052e+00 2.322401e+01 7.962672e+00
      vertex   -8.060870e+00 2.320988e+01 7.991904e+00
    endloop
  endfacet
  facet normal 2.115585e-01 8.591150e-01 4.660090e-01
    outer loop
      vertex   -7.958403e+00 2.319327e+01 7.976005e+00
      vertex   -8.060870e+00 2.320988e+01 7.991904e+00
      vertex   -7.968701e+00 2.317985e+01 8.005424e+00
    endloop
  endfacet
  facet normal 9.663716e-02 5.893592e-01 8.020704e-01
    outer loop
      vertex   -7.906939e+00 2.310699e+01 8.067231e+00
      vertex   -7.990503e+00 2.314349e+01 8.050481e+00
      vertex   -7.998325e+00 2.312850e+01 8.062438e+00
    endloop
  endfacet
  facet normal 7.514949e-02 5.975609e-01 7.982941e-01
    outer loop
      vertex   -7.998325e+00 2.312850e+01 8.062438e+00
      vertex   -7.990503e+00 2.314349e+01 8.050481e+00
      vertex   -8.083229e+00 2.315707e+01 8.049041e+00
    endloop
  endfacet
  facet normal 2.701410e-01 8.367498e-01 4.763125e-01
    outer loop
      vertex   -7.867249e+00 2.315443e+01 7.992530e+00
      vertex   -7.958403e+00 2.319327e+01 7.976005e+00
      vertex   -7.968701e+00 2.317985e+01 8.005424e+00
    endloop
  endfacet
  facet normal 2.702189e-01 8.400406e-01 4.704398e-01
    outer loop
      vertex   -7.867249e+00 2.315443e+01 7.992530e+00
      vertex   -7.968701e+00 2.317985e+01 8.005424e+00
      vertex   -7.879925e+00 2.314190e+01 8.022186e+00
    endloop
  endfacet
  facet normal 1.175547e-01 5.769488e-01 8.082765e-01
    outer loop
      vertex   -7.827327e+00 2.306328e+01 8.086849e+00
      vertex   -7.906939e+00 2.310699e+01 8.067231e+00
      vertex   -7.916661e+00 2.309243e+01 8.079036e+00
    endloop
  endfacet
  facet normal 9.610687e-02 5.874346e-01 8.035447e-01
    outer loop
      vertex   -7.916661e+00 2.309243e+01 8.079036e+00
      vertex   -7.906939e+00 2.310699e+01 8.067231e+00
      vertex   -7.998325e+00 2.312850e+01 8.062438e+00
    endloop
  endfacet
  facet normal 3.272132e-01 8.121689e-01 4.830251e-01
    outer loop
      vertex   -7.780324e+00 2.310790e+01 8.011890e+00
      vertex   -7.867249e+00 2.315443e+01 7.992530e+00
      vertex   -7.879925e+00 2.314190e+01 8.022186e+00
    endloop
  endfacet
  facet normal 3.278098e-01 8.160182e-01 4.760830e-01
    outer loop
      vertex   -7.780324e+00 2.310790e+01 8.011890e+00
      vertex   -7.879925e+00 2.314190e+01 8.022186e+00
      vertex   -7.795254e+00 2.309643e+01 8.041825e+00
    endloop
  endfacet
  facet normal 1.380499e-01 5.619778e-01 8.155509e-01
    outer loop
      vertex   -7.752178e+00 2.301282e+01 8.108901e+00
      vertex   -7.827327e+00 2.306328e+01 8.086849e+00
      vertex   -7.838911e+00 2.304926e+01 8.098470e+00
    endloop
  endfacet
  facet normal 1.167392e-01 5.748764e-01 8.098698e-01
    outer loop
      vertex   -7.838911e+00 2.304926e+01 8.098470e+00
      vertex   -7.827327e+00 2.306328e+01 8.086849e+00
      vertex   -7.916661e+00 2.309243e+01 8.079036e+00
    endloop
  endfacet
  facet normal 3.824723e-01 7.829189e-01 4.906657e-01
    outer loop
      vertex   -7.698180e+00 2.305413e+01 8.033657e+00
      vertex   -7.780324e+00 2.310790e+01 8.011890e+00
      vertex   -7.795254e+00 2.309643e+01 8.041825e+00
    endloop
  endfacet
  facet normal 3.836797e-01 7.872093e-01 4.827954e-01
    outer loop
      vertex   -7.698180e+00 2.305413e+01 8.033657e+00
      vertex   -7.795254e+00 2.309643e+01 8.041825e+00
      vertex   -7.715224e+00 2.304388e+01 8.063912e+00
    endloop
  endfacet
  facet normal 1.579544e-01 5.445068e-01 8.237492e-01
    outer loop
      vertex   -7.681923e+00 2.295605e+01 8.132958e+00
      vertex   -7.752178e+00 2.301282e+01 8.108901e+00
      vertex   -7.765580e+00 2.299945e+01 8.120308e+00
    endloop
  endfacet
  facet normal 1.369845e-01 5.599019e-01 8.171567e-01
    outer loop
      vertex   -7.765580e+00 2.299945e+01 8.120308e+00
      vertex   -7.752178e+00 2.301282e+01 8.108901e+00
      vertex   -7.838911e+00 2.304926e+01 8.098470e+00
    endloop
  endfacet
  facet normal 4.356324e-01 7.490557e-01 4.991392e-01
    outer loop
      vertex   -7.621288e+00 2.299358e+01 8.057408e+00
      vertex   -7.698180e+00 2.305413e+01 8.033657e+00
      vertex   -7.715224e+00 2.304388e+01 8.063912e+00
    endloop
  endfacet
  facet normal 4.375034e-01 7.536694e-01 4.904827e-01
    outer loop
      vertex   -7.621288e+00 2.299358e+01 8.057408e+00
      vertex   -7.715224e+00 2.304388e+01 8.063912e+00
      vertex   -7.640294e+00 2.298470e+01 8.088017e+00
    endloop
  endfacet
  facet normal 1.772527e-01 5.245042e-01 8.327525e-01
    outer loop
      vertex   -7.616989e+00 2.289341e+01 8.158588e+00
      vertex   -7.681923e+00 2.295605e+01 8.132958e+00
      vertex   -7.697086e+00 2.294345e+01 8.144121e+00
    endloop
  endfacet
  facet normal 1.567231e-01 5.425735e-01 8.252587e-01
    outer loop
      vertex   -7.697086e+00 2.294345e+01 8.144121e+00
      vertex   -7.681923e+00 2.295605e+01 8.132958e+00
      vertex   -7.765580e+00 2.299945e+01 8.120308e+00
    endloop
  endfacet
  facet normal 4.865941e-01 7.104504e-01 5.084156e-01
    outer loop
      vertex   -7.550117e+00 2.292672e+01 8.082720e+00
      vertex   -7.621288e+00 2.299358e+01 8.057408e+00
      vertex   -7.640294e+00 2.298470e+01 8.088017e+00
    endloop
  endfacet
  facet normal 4.891554e-01 7.152865e-01 4.990914e-01
    outer loop
      vertex   -7.550117e+00 2.292672e+01 8.082720e+00
      vertex   -7.640294e+00 2.298470e+01 8.088017e+00
      vertex   -7.570920e+00 2.291932e+01 8.113714e+00
    endloop
  endfacet
  facet normal 1.959655e-01 5.017918e-01 8.424978e-01
    outer loop
      vertex   -7.557794e+00 2.282535e+01 8.185356e+00
      vertex   -7.616989e+00 2.289341e+01 8.158588e+00
      vertex   -7.633851e+00 2.288171e+01 8.169480e+00
    endloop
  endfacet
  facet normal 1.759514e-01 5.228089e-01 8.340935e-01
    outer loop
      vertex   -7.633851e+00 2.288171e+01 8.169480e+00
      vertex   -7.616989e+00 2.289341e+01 8.158588e+00
      vertex   -7.697086e+00 2.294345e+01 8.144121e+00
    endloop
  endfacet
  facet normal 5.352329e-01 6.668767e-01 5.184603e-01
    outer loop
      vertex   -7.485122e+00 2.285400e+01 8.109166e+00
      vertex   -7.550117e+00 2.292672e+01 8.082720e+00
      vertex   -7.570920e+00 2.291932e+01 8.113714e+00
    endloop
  endfacet
  facet normal 5.384942e-01 6.718487e-01 5.085699e-01
    outer loop
      vertex   -7.485122e+00 2.285400e+01 8.109166e+00
      vertex   -7.570920e+00 2.291932e+01 8.113714e+00
      vertex   -7.507543e+00 2.284820e+01 8.140568e+00
    endloop
  endfacet
  facet normal 2.137766e-01 4.764409e-01 8.528210e-01
    outer loop
      vertex   -7.504663e+00 2.275230e+01 8.212849e+00
      vertex   -7.557794e+00 2.282535e+01 8.185356e+00
      vertex   -7.576280e+00 2.281468e+01 8.195951e+00
    endloop
  endfacet
  facet normal 1.946876e-01 5.003861e-01 8.436294e-01
    outer loop
      vertex   -7.576280e+00 2.281468e+01 8.195951e+00
      vertex   -7.557794e+00 2.282535e+01 8.185356e+00
      vertex   -7.633851e+00 2.288171e+01 8.169480e+00
    endloop
  endfacet
  facet normal 5.809716e-01 6.185287e-01 5.290503e-01
    outer loop
      vertex   -7.426671e+00 2.277586e+01 8.136338e+00
      vertex   -7.485122e+00 2.285400e+01 8.109166e+00
      vertex   -7.507543e+00 2.284820e+01 8.140568e+00
    endloop
  endfacet
  facet normal 5.849197e-01 6.235471e-01 5.187080e-01
    outer loop
      vertex   -7.426671e+00 2.277586e+01 8.136338e+00
      vertex   -7.507543e+00 2.284820e+01 8.140568e+00
      vertex   -7.450524e+00 2.277175e+01 8.168168e+00
    endloop
  endfacet
  facet normal 7.664856e-01 6.218670e-01 1.605657e-01
    outer loop
      vertex   -7.396871e+00 2.277087e+01 8.069075e+00
      vertex   -7.463912e+00 2.285430e+01 8.065982e+00
      vertex   -7.404541e+00 2.277433e+01 8.092298e+00
    endloop
  endfacet
  facet normal 2.302216e-01 4.488923e-01 8.634198e-01
    outer loop
      vertex   -7.457908e+00 2.267474e+01 8.240706e+00
      vertex   -7.504663e+00 2.275230e+01 8.212849e+00
      vertex   -7.524685e+00 2.274280e+01 8.223125e+00
    endloop
  endfacet
  facet normal 2.126588e-01 4.753918e-01 8.536855e-01
    outer loop
      vertex   -7.524685e+00 2.274280e+01 8.223125e+00
      vertex   -7.504663e+00 2.275230e+01 8.212849e+00
      vertex   -7.576280e+00 2.281468e+01 8.195951e+00
    endloop
  endfacet
  facet normal 6.231644e-01 5.658155e-01 5.399250e-01
    outer loop
      vertex   -7.375122e+00 2.269280e+01 8.163879e+00
      vertex   -7.426671e+00 2.277586e+01 8.136338e+00
      vertex   -7.450524e+00 2.277175e+01 8.168168e+00
    endloop
  endfacet
  facet normal 6.277717e-01 5.707963e-01 5.292393e-01
    outer loop
      vertex   -7.375122e+00 2.269280e+01 8.163879e+00
      vertex   -7.450524e+00 2.277175e+01 8.168168e+00
      vertex   -7.400213e+00 2.269048e+01 8.196150e+00
    endloop
  endfacet
  facet normal 8.126528e-01 5.522048e-01 1.861861e-01
    outer loop
      vertex   -7.344690e+00 2.268527e+01 8.095197e+00
      vertex   -7.396871e+00 2.277087e+01 8.069075e+00
      vertex   -7.404541e+00 2.277433e+01 8.092298e+00
    endloop
  endfacet
  facet normal 8.161836e-01 5.538726e-01 1.645281e-01
    outer loop
      vertex   -7.344690e+00 2.268527e+01 8.095197e+00
      vertex   -7.404541e+00 2.277433e+01 8.092298e+00
      vertex   -7.352315e+00 2.268945e+01 8.118951e+00
    endloop
  endfacet
  facet normal 8.563636e-01 4.799763e-01 1.904316e-01
    outer loop
      vertex   -7.344690e+00 2.268527e+01 8.095197e+00
      vertex   -7.352315e+00 2.268945e+01 8.118951e+00
      vertex   -7.300110e+00 2.259537e+01 8.121303e+00
    endloop
  endfacet
  facet normal 8.600588e-01 4.814844e-01 1.687354e-01
    outer loop
      vertex   -7.300110e+00 2.259537e+01 8.121303e+00
      vertex   -7.352315e+00 2.268945e+01 8.118951e+00
      vertex   -7.307583e+00 2.260021e+01 8.145599e+00
    endloop
  endfacet
  facet normal 8.940440e-01 4.034478e-01 1.947183e-01
    outer loop
      vertex   -7.300110e+00 2.259537e+01 8.121303e+00
      vertex   -7.307583e+00 2.260021e+01 8.145599e+00
      vertex   -7.263463e+00 2.250173e+01 8.147058e+00
    endloop
  endfacet
  facet normal 8.978387e-01 4.048292e-01 1.732024e-01
    outer loop
      vertex   -7.263463e+00 2.250173e+01 8.147058e+00
      vertex   -7.307583e+00 2.260021e+01 8.145599e+00
      vertex   -7.270692e+00 2.250714e+01 8.171901e+00
    endloop
  endfacet
  facet normal 9.253426e-01 3.226572e-01 1.990815e-01
    outer loop
      vertex   -7.263463e+00 2.250173e+01 8.147058e+00
      vertex   -7.270692e+00 2.250714e+01 8.171901e+00
      vertex   -7.235092e+00 2.240490e+01 8.172127e+00
    endloop
  endfacet
  facet normal 9.291931e-01 3.239513e-01 1.779209e-01
    outer loop
      vertex   -7.235092e+00 2.240490e+01 8.172127e+00
      vertex   -7.270692e+00 2.250714e+01 8.171901e+00
      vertex   -7.242000e+00 2.241077e+01 8.197512e+00
    endloop
  endfacet
  facet normal 9.498849e-01 2.371881e-01 2.036183e-01
    outer loop
      vertex   -7.235092e+00 2.240490e+01 8.172127e+00
      vertex   -7.242000e+00 2.241077e+01 8.197512e+00
      vertex   -7.215412e+00 2.230545e+01 8.196166e+00
    endloop
  endfacet
  facet normal 9.537038e-01 2.384114e-01 1.833277e-01
    outer loop
      vertex   -7.215412e+00 2.230545e+01 8.196166e+00
      vertex   -7.242000e+00 2.241077e+01 8.197512e+00
      vertex   -7.221948e+00 2.231167e+01 8.222077e+00
    endloop
  endfacet
  facet normal 9.665832e-01 1.501716e-01 2.077629e-01
    outer loop
      vertex   -7.215412e+00 2.230545e+01 8.196166e+00
      vertex   -7.221948e+00 2.231167e+01 8.222077e+00
      vertex   -7.204581e+00 2.220415e+01 8.218994e+00
    endloop
  endfacet
  facet normal 9.703757e-01 1.513414e-01 1.883263e-01
    outer loop
      vertex   -7.204581e+00 2.220415e+01 8.218994e+00
      vertex   -7.221948e+00 2.231167e+01 8.222077e+00
      vertex   -7.210714e+00 2.221062e+01 8.245404e+00
    endloop
  endfacet
  facet normal 9.754347e-01 6.243328e-02 2.112564e-01
    outer loop
      vertex   -7.204581e+00 2.220415e+01 8.218994e+00
      vertex   -7.210714e+00 2.221062e+01 8.245404e+00
      vertex   -7.202683e+00 2.210184e+01 8.240468e+00
    endloop
  endfacet
  facet normal 9.792176e-01 6.355924e-02 1.925958e-01
    outer loop
      vertex   -7.202683e+00 2.210184e+01 8.240468e+00
      vertex   -7.210714e+00 2.221062e+01 8.245404e+00
      vertex   -7.208397e+00 2.210844e+01 8.267342e+00
    endloop
  endfacet
  facet normal 9.764735e-01 -2.608945e-02 2.140532e-01
    outer loop
      vertex   -7.202683e+00 2.210184e+01 8.240468e+00
      vertex   -7.208397e+00 2.210844e+01 8.267342e+00
      vertex   -7.209801e+00 2.199933e+01 8.260444e+00
    endloop
  endfacet
  facet normal 9.802375e-01 -2.501153e-02 1.962366e-01
    outer loop
      vertex   -7.209801e+00 2.199933e+01 8.260444e+00
      vertex   -7.208397e+00 2.210844e+01 8.267342e+00
      vertex   -7.215095e+00 2.200599e+01 8.287741e+00
    endloop
  endfacet
  facet normal 9.694971e-01 -1.153999e-01 2.162367e-01
    outer loop
      vertex   -7.209801e+00 2.199933e+01 8.260444e+00
      vertex   -7.215095e+00 2.200599e+01 8.287741e+00
      vertex   -7.226018e+00 2.189744e+01 8.278778e+00
    endloop
  endfacet
  facet normal 9.732091e-01 -1.143873e-01 1.994484e-01
    outer loop
      vertex   -7.226018e+00 2.189744e+01 8.278778e+00
      vertex   -7.215095e+00 2.200599e+01 8.287741e+00
      vertex   -7.230906e+00 2.190410e+01 8.306449e+00
    endloop
  endfacet
  facet normal 9.541037e-01 -2.053634e-01 2.179725e-01
    outer loop
      vertex   -7.226018e+00 2.189744e+01 8.278778e+00
      vertex   -7.230906e+00 2.190410e+01 8.306449e+00
      vertex   -7.251416e+00 2.179700e+01 8.295327e+00
    endloop
  endfacet
  facet normal 9.577057e-01 -2.044453e-01 2.024891e-01
    outer loop
      vertex   -7.251416e+00 2.179700e+01 8.295327e+00
      vertex   -7.230906e+00 2.190410e+01 8.306449e+00
      vertex   -7.255926e+00 2.180360e+01 8.323315e+00
    endloop
  endfacet
  facet normal 9.297363e-01 -2.956688e-01 2.194776e-01
    outer loop
      vertex   -7.251416e+00 2.179700e+01 8.295327e+00
      vertex   -7.255926e+00 2.180360e+01 8.323315e+00
      vertex   -7.286081e+00 2.169885e+01 8.309950e+00
    endloop
  endfacet
  facet normal 9.331429e-01 -2.948839e-01 2.056400e-01
    outer loop
      vertex   -7.286081e+00 2.169885e+01 8.309950e+00
      vertex   -7.255926e+00 2.180360e+01 8.323315e+00
      vertex   -7.290255e+00 2.170534e+01 8.338191e+00
    endloop
  endfacet
  facet normal 8.961215e-01 -3.849541e-01 2.208542e-01
    outer loop
      vertex   -7.286081e+00 2.169885e+01 8.309950e+00
      vertex   -7.290255e+00 2.170534e+01 8.338191e+00
      vertex   -7.329921e+00 2.160408e+01 8.322630e+00
    endloop
  endfacet
  facet normal 6.615607e-01 5.086275e-01 5.510313e-01
    outer loop
      vertex   -7.375122e+00 2.269280e+01 8.163879e+00
      vertex   -7.400213e+00 2.269048e+01 8.196150e+00
      vertex   -7.330834e+00 2.260535e+01 8.191433e+00
    endloop
  endfacet
  facet normal 6.667916e-01 5.134960e-01 5.401026e-01
    outer loop
      vertex   -7.330834e+00 2.260535e+01 8.191433e+00
      vertex   -7.400213e+00 2.269048e+01 8.196150e+00
      vertex   -7.356965e+00 2.260486e+01 8.224151e+00
    endloop
  endfacet
  facet normal 6.958192e-01 4.468195e-01 5.623059e-01
    outer loop
      vertex   -7.330834e+00 2.260535e+01 8.191433e+00
      vertex   -7.356965e+00 2.260486e+01 8.224151e+00
      vertex   -7.294167e+00 2.251400e+01 8.218647e+00
    endloop
  endfacet
  facet normal 7.016335e-01 4.515090e-01 5.512259e-01
    outer loop
      vertex   -7.294167e+00 2.251400e+01 8.218647e+00
      vertex   -7.356965e+00 2.260486e+01 8.224151e+00
      vertex   -7.321132e+00 2.251541e+01 8.251810e+00
    endloop
  endfacet
  facet normal 7.255067e-01 3.801738e-01 5.736792e-01
    outer loop
      vertex   -7.294167e+00 2.251400e+01 8.218647e+00
      vertex   -7.321132e+00 2.251541e+01 8.251810e+00
      vertex   -7.265491e+00 2.241927e+01 8.245159e+00
    endloop
  endfacet
  facet normal 7.318596e-01 3.846210e-01 5.625374e-01
    outer loop
      vertex   -7.265491e+00 2.241927e+01 8.245159e+00
      vertex   -7.321132e+00 2.251541e+01 8.251810e+00
      vertex   -7.293077e+00 2.242261e+01 8.278761e+00
    endloop
  endfacet
  facet normal 7.501493e-01 3.079481e-01 5.851872e-01
    outer loop
      vertex   -7.265491e+00 2.241927e+01 8.245159e+00
      vertex   -7.293077e+00 2.242261e+01 8.278761e+00
      vertex   -7.245273e+00 2.232168e+01 8.270596e+00
    endloop
  endfacet
  facet normal 7.569530e-01 3.120641e-01 5.741412e-01
    outer loop
      vertex   -7.245273e+00 2.232168e+01 8.270596e+00
      vertex   -7.293077e+00 2.242261e+01 8.278761e+00
      vertex   -7.273263e+00 2.232698e+01 8.304620e+00
    endloop
  endfacet
  facet normal 7.684242e-01 2.335476e-01 5.958018e-01
    outer loop
      vertex   -7.245273e+00 2.232168e+01 8.270596e+00
      vertex   -7.273263e+00 2.232698e+01 8.304620e+00
      vertex   -7.233712e+00 2.222202e+01 8.294751e+00
    endloop
  endfacet
  facet normal 7.756245e-01 2.372866e-01 5.848946e-01
    outer loop
      vertex   -7.233712e+00 2.222202e+01 8.294751e+00
      vertex   -7.273263e+00 2.232698e+01 8.304620e+00
      vertex   -7.261890e+00 2.222928e+01 8.329174e+00
    endloop
  endfacet
  facet normal 7.801561e-01 1.578236e-01 6.053496e-01
    outer loop
      vertex   -7.233712e+00 2.222202e+01 8.294751e+00
      vertex   -7.261890e+00 2.222928e+01 8.329174e+00
      vertex   -7.230925e+00 2.212114e+01 8.317460e+00
    endloop
  endfacet
  facet normal 7.876988e-01 1.611467e-01 5.946111e-01
    outer loop
      vertex   -7.230925e+00 2.212114e+01 8.317460e+00
      vertex   -7.261890e+00 2.222928e+01 8.329174e+00
      vertex   -7.259074e+00 2.213034e+01 8.352256e+00
    endloop
  endfacet
  facet normal 7.852383e-01 8.062013e-02 6.139227e-01
    outer loop
      vertex   -7.230925e+00 2.212114e+01 8.317460e+00
      vertex   -7.259074e+00 2.213034e+01 8.352256e+00
      vertex   -7.237025e+00 2.201987e+01 8.338561e+00
    endloop
  endfacet
  facet normal 7.930465e-01 8.348130e-02 6.034138e-01
    outer loop
      vertex   -7.237025e+00 2.201987e+01 8.338561e+00
      vertex   -7.259074e+00 2.213034e+01 8.352256e+00
      vertex   -7.264931e+00 2.203101e+01 8.373696e+00
    endloop
  endfacet
  facet normal 7.833435e-01 1.826502e-03 6.215863e-01
    outer loop
      vertex   -7.237025e+00 2.201987e+01 8.338561e+00
      vertex   -7.264931e+00 2.203101e+01 8.373696e+00
      vertex   -7.252128e+00 2.191906e+01 8.357890e+00
    endloop
  endfacet
  facet normal 7.913141e-01 4.176902e-03 6.113956e-01
    outer loop
      vertex   -7.252128e+00 2.191906e+01 8.357890e+00
      vertex   -7.264931e+00 2.203101e+01 8.373696e+00
      vertex   -7.279576e+00 2.193210e+01 8.393327e+00
    endloop
  endfacet
  facet normal 7.739450e-01 -7.853708e-02 6.283638e-01
    outer loop
      vertex   -7.252128e+00 2.191906e+01 8.357890e+00
      vertex   -7.279576e+00 2.193210e+01 8.393327e+00
      vertex   -7.276349e+00 2.181955e+01 8.375285e+00
    endloop
  endfacet
  facet normal 7.819446e-01 -7.674334e-02 6.186058e-01
    outer loop
      vertex   -7.276349e+00 2.181955e+01 8.375285e+00
      vertex   -7.279576e+00 2.193210e+01 8.393327e+00
      vertex   -7.303127e+00 2.183444e+01 8.410981e+00
    endloop
  endfacet
  facet normal 7.563590e-01 -1.602332e-01 6.342289e-01
    outer loop
      vertex   -7.276349e+00 2.181955e+01 8.375285e+00
      vertex   -7.303127e+00 2.183444e+01 8.410981e+00
      vertex   -7.309801e+00 2.172221e+01 8.390586e+00
    endloop
  endfacet
  facet normal 7.642205e-01 -1.590309e-01 6.250409e-01
    outer loop
      vertex   -7.309801e+00 2.172221e+01 8.390586e+00
      vertex   -7.303127e+00 2.183444e+01 8.410981e+00
      vertex   -7.335698e+00 2.173889e+01 8.426493e+00
    endloop
  endfacet
  facet normal 7.304685e-01 -2.412801e-01 6.389051e-01
    outer loop
      vertex   -7.309801e+00 2.172221e+01 8.390586e+00
      vertex   -7.335698e+00 2.173889e+01 8.426493e+00
      vertex   -7.352390e+00 2.162818e+01 8.403768e+00
    endloop
  endfacet
  facet normal 7.380480e-01 -2.406703e-01 6.303673e-01
    outer loop
      vertex   -7.352390e+00 2.162818e+01 8.403768e+00
      vertex   -7.335698e+00 2.173889e+01 8.426493e+00
      vertex   -7.377197e+00 2.164658e+01 8.439839e+00
    endloop
  endfacet
  facet normal 6.979260e-01 -3.174689e-01 6.419601e-01
    outer loop
      vertex   -7.352390e+00 2.162818e+01 8.403768e+00
      vertex   -7.377197e+00 2.164658e+01 8.439839e+00
      vertex   -7.403582e+00 2.153831e+01 8.414982e+00
    endloop
  endfacet
  facet normal 7.051439e-01 -3.174122e-01 6.340517e-01
    outer loop
      vertex   -7.403582e+00 2.153831e+01 8.414982e+00
      vertex   -7.377197e+00 2.164658e+01 8.439839e+00
      vertex   -7.427099e+00 2.155836e+01 8.451173e+00
    endloop
  endfacet
  facet normal 6.595272e-01 -3.882473e-01 6.436520e-01
    outer loop
      vertex   -7.403582e+00 2.153831e+01 8.414982e+00
      vertex   -7.427099e+00 2.155836e+01 8.451173e+00
      vertex   -7.462786e+00 2.145333e+01 8.424388e+00
    endloop
  endfacet
  facet normal 6.663100e-01 -3.886915e-01 6.363568e-01
    outer loop
      vertex   -7.462786e+00 2.145333e+01 8.424388e+00
      vertex   -7.427099e+00 2.155836e+01 8.451173e+00
      vertex   -7.484826e+00 2.147494e+01 8.460660e+00
    endloop
  endfacet
  facet normal 6.156087e-01 -4.537610e-01 6.443034e-01
    outer loop
      vertex   -7.462786e+00 2.145333e+01 8.424388e+00
      vertex   -7.484826e+00 2.147494e+01 8.460660e+00
      vertex   -7.529412e+00 2.137396e+01 8.432143e+00
    endloop
  endfacet
  facet normal 6.218817e-01 -4.546439e-01 6.376222e-01
    outer loop
      vertex   -7.529412e+00 2.137396e+01 8.432143e+00
      vertex   -7.484826e+00 2.147494e+01 8.460660e+00
      vertex   -7.549799e+00 2.139701e+01 8.468465e+00
    endloop
  endfacet
  facet normal 5.662972e-01 -5.141354e-01 6.441834e-01
    outer loop
      vertex   -7.529412e+00 2.137396e+01 8.432143e+00
      vertex   -7.549799e+00 2.139701e+01 8.468465e+00
      vertex   -7.602870e+00 2.130089e+01 8.438407e+00
    endloop
  endfacet
  facet normal 5.719831e-01 -5.153833e-01 6.381344e-01
    outer loop
      vertex   -7.602870e+00 2.130089e+01 8.438407e+00
      vertex   -7.549799e+00 2.139701e+01 8.468465e+00
      vertex   -7.621440e+00 2.132528e+01 8.474751e+00
    endloop
  endfacet
  facet normal 5.115557e-01 -5.693939e-01 6.435071e-01
    outer loop
      vertex   -7.602870e+00 2.130089e+01 8.438407e+00
      vertex   -7.621440e+00 2.132528e+01 8.474751e+00
      vertex   -7.682571e+00 2.123486e+01 8.443339e+00
    endloop
  endfacet
  facet normal 5.165736e-01 -5.709172e-01 6.381264e-01
    outer loop
      vertex   -7.682571e+00 2.123486e+01 8.443339e+00
      vertex   -7.621440e+00 2.132528e+01 8.474751e+00
      vertex   -7.699170e+00 2.126046e+01 8.479683e+00
    endloop
  endfacet
  facet normal 4.512469e-01 -6.193934e-01 6.424391e-01
    outer loop
      vertex   -7.682571e+00 2.123486e+01 8.443339e+00
      vertex   -7.699170e+00 2.126046e+01 8.479683e+00
      vertex   -7.767924e+00 2.117658e+01 8.447097e+00
    endloop
  endfacet
  facet normal 4.555149e-01 -6.210817e-01 6.377802e-01
    outer loop
      vertex   -7.767924e+00 2.117658e+01 8.447097e+00
      vertex   -7.699170e+00 2.126046e+01 8.479683e+00
      vertex   -7.782413e+00 2.120326e+01 8.483425e+00
    endloop
  endfacet
  facet normal 3.854872e-01 -6.636247e-01 6.410942e-01
    outer loop
      vertex   -7.767924e+00 2.117658e+01 8.447097e+00
      vertex   -7.782413e+00 2.120326e+01 8.483425e+00
      vertex   -7.858312e+00 2.112675e+01 8.449867e+00
    endloop
  endfacet
  facet normal 3.889501e-01 -6.653522e-01 6.372004e-01
    outer loop
      vertex   -7.858312e+00 2.112675e+01 8.449867e+00
      vertex   -7.782413e+00 2.120326e+01 8.483425e+00
      vertex   -7.870560e+00 2.115435e+01 8.486168e+00
    endloop
  endfacet
  facet normal 3.173818e-01 -7.001838e-01 6.395401e-01
    outer loop
      vertex   -7.858312e+00 2.112675e+01 8.449867e+00
      vertex   -7.870560e+00 2.115435e+01 8.486168e+00
      vertex   -7.952842e+00 2.108582e+01 8.451964e+00
    endloop
  endfacet
  facet normal 3.201443e-01 -7.018807e-01 6.362948e-01
    outer loop
      vertex   -7.952842e+00 2.108582e+01 8.451964e+00
      vertex   -7.870560e+00 2.115435e+01 8.486168e+00
      vertex   -7.962742e+00 2.111418e+01 8.488238e+00
    endloop
  endfacet
  facet normal 2.479339e-01 -7.291232e-01 6.378935e-01
    outer loop
      vertex   -7.952842e+00 2.108582e+01 8.451964e+00
      vertex   -7.962742e+00 2.111418e+01 8.488238e+00
      vertex   -8.050649e+00 2.105388e+01 8.453482e+00
    endloop
  endfacet
  facet normal 2.499958e-01 -7.306533e-01 6.353329e-01
    outer loop
      vertex   -8.050649e+00 2.105388e+01 8.453482e+00
      vertex   -7.962742e+00 2.111418e+01 8.488238e+00
      vertex   -8.058114e+00 2.108285e+01 8.489733e+00
    endloop
  endfacet
  facet normal 1.772949e-01 -7.507141e-01 6.363921e-01
    outer loop
      vertex   -8.050649e+00 2.105388e+01 8.453482e+00
      vertex   -8.058114e+00 2.108285e+01 8.489733e+00
      vertex   -8.150903e+00 2.103104e+01 8.454469e+00
    endloop
  endfacet
  facet normal 1.786646e-01 -7.519287e-01 6.345725e-01
    outer loop
      vertex   -8.150903e+00 2.103104e+01 8.454469e+00
      vertex   -8.058114e+00 2.108285e+01 8.489733e+00
      vertex   -8.155869e+00 2.106044e+01 8.490700e+00
    endloop
  endfacet
  facet normal 1.057434e-01 -7.650529e-01 6.352263e-01
    outer loop
      vertex   -8.150903e+00 2.103104e+01 8.454469e+00
      vertex   -8.155869e+00 2.106044e+01 8.490700e+00
      vertex   -8.252773e+00 2.101738e+01 8.454969e+00
    endloop
  endfacet
  facet normal 1.064702e-01 -7.658200e-01 6.341796e-01
    outer loop
      vertex   -8.252773e+00 2.101738e+01 8.454969e+00
      vertex   -8.155869e+00 2.106044e+01 8.490700e+00
      vertex   -8.255197e+00 2.104703e+01 8.491187e+00
    endloop
  endfacet
  facet normal 3.348871e-02 -7.721892e-01 6.345095e-01
    outer loop
      vertex   -8.252773e+00 2.101738e+01 8.454969e+00
      vertex   -8.255197e+00 2.104703e+01 8.491187e+00
      vertex   -8.355426e+00 2.101298e+01 8.455031e+00
    endloop
  endfacet
  facet normal 3.365748e-02 -7.724018e-01 6.342418e-01
    outer loop
      vertex   -8.355426e+00 2.101298e+01 8.455031e+00
      vertex   -8.255197e+00 2.104703e+01 8.491187e+00
      vertex   -8.355289e+00 2.104272e+01 8.491241e+00
    endloop
  endfacet
  facet normal -3.928251e-02 -7.721071e-01 6.342772e-01
    outer loop
      vertex   -8.355426e+00 2.101298e+01 8.455031e+00
      vertex   -8.355289e+00 2.104272e+01 8.491241e+00
      vertex   -8.458033e+00 2.101793e+01 8.454699e+00
    endloop
  endfacet
  facet normal -3.955741e-02 -7.716902e-01 6.347673e-01
    outer loop
      vertex   -8.458033e+00 2.101793e+01 8.454699e+00
      vertex   -8.355289e+00 2.104272e+01 8.491241e+00
      vertex   -8.455334e+00 2.104757e+01 8.490910e+00
    endloop
  endfacet
  facet normal -1.123581e-01 -7.647228e-01 6.344877e-01
    outer loop
      vertex   -8.458033e+00 2.101793e+01 8.454699e+00
      vertex   -8.455334e+00 2.104757e+01 8.490910e+00
      vertex   -8.559761e+00 2.103231e+01 8.454020e+00
    endloop
  endfacet
  facet normal -1.129396e-01 -7.636412e-01 6.356861e-01
    outer loop
      vertex   -8.559761e+00 2.103231e+01 8.454020e+00
      vertex   -8.455334e+00 2.104757e+01 8.490910e+00
      vertex   -8.554525e+00 2.106169e+01 8.490242e+00
    endloop
  endfacet
  facet normal -1.854623e-01 -7.498994e-01 6.350233e-01
    outer loop
      vertex   -8.559761e+00 2.103231e+01 8.454020e+00
      vertex   -8.554525e+00 2.106169e+01 8.490242e+00
      vertex   -8.659779e+00 2.105622e+01 8.453040e+00
    endloop
  endfacet
  facet normal -1.861992e-01 -7.481632e-01 6.368529e-01
    outer loop
      vertex   -8.659779e+00 2.105622e+01 8.453040e+00
      vertex   -8.554525e+00 2.106169e+01 8.490242e+00
      vertex   -8.652051e+00 2.108514e+01 8.489283e+00
    endloop
  endfacet
  facet normal -2.591253e-01 -7.271831e-01 6.356562e-01
    outer loop
      vertex   -8.659779e+00 2.105622e+01 8.453040e+00
      vertex   -8.652051e+00 2.108514e+01 8.489283e+00
      vertex   -8.757125e+00 2.108968e+01 8.451645e+00
    endloop
  endfacet
  facet normal -2.599112e-01 -7.247161e-01 6.381479e-01
    outer loop
      vertex   -8.757125e+00 2.108968e+01 8.451645e+00
      vertex   -8.652051e+00 2.108514e+01 8.489283e+00
      vertex   -8.746978e+00 2.111799e+01 8.487919e+00
    endloop
  endfacet
  facet normal -3.303081e-01 -6.971330e-01 6.363193e-01
    outer loop
      vertex   -8.757125e+00 2.108968e+01 8.451645e+00
      vertex   -8.746978e+00 2.111799e+01 8.487919e+00
      vertex   -8.850978e+00 2.113229e+01 8.449606e+00
    endloop
  endfacet
  facet normal -3.310330e-01 -6.938635e-01 6.395080e-01
    outer loop
      vertex   -8.850978e+00 2.113229e+01 8.449606e+00
      vertex   -8.746978e+00 2.111799e+01 8.487919e+00
      vertex   -8.838505e+00 2.115980e+01 8.485911e+00
    endloop
  endfacet
  facet normal -3.972178e-01 -6.606012e-01 6.370432e-01
    outer loop
      vertex   -8.850978e+00 2.113229e+01 8.449606e+00
      vertex   -8.838505e+00 2.115980e+01 8.485911e+00
      vertex   -8.940655e+00 2.118346e+01 8.446747e+00
    endloop
  endfacet
  facet normal -3.977530e-01 -6.565493e-01 6.408865e-01
    outer loop
      vertex   -8.940655e+00 2.118346e+01 8.446747e+00
      vertex   -8.838505e+00 2.115980e+01 8.485911e+00
      vertex   -8.925963e+00 2.121002e+01 8.483079e+00
    endloop
  endfacet
  facet normal -4.598562e-01 -6.179074e-01 6.377482e-01
    outer loop
      vertex   -8.940655e+00 2.118346e+01 8.446747e+00
      vertex   -8.925963e+00 2.121002e+01 8.483079e+00
      vertex   -9.025471e+00 2.124260e+01 8.442894e+00
    endloop
  endfacet
  facet normal -4.600832e-01 -6.131057e-01 6.422032e-01
    outer loop
      vertex   -9.025471e+00 2.124260e+01 8.442894e+00
      vertex   -8.925963e+00 2.121002e+01 8.483079e+00
      vertex   -9.008681e+00 2.126807e+01 8.479240e+00
    endloop
  endfacet
  facet normal -5.182543e-01 -5.691966e-01 6.383007e-01
    outer loop
      vertex   -9.025471e+00 2.124260e+01 8.442894e+00
      vertex   -9.008681e+00 2.126807e+01 8.479240e+00
      vertex   -9.104740e+00 2.130914e+01 8.437869e+00
    endloop
  endfacet
  facet normal -5.180629e-01 -5.636877e-01 6.433249e-01
    outer loop
      vertex   -9.104740e+00 2.130914e+01 8.437869e+00
      vertex   -9.008681e+00 2.126807e+01 8.479240e+00
      vertex   -9.085991e+00 2.133339e+01 8.474215e+00
    endloop
  endfacet
  facet normal -5.723934e-01 -5.144616e-01 6.385100e-01
    outer loop
      vertex   -9.104740e+00 2.130914e+01 8.437869e+00
      vertex   -9.085991e+00 2.133339e+01 8.474215e+00
      vertex   -9.177780e+00 2.138250e+01 8.431498e+00
    endloop
  endfacet
  facet normal -5.716795e-01 -5.082980e-01 6.440619e-01
    outer loop
      vertex   -9.177780e+00 2.138250e+01 8.431498e+00
      vertex   -9.085991e+00 2.133339e+01 8.474215e+00
      vertex   -9.157222e+00 2.140540e+01 8.467820e+00
    endloop
  endfacet
  facet normal -6.221386e-01 -4.535854e-01 6.381253e-01
    outer loop
      vertex   -9.177780e+00 2.138250e+01 8.431498e+00
      vertex   -9.157222e+00 2.140540e+01 8.467820e+00
      vertex   -9.243906e+00 2.146209e+01 8.423605e+00
    endloop
  endfacet
  facet normal -6.208015e-01 -4.468311e-01 6.441642e-01
    outer loop
      vertex   -9.243906e+00 2.146209e+01 8.423605e+00
      vertex   -9.157222e+00 2.140540e+01 8.467820e+00
      vertex   -9.221704e+00 2.148354e+01 8.459876e+00
    endloop
  endfacet
  facet normal -6.671846e-01 -3.864033e-01 6.368337e-01
    outer loop
      vertex   -9.243906e+00 2.146209e+01 8.423605e+00
      vertex   -9.221704e+00 2.148354e+01 8.459876e+00
      vertex   -9.302433e+00 2.154734e+01 8.414015e+00
    endloop
  endfacet
  facet normal -6.651270e-01 -3.791382e-01 6.433198e-01
    outer loop
      vertex   -9.302433e+00 2.154734e+01 8.414015e+00
      vertex   -9.221704e+00 2.148354e+01 8.459876e+00
      vertex   -9.278767e+00 2.156722e+01 8.450199e+00
    endloop
  endfacet
  facet normal -7.070180e-01 -3.127872e-01 6.342632e-01
    outer loop
      vertex   -9.302433e+00 2.154734e+01 8.414015e+00
      vertex   -9.278767e+00 2.156722e+01 8.450199e+00
      vertex   -9.352677e+00 2.163767e+01 8.402552e+00
    endloop
  endfacet
  facet normal -7.041472e-01 -3.051118e-01 6.411580e-01
    outer loop
      vertex   -9.352677e+00 2.163767e+01 8.402552e+00
      vertex   -9.278767e+00 2.156722e+01 8.450199e+00
      vertex   -9.327743e+00 2.165590e+01 8.438610e+00
    endloop
  endfacet
  facet normal -7.408587e-01 -2.328407e-01 6.300107e-01
    outer loop
      vertex   -9.352677e+00 2.163767e+01 8.402552e+00
      vertex   -9.327743e+00 2.165590e+01 8.438610e+00
      vertex   -9.393924e+00 2.173215e+01 8.388968e+00
    endloop
  endfacet
  facet normal -7.370870e-01 -2.248180e-01 6.373065e-01
    outer loop
      vertex   -9.393924e+00 2.173215e+01 8.388968e+00
      vertex   -9.327743e+00 2.165590e+01 8.438610e+00
      vertex   -9.367927e+00 2.174865e+01 8.424853e+00
    endloop
  endfacet
  facet normal -7.664836e-01 -1.504119e-01 6.244030e-01
    outer loop
      vertex   -9.393924e+00 2.173215e+01 8.388968e+00
      vertex   -9.367927e+00 2.174865e+01 8.424853e+00
      vertex   -9.425901e+00 2.182950e+01 8.373163e+00
    endloop
  endfacet
  facet normal -7.617737e-01 -1.421404e-01 6.320577e-01
    outer loop
      vertex   -9.425901e+00 2.182950e+01 8.373163e+00
      vertex   -9.367927e+00 2.174865e+01 8.424853e+00
      vertex   -9.399053e+00 2.184419e+01 8.408824e+00
    endloop
  endfacet
  facet normal -7.831284e-01 -6.902686e-02 6.180171e-01
    outer loop
      vertex   -9.425901e+00 2.182950e+01 8.373163e+00
      vertex   -9.399053e+00 2.184419e+01 8.408824e+00
      vertex   -9.448746e+00 2.192888e+01 8.355315e+00
    endloop
  endfacet
  facet normal -7.775259e-01 -6.075366e-02 6.259093e-01
    outer loop
      vertex   -9.448746e+00 2.192888e+01 8.355315e+00
      vertex   -9.399053e+00 2.184419e+01 8.408824e+00
      vertex   -9.421258e+00 2.194171e+01 8.390706e+00
    endloop
  endfacet
  facet normal -7.915970e-01 1.066422e-02 6.109504e-01
    outer loop
      vertex   -9.448746e+00 2.192888e+01 8.355315e+00
      vertex   -9.421258e+00 2.194171e+01 8.390706e+00
      vertex   -9.462600e+00 2.202951e+01 8.335607e+00
    endloop
  endfacet
  facet normal -7.851801e-01 1.872709e-02 6.189842e-01
    outer loop
      vertex   -9.462600e+00 2.202951e+01 8.335607e+00
      vertex   -9.421258e+00 2.194171e+01 8.390706e+00
      vertex   -9.434683e+00 2.204044e+01 8.370690e+00
    endloop
  endfacet
  facet normal -7.926480e-01 8.836813e-02 6.032415e-01
    outer loop
      vertex   -9.462600e+00 2.202951e+01 8.335607e+00
      vertex   -9.434683e+00 2.204044e+01 8.370690e+00
      vertex   -9.467606e+00 2.213059e+01 8.314224e+00
    endloop
  endfacet
  facet normal -7.855149e-01 9.604765e-02 6.113437e-01
    outer loop
      vertex   -9.467606e+00 2.213059e+01 8.314224e+00
      vertex   -9.434683e+00 2.204044e+01 8.370690e+00
      vertex   -9.439471e+00 2.213958e+01 8.348962e+00
    endloop
  endfacet
  facet normal -7.869032e-01 1.640309e-01 5.948759e-01
    outer loop
      vertex   -9.467606e+00 2.213059e+01 8.314224e+00
      vertex   -9.439471e+00 2.213958e+01 8.348962e+00
      vertex   -9.463904e+00 2.223132e+01 8.291347e+00
    endloop
  endfacet
  facet normal -7.791618e-01 1.711907e-01 6.029931e-01
    outer loop
      vertex   -9.463904e+00 2.223132e+01 8.291347e+00
      vertex   -9.439471e+00 2.213958e+01 8.348962e+00
      vertex   -9.435764e+00 2.223835e+01 8.325710e+00
    endloop
  endfacet
  facet normal -7.748035e-01 2.377506e-01 5.857936e-01
    outer loop
      vertex   -9.463904e+00 2.223132e+01 8.291347e+00
      vertex   -9.435764e+00 2.223835e+01 8.325710e+00
      vertex   -9.451636e+00 2.233089e+01 8.267160e+00
    endloop
  endfacet
  facet normal -7.665628e-01 2.442869e-01 5.938901e-01
    outer loop
      vertex   -9.451636e+00 2.233089e+01 8.267160e+00
      vertex   -9.435764e+00 2.223835e+01 8.325710e+00
      vertex   -9.423703e+00 2.233597e+01 8.301124e+00
    endloop
  endfacet
  facet normal -7.565881e-01 3.096973e-01 5.759011e-01
    outer loop
      vertex   -9.451636e+00 2.233089e+01 8.267160e+00
      vertex   -9.423703e+00 2.233597e+01 8.301124e+00
      vertex   -9.430944e+00 2.242851e+01 8.241845e+00
    endloop
  endfacet
  facet normal -7.479505e-01 3.155346e-01 5.839589e-01
    outer loop
      vertex   -9.430944e+00 2.242851e+01 8.241845e+00
      vertex   -9.423703e+00 2.233597e+01 8.301124e+00
      vertex   -9.403431e+00 2.243165e+01 8.275391e+00
    endloop
  endfacet
  facet normal -7.322891e-01 3.800395e-01 5.650864e-01
    outer loop
      vertex   -9.430944e+00 2.242851e+01 8.241845e+00
      vertex   -9.403431e+00 2.243165e+01 8.275391e+00
      vertex   -9.401969e+00 2.252339e+01 8.215587e+00
    endloop
  endfacet
  facet normal -7.233436e-01 3.851258e-01 5.731075e-01
    outer loop
      vertex   -9.401969e+00 2.252339e+01 8.215587e+00
      vertex   -9.403431e+00 2.243165e+01 8.275391e+00
      vertex   -9.375090e+00 2.252460e+01 8.248699e+00
    endloop
  endfacet
  facet normal -7.017402e-01 4.488728e-01 5.532394e-01
    outer loop
      vertex   -9.401969e+00 2.252339e+01 8.215587e+00
      vertex   -9.375090e+00 2.252460e+01 8.248699e+00
      vertex   -9.364854e+00 2.261471e+01 8.188568e+00
    endloop
  endfacet
  facet normal -6.925546e-01 4.531745e-01 5.612495e-01
    outer loop
      vertex   -9.364854e+00 2.261471e+01 8.188568e+00
      vertex   -9.375090e+00 2.252460e+01 8.248699e+00
      vertex   -9.338822e+00 2.261404e+01 8.221238e+00
    endloop
  endfacet
  facet normal -6.650089e-01 5.152947e-01 5.405873e-01
    outer loop
      vertex   -9.364854e+00 2.261471e+01 8.188568e+00
      vertex   -9.338822e+00 2.261404e+01 8.221238e+00
      vertex   -9.319785e+00 2.270177e+01 8.161024e+00
    endloop
  endfacet
  facet normal -6.556886e-01 5.187665e-01 5.485926e-01
    outer loop
      vertex   -9.319785e+00 2.270177e+01 8.161024e+00
      vertex   -9.338822e+00 2.261404e+01 8.221238e+00
      vertex   -9.294814e+00 2.269926e+01 8.193248e+00
    endloop
  endfacet
  facet normal -6.246603e-01 5.745140e-01 5.288981e-01
    outer loop
      vertex   -9.319785e+00 2.270177e+01 8.161024e+00
      vertex   -9.294814e+00 2.269926e+01 8.193248e+00
      vertex   -9.267248e+00 2.278427e+01 8.133460e+00
    endloop
  endfacet
  facet normal -6.155576e-01 5.770702e-01 5.367297e-01
    outer loop
      vertex   -9.267248e+00 2.278427e+01 8.133460e+00
      vertex   -9.294814e+00 2.269926e+01 8.193248e+00
      vertex   -9.243547e+00 2.277999e+01 8.165246e+00
    endloop
  endfacet
  facet normal 2.294296e-01 4.482552e-01 8.639614e-01
    outer loop
      vertex   -7.524685e+00 2.274280e+01 8.223125e+00
      vertex   -7.479360e+00 2.266656e+01 8.250645e+00
      vertex   -7.457908e+00 2.267474e+01 8.240706e+00
    endloop
  endfacet
  facet normal 2.453146e-01 4.190306e-01 8.742048e-01
    outer loop
      vertex   -7.457908e+00 2.267474e+01 8.240706e+00
      vertex   -7.479360e+00 2.266656e+01 8.250645e+00
      vertex   -7.417841e+00 2.259316e+01 8.268568e+00
    endloop
  endfacet
  facet normal 2.334501e-01 -8.892601e-02 9.682940e-01
    outer loop
      vertex   -7.602083e+00 2.145063e+01 8.511910e+00
      vertex   -7.541365e+00 2.152418e+01 8.504026e+00
      vertex   -7.563288e+00 2.154206e+01 8.510953e+00
    endloop
  endfacet
  facet normal 2.582705e-01 -5.696559e-02 9.643916e-01
    outer loop
      vertex   -7.563288e+00 2.154206e+01 8.510953e+00
      vertex   -7.541365e+00 2.152418e+01 8.504026e+00
      vertex   -7.510749e+00 2.161882e+01 8.501417e+00
    endloop
  endfacet
  facet normal 2.147411e-01 -1.209080e-01 9.691581e-01
    outer loop
      vertex   -7.669008e+00 2.138291e+01 8.518290e+00
      vertex   -7.602083e+00 2.145063e+01 8.511910e+00
      vertex   -7.622354e+00 2.147033e+01 8.518859e+00
    endloop
  endfacet
  facet normal 2.414277e-01 -9.233492e-02 9.660160e-01
    outer loop
      vertex   -7.622354e+00 2.147033e+01 8.518859e+00
      vertex   -7.602083e+00 2.145063e+01 8.511910e+00
      vertex   -7.563288e+00 2.154206e+01 8.510953e+00
    endloop
  endfacet
  facet normal 1.938500e-01 -1.501494e-01 9.694727e-01
    outer loop
      vertex   -7.741613e+00 2.132168e+01 8.523326e+00
      vertex   -7.669008e+00 2.138291e+01 8.518290e+00
      vertex   -7.687443e+00 2.140428e+01 8.525286e+00
    endloop
  endfacet
  facet normal 2.221979e-01 -1.248734e-01 9.669719e-01
    outer loop
      vertex   -7.687443e+00 2.140428e+01 8.525286e+00
      vertex   -7.669008e+00 2.138291e+01 8.518290e+00
      vertex   -7.622354e+00 2.147033e+01 8.518859e+00
    endloop
  endfacet
  facet normal 1.707486e-01 -1.765641e-01 9.693658e-01
    outer loop
      vertex   -7.819373e+00 2.126762e+01 8.527175e+00
      vertex   -7.741613e+00 2.132168e+01 8.523326e+00
      vertex   -7.758051e+00 2.134455e+01 8.530386e+00
    endloop
  endfacet
  facet normal 2.005800e-01 -1.545146e-01 9.674156e-01
    outer loop
      vertex   -7.758051e+00 2.134455e+01 8.530386e+00
      vertex   -7.741613e+00 2.132168e+01 8.523326e+00
      vertex   -7.687443e+00 2.140428e+01 8.525286e+00
    endloop
  endfacet
  facet normal 1.457146e-01 -1.998505e-01 9.689309e-01
    outer loop
      vertex   -7.901735e+00 2.122136e+01 8.530021e+00
      vertex   -7.819373e+00 2.126762e+01 8.527175e+00
      vertex   -7.833676e+00 2.129178e+01 8.534310e+00
    endloop
  endfacet
  facet normal 1.765933e-01 -1.811438e-01 9.674718e-01
    outer loop
      vertex   -7.833676e+00 2.129178e+01 8.534310e+00
      vertex   -7.819373e+00 2.126762e+01 8.527175e+00
      vertex   -7.758051e+00 2.134455e+01 8.530386e+00
    endloop
  endfacet
  facet normal 1.208319e-01 -2.188922e-01 9.682385e-01
    outer loop
      vertex   -7.987894e+00 2.118336e+01 8.532181e+00
      vertex   -7.901735e+00 2.122136e+01 8.530021e+00
      vertex   -7.913789e+00 2.124662e+01 8.537235e+00
    endloop
  endfacet
  facet normal 1.505517e-01 -2.044222e-01 9.672361e-01
    outer loop
      vertex   -7.913789e+00 2.124662e+01 8.537235e+00
      vertex   -7.901735e+00 2.122136e+01 8.530021e+00
      vertex   -7.833676e+00 2.129178e+01 8.534310e+00
    endloop
  endfacet
  facet normal 9.492589e-02 -2.342853e-01 9.675223e-01
    outer loop
      vertex   -8.077058e+00 2.115370e+01 8.533748e+00
      vertex   -7.987894e+00 2.118336e+01 8.532181e+00
      vertex   -7.997613e+00 2.120950e+01 8.539465e+00
    endloop
  endfacet
  facet normal 1.245124e-01 -2.230895e-01 9.668132e-01
    outer loop
      vertex   -7.997613e+00 2.120950e+01 8.539465e+00
      vertex   -7.987894e+00 2.118336e+01 8.532181e+00
      vertex   -7.913789e+00 2.124662e+01 8.537235e+00
    endloop
  endfacet
  facet normal 6.792029e-02 -2.460696e-01 9.668695e-01
    outer loop
      vertex   -8.168464e+00 2.113248e+01 8.534769e+00
      vertex   -8.077058e+00 2.115370e+01 8.533748e+00
      vertex   -8.084374e+00 2.118054e+01 8.541091e+00
    endloop
  endfacet
  facet normal 9.752270e-02 -2.378665e-01 9.663896e-01
    outer loop
      vertex   -8.084374e+00 2.118054e+01 8.541091e+00
      vertex   -8.077058e+00 2.115370e+01 8.533748e+00
      vertex   -7.997613e+00 2.120950e+01 8.539465e+00
    endloop
  endfacet
  facet normal 4.016709e-02 -2.541526e-01 9.663297e-01
    outer loop
      vertex   -8.261351e+00 2.111979e+01 8.535290e+00
      vertex   -8.168464e+00 2.113248e+01 8.534769e+00
      vertex   -8.173328e+00 2.115981e+01 8.542157e+00
    endloop
  endfacet
  facet normal 6.956624e-02 -2.488413e-01 9.660427e-01
    outer loop
      vertex   -8.173328e+00 2.115981e+01 8.542157e+00
      vertex   -8.168464e+00 2.113248e+01 8.534769e+00
      vertex   -8.084374e+00 2.118054e+01 8.541091e+00
    endloop
  endfacet
  facet normal 1.200745e-02 -2.584699e-01 9.659447e-01
    outer loop
      vertex   -8.354957e+00 2.111569e+01 8.535358e+00
      vertex   -8.261351e+00 2.111979e+01 8.535290e+00
      vertex   -8.263728e+00 2.114739e+01 8.542707e+00
    endloop
  endfacet
  facet normal 4.101887e-02 -2.559390e-01 9.658223e-01
    outer loop
      vertex   -8.263728e+00 2.114739e+01 8.542707e+00
      vertex   -8.261351e+00 2.111979e+01 8.535290e+00
      vertex   -8.173328e+00 2.115981e+01 8.542157e+00
    endloop
  endfacet
  facet normal -1.621132e-02 -2.589818e-01 9.657461e-01
    outer loop
      vertex   -8.448518e+00 2.112028e+01 8.535018e+00
      vertex   -8.354957e+00 2.111569e+01 8.535358e+00
      vertex   -8.354831e+00 2.114339e+01 8.542787e+00
    endloop
  endfacet
  facet normal 1.224651e-02 -2.591169e-01 9.657683e-01
    outer loop
      vertex   -8.354831e+00 2.114339e+01 8.542787e+00
      vertex   -8.354957e+00 2.111569e+01 8.535358e+00
      vertex   -8.263728e+00 2.114739e+01 8.542707e+00
    endloop
  endfacet
  facet normal -4.734752e-02 -9.758652e-01 2.131790e-01
    outer loop
      vertex   -8.460577e+00 2.098783e+01 8.373696e+00
      vertex   -8.355542e+00 2.098900e+01 8.402378e+00
      vertex   -8.460107e+00 2.099399e+01 8.402041e+00
    endloop
  endfacet
  facet normal -1.369389e-01 -9.674453e-01 2.128316e-01
    outer loop
      vertex   -8.460577e+00 2.098783e+01 8.373696e+00
      vertex   -8.460107e+00 2.099399e+01 8.402041e+00
      vertex   -8.564668e+00 2.100240e+01 8.372962e+00
    endloop
  endfacet
  facet normal -1.372652e-01 -9.671193e-01 2.140992e-01
    outer loop
      vertex   -8.564668e+00 2.100240e+01 8.372962e+00
      vertex   -8.460107e+00 2.099399e+01 8.402041e+00
      vertex   -8.563771e+00 2.100855e+01 8.401328e+00
    endloop
  endfacet
  facet normal -2.273670e-01 -9.501679e-01 2.132725e-01
    outer loop
      vertex   -8.564668e+00 2.100240e+01 8.372962e+00
      vertex   -8.563771e+00 2.100855e+01 8.401328e+00
      vertex   -8.666984e+00 2.102664e+01 8.371875e+00
    endloop
  endfacet
  facet normal -2.277573e-01 -9.497016e-01 2.149266e-01
    outer loop
      vertex   -8.666984e+00 2.102664e+01 8.371875e+00
      vertex   -8.563771e+00 2.100855e+01 8.401328e+00
      vertex   -8.665677e+00 2.103275e+01 8.400284e+00
    endloop
  endfacet
  facet normal -3.180208e-01 -9.237348e-01 2.134873e-01
    outer loop
      vertex   -8.666984e+00 2.102664e+01 8.371875e+00
      vertex   -8.665677e+00 2.103275e+01 8.400284e+00
      vertex   -8.766512e+00 2.106055e+01 8.370333e+00
    endloop
  endfacet
  facet normal -3.185192e-01 -9.230182e-01 2.158305e-01
    outer loop
      vertex   -8.766512e+00 2.106055e+01 8.370333e+00
      vertex   -8.665677e+00 2.103275e+01 8.400284e+00
      vertex   -8.764832e+00 2.106662e+01 8.398800e+00
    endloop
  endfacet
  facet normal -4.046510e-01 -8.891548e-01 2.136850e-01
    outer loop
      vertex   -8.766512e+00 2.106055e+01 8.370333e+00
      vertex   -8.764832e+00 2.106662e+01 8.398800e+00
      vertex   -8.862412e+00 2.110366e+01 8.368134e+00
    endloop
  endfacet
  facet normal -4.052680e-01 -8.880847e-01 2.169408e-01
    outer loop
      vertex   -8.862412e+00 2.110366e+01 8.368134e+00
      vertex   -8.764832e+00 2.106662e+01 8.398800e+00
      vertex   -8.860397e+00 2.110971e+01 8.396664e+00
    endloop
  endfacet
  facet normal -4.856989e-01 -8.475216e-01 2.140181e-01
    outer loop
      vertex   -8.862412e+00 2.110366e+01 8.368134e+00
      vertex   -8.860397e+00 2.110971e+01 8.396664e+00
      vertex   -8.954006e+00 2.115539e+01 8.365124e+00
    endloop
  endfacet
  facet normal -4.863770e-01 -8.460897e-01 2.181047e-01
    outer loop
      vertex   -8.954006e+00 2.115539e+01 8.365124e+00
      vertex   -8.860397e+00 2.110971e+01 8.396664e+00
      vertex   -8.951689e+00 2.116143e+01 8.393714e+00
    endloop
  endfacet
  facet normal -5.613356e-01 -7.993578e-01 2.143115e-01
    outer loop
      vertex   -8.954006e+00 2.115539e+01 8.365124e+00
      vertex   -8.951689e+00 2.116143e+01 8.393714e+00
      vertex   -9.040619e+00 2.121515e+01 8.361149e+00
    endloop
  endfacet
  facet normal -5.620309e-01 -7.975384e-01 2.192116e-01
    outer loop
      vertex   -9.040619e+00 2.121515e+01 8.361149e+00
      vertex   -8.951689e+00 2.116143e+01 8.393714e+00
      vertex   -9.038023e+00 2.122119e+01 8.389789e+00
    endloop
  endfacet
  facet normal -6.317660e-01 -7.449100e-01 2.144315e-01
    outer loop
      vertex   -9.040619e+00 2.121515e+01 8.361149e+00
      vertex   -9.038023e+00 2.122119e+01 8.389789e+00
      vertex   -9.121574e+00 2.128234e+01 8.356057e+00
    endloop
  endfacet
  facet normal -6.324392e-01 -7.426579e-01 2.201817e-01
    outer loop
      vertex   -9.121574e+00 2.128234e+01 8.356057e+00
      vertex   -9.038023e+00 2.122119e+01 8.389789e+00
      vertex   -9.118714e+00 2.128841e+01 8.384726e+00
    endloop
  endfacet
  facet normal -6.971242e-01 -6.841843e-01 2.142657e-01
    outer loop
      vertex   -9.121574e+00 2.128234e+01 8.356057e+00
      vertex   -9.118714e+00 2.128841e+01 8.384726e+00
      vertex   -9.196194e+00 2.135638e+01 8.349694e+00
    endloop
  endfacet
  facet normal -6.977319e-01 -6.814354e-01 2.209435e-01
    outer loop
      vertex   -9.196194e+00 2.135638e+01 8.349694e+00
      vertex   -9.118714e+00 2.128841e+01 8.384726e+00
      vertex   -9.193080e+00 2.136249e+01 8.378364e+00
    endloop
  endfacet
  facet normal -7.573891e-01 -6.170036e-01 2.137015e-01
    outer loop
      vertex   -9.196194e+00 2.135638e+01 8.349694e+00
      vertex   -9.193080e+00 2.136249e+01 8.378364e+00
      vertex   -9.263803e+00 2.143668e+01 8.341908e+00
    endloop
  endfacet
  facet normal -7.578757e-01 -6.136779e-01 2.214132e-01
    outer loop
      vertex   -9.263803e+00 2.143668e+01 8.341908e+00
      vertex   -9.193080e+00 2.136249e+01 8.378364e+00
      vertex   -9.260434e+00 2.144285e+01 8.370541e+00
    endloop
  endfacet
  facet normal -8.123166e-01 -5.430842e-01 2.126062e-01
    outer loop
      vertex   -9.263803e+00 2.143668e+01 8.341908e+00
      vertex   -9.260434e+00 2.144285e+01 8.370541e+00
      vertex   -9.323724e+00 2.152264e+01 8.332544e+00
    endloop
  endfacet
  facet normal -8.126067e-01 -5.390919e-01 2.214729e-01
    outer loop
      vertex   -9.323724e+00 2.152264e+01 8.332544e+00
      vertex   -9.260434e+00 2.144285e+01 8.370541e+00
      vertex   -9.320093e+00 2.152889e+01 8.361095e+00
    endloop
  endfacet
  facet normal -8.613890e-01 -4.621351e-01 2.108084e-01
    outer loop
      vertex   -9.323724e+00 2.152264e+01 8.332544e+00
      vertex   -9.320093e+00 2.152889e+01 8.361095e+00
      vertex   -9.375279e+00 2.161367e+01 8.321449e+00
    endloop
  endfacet
  facet normal -1.637776e-02 -2.583619e-01 9.659094e-01
    outer loop
      vertex   -8.354831e+00 2.114339e+01 8.542787e+00
      vertex   -8.445890e+00 2.114787e+01 8.542441e+00
      vertex   -8.448518e+00 2.112028e+01 8.535018e+00
    endloop
  endfacet
  facet normal -4.411867e-02 -2.556774e-01 9.657549e-01
    outer loop
      vertex   -8.448518e+00 2.112028e+01 8.535018e+00
      vertex   -8.445890e+00 2.114787e+01 8.542441e+00
      vertex   -8.541274e+00 2.113364e+01 8.534317e+00
    endloop
  endfacet
  facet normal -2.903448e-01 7.675405e-02 9.538389e-01
    outer loop
      vertex   -9.304813e+00 2.188186e+01 8.459406e+00
      vertex   -9.331058e+00 2.187265e+01 8.452159e+00
      vertex   -9.276083e+00 2.179391e+01 8.475230e+00
    endloop
  endfacet
  facet normal -2.959886e-01 7.240485e-02 9.524433e-01
    outer loop
      vertex   -9.276083e+00 2.179391e+01 8.475230e+00
      vertex   -9.331058e+00 2.187265e+01 8.452159e+00
      vertex   -9.301699e+00 2.178247e+01 8.468138e+00
    endloop
  endfacet
  facet normal -2.801168e-01 3.252977e-02 9.594146e-01
    outer loop
      vertex   -9.276083e+00 2.179391e+01 8.475230e+00
      vertex   -9.301699e+00 2.178247e+01 8.468138e+00
      vertex   -9.239267e+00 2.170858e+01 8.488871e+00
    endloop
  endfacet
  facet normal -3.020456e-01 1.160778e-01 9.462000e-01
    outer loop
      vertex   -9.331058e+00 2.187265e+01 8.452159e+00
      vertex   -9.304813e+00 2.188186e+01 8.459406e+00
      vertex   -9.352156e+00 2.196475e+01 8.434125e+00
    endloop
  endfacet
  facet normal -2.967179e-01 1.195046e-01 9.474583e-01
    outer loop
      vertex   -9.352156e+00 2.196475e+01 8.434125e+00
      vertex   -9.304813e+00 2.188186e+01 8.459406e+00
      vertex   -9.325557e+00 2.197174e+01 8.441574e+00
    endloop
  endfacet
  facet normal -3.045713e-01 1.581232e-01 9.392728e-01
    outer loop
      vertex   -9.352156e+00 2.196475e+01 8.434125e+00
      vertex   -9.325557e+00 2.197174e+01 8.441574e+00
      vertex   -9.365110e+00 2.205805e+01 8.414218e+00
    endloop
  endfacet
  facet normal -2.996560e-01 1.607361e-01 9.404096e-01
    outer loop
      vertex   -9.365110e+00 2.205805e+01 8.414218e+00
      vertex   -9.325557e+00 2.197174e+01 8.441574e+00
      vertex   -9.338416e+00 2.206282e+01 8.421909e+00
    endloop
  endfacet
  facet normal -3.039419e-01 1.986587e-01 9.317479e-01
    outer loop
      vertex   -9.365110e+00 2.205805e+01 8.414218e+00
      vertex   -9.338416e+00 2.206282e+01 8.421909e+00
      vertex   -9.370036e+00 2.215181e+01 8.392621e+00
    endloop
  endfacet
  facet normal -2.995180e-01 2.005673e-01 9.327710e-01
    outer loop
      vertex   -9.370036e+00 2.215181e+01 8.392621e+00
      vertex   -9.338416e+00 2.206282e+01 8.421909e+00
      vertex   -9.343491e+00 2.215440e+01 8.400587e+00
    endloop
  endfacet
  facet normal -3.004353e-01 2.378782e-01 9.236626e-01
    outer loop
      vertex   -9.370036e+00 2.215181e+01 8.392621e+00
      vertex   -9.343491e+00 2.215440e+01 8.400587e+00
      vertex   -9.367047e+00 2.224529e+01 8.369517e+00
    endloop
  endfacet
  facet normal -2.965751e-01 2.391892e-01 9.245711e-01
    outer loop
      vertex   -9.367047e+00 2.224529e+01 8.369517e+00
      vertex   -9.343491e+00 2.215440e+01 8.400587e+00
      vertex   -9.340882e+00 2.224578e+01 8.377785e+00
    endloop
  endfacet
  facet normal -2.942334e-01 2.760161e-01 9.150092e-01
    outer loop
      vertex   -9.367047e+00 2.224529e+01 8.369517e+00
      vertex   -9.340882e+00 2.224578e+01 8.377785e+00
      vertex   -9.356261e+00 2.233778e+01 8.345087e+00
    endloop
  endfacet
  facet normal -2.910136e-01 2.768325e-01 9.157919e-01
    outer loop
      vertex   -9.356261e+00 2.233778e+01 8.345087e+00
      vertex   -9.340882e+00 2.224578e+01 8.377785e+00
      vertex   -9.330693e+00 2.233623e+01 8.353679e+00
    endloop
  endfacet
  facet normal -2.854297e-01 3.133208e-01 9.057373e-01
    outer loop
      vertex   -9.356261e+00 2.233778e+01 8.345087e+00
      vertex   -9.330693e+00 2.233623e+01 8.353679e+00
      vertex   -9.337792e+00 2.242853e+01 8.319515e+00
    endloop
  endfacet
  facet normal -2.829420e-01 3.137465e-01 9.063702e-01
    outer loop
      vertex   -9.337792e+00 2.242853e+01 8.319515e+00
      vertex   -9.330693e+00 2.233623e+01 8.353679e+00
      vertex   -9.313023e+00 2.242506e+01 8.328446e+00
    endloop
  endfacet
  facet normal -2.740398e-01 3.500372e-01 8.957545e-01
    outer loop
      vertex   -9.337792e+00 2.242853e+01 8.319515e+00
      vertex   -9.313023e+00 2.242506e+01 8.328446e+00
      vertex   -9.311757e+00 2.251681e+01 8.292982e+00
    endloop
  endfacet
  facet normal -2.724013e-01 3.501853e-01 8.961963e-01
    outer loop
      vertex   -9.311757e+00 2.251681e+01 8.292982e+00
      vertex   -9.313023e+00 2.242506e+01 8.328446e+00
      vertex   -9.287974e+00 2.251156e+01 8.302262e+00
    endloop
  endfacet
  facet normal -2.600133e-01 3.863951e-01 8.849248e-01
    outer loop
      vertex   -9.311757e+00 2.251681e+01 8.292982e+00
      vertex   -9.287974e+00 2.251156e+01 8.302262e+00
      vertex   -9.278269e+00 2.260189e+01 8.265672e+00
    endloop
  endfacet
  facet normal -2.593755e-01 3.864013e-01 8.851093e-01
    outer loop
      vertex   -9.278269e+00 2.260189e+01 8.265672e+00
      vertex   -9.287974e+00 2.251156e+01 8.302262e+00
      vertex   -9.255648e+00 2.259501e+01 8.275302e+00
    endloop
  endfacet
  facet normal -2.435972e-01 4.218303e-01 8.733382e-01
    outer loop
      vertex   -9.278269e+00 2.260189e+01 8.265672e+00
      vertex   -9.255648e+00 2.259501e+01 8.275302e+00
      vertex   -9.237480e+00 2.268310e+01 8.237820e+00
    endloop
  endfacet
  facet normal -2.439891e-01 4.218587e-01 8.732151e-01
    outer loop
      vertex   -9.237480e+00 2.268310e+01 8.237820e+00
      vertex   -9.255648e+00 2.259501e+01 8.275302e+00
      vertex   -9.216174e+00 2.267478e+01 8.247796e+00
    endloop
  endfacet
  facet normal -2.269393e-01 4.525187e-01 8.623951e-01
    outer loop
      vertex   -9.237480e+00 2.268310e+01 8.237820e+00
      vertex   -9.216174e+00 2.267478e+01 8.247796e+00
      vertex   -9.189791e+00 2.276016e+01 8.209936e+00
    endloop
  endfacet
  facet normal -2.278065e-01 4.526538e-01 8.620955e-01
    outer loop
      vertex   -9.189791e+00 2.276016e+01 8.209936e+00
      vertex   -9.216174e+00 2.267478e+01 8.247796e+00
      vertex   -9.169916e+00 2.275053e+01 8.220243e+00
    endloop
  endfacet
  facet normal -8.040617e-01 5.657852e-01 1.826798e-01
    outer loop
      vertex   -9.296904e+00 2.277955e+01 8.066334e+00
      vertex   -9.342535e+00 2.269860e+01 8.116191e+00
      vertex   -9.289261e+00 2.278293e+01 8.089506e+00
    endloop
  endfacet
  facet normal -7.618045e-01 6.278153e-01 1.596929e-01
    outer loop
      vertex   -9.236277e+00 2.285968e+01 8.040521e+00
      vertex   -9.296904e+00 2.277955e+01 8.066334e+00
      vertex   -9.289261e+00 2.278293e+01 8.089506e+00
    endloop
  endfacet
  facet normal -7.533829e-01 6.332320e-01 1.772891e-01
    outer loop
      vertex   -9.236277e+00 2.285968e+01 8.040521e+00
      vertex   -9.289261e+00 2.278293e+01 8.089506e+00
      vertex   -9.228760e+00 2.286228e+01 8.063190e+00
    endloop
  endfacet
  facet normal -1.915102e-01 5.037540e-01 8.423513e-01
    outer loop
      vertex   -9.135655e+00 2.283264e+01 8.182451e+00
      vertex   -9.117312e+00 2.282186e+01 8.193070e+00
      vertex   -9.075514e+00 2.290011e+01 8.155777e+00
    endloop
  endfacet
  facet normal -1.932212e-01 5.043202e-01 8.416215e-01
    outer loop
      vertex   -9.075514e+00 2.290011e+01 8.155777e+00
      vertex   -9.117312e+00 2.282186e+01 8.193070e+00
      vertex   -9.058795e+00 2.288831e+01 8.166686e+00
    endloop
  endfacet
  facet normal -1.729588e-01 5.252391e-01 8.331921e-01
    outer loop
      vertex   -9.075514e+00 2.290011e+01 8.155777e+00
      vertex   -9.058795e+00 2.288831e+01 8.166686e+00
      vertex   -9.009812e+00 2.296212e+01 8.130323e+00
    endloop
  endfacet
  facet normal -1.749867e-01 5.261064e-01 8.322209e-01
    outer loop
      vertex   -9.009812e+00 2.296212e+01 8.130323e+00
      vertex   -9.058795e+00 2.288831e+01 8.166686e+00
      vertex   -8.994795e+00 2.294944e+01 8.141499e+00
    endloop
  endfacet
  facet normal -1.539451e-01 5.443264e-01 8.246270e-01
    outer loop
      vertex   -9.009812e+00 2.296212e+01 8.130323e+00
      vertex   -8.994795e+00 2.294944e+01 8.141499e+00
      vertex   -8.938992e+00 2.301824e+01 8.106501e+00
    endloop
  endfacet
  facet normal -1.561507e-01 5.455071e-01 8.234312e-01
    outer loop
      vertex   -8.938992e+00 2.301824e+01 8.106501e+00
      vertex   -8.994795e+00 2.294944e+01 8.141499e+00
      vertex   -8.925747e+00 2.300480e+01 8.117919e+00
    endloop
  endfacet
  facet normal -1.344470e-01 5.611767e-01 8.167036e-01
    outer loop
      vertex   -8.938992e+00 2.301824e+01 8.106501e+00
      vertex   -8.925747e+00 2.300480e+01 8.117919e+00
      vertex   -8.863497e+00 2.306803e+01 8.084721e+00
    endloop
  endfacet
  facet normal -1.366574e-01 5.626335e-01 8.153333e-01
    outer loop
      vertex   -8.863497e+00 2.306803e+01 8.084721e+00
      vertex   -8.925747e+00 2.300480e+01 8.117919e+00
      vertex   -8.852081e+00 2.305394e+01 8.096353e+00
    endloop
  endfacet
  facet normal -1.171892e-01 5.742280e-01 8.102647e-01
    outer loop
      vertex   -8.863497e+00 2.306803e+01 8.084721e+00
      vertex   -8.852081e+00 2.305394e+01 8.096353e+00
      vertex   -8.805131e+00 2.310040e+01 8.070218e+00
    endloop
  endfacet
  facet normal -1.188628e-01 5.753385e-01 8.092325e-01
    outer loop
      vertex   -8.805131e+00 2.310040e+01 8.070218e+00
      vertex   -8.852081e+00 2.305394e+01 8.096353e+00
      vertex   -8.795094e+00 2.308592e+01 8.081988e+00
    endloop
  endfacet
  facet normal -1.021103e-01 5.838476e-01 8.054163e-01
    outer loop
      vertex   -8.805131e+00 2.310040e+01 8.070218e+00
      vertex   -8.795094e+00 2.308592e+01 8.081988e+00
      vertex   -8.744644e+00 2.312892e+01 8.057211e+00
    endloop
  endfacet
  facet normal -1.036118e-01 5.850116e-01 8.043793e-01
    outer loop
      vertex   -8.744644e+00 2.312892e+01 8.057211e+00
      vertex   -8.795094e+00 2.308592e+01 8.081988e+00
      vertex   -8.736007e+00 2.311410e+01 8.069103e+00
    endloop
  endfacet
  facet normal -8.672974e-02 5.922167e-01 8.010976e-01
    outer loop
      vertex   -8.744644e+00 2.312892e+01 8.057211e+00
      vertex   -8.736007e+00 2.311410e+01 8.069103e+00
      vertex   -8.682214e+00 2.315341e+01 8.045865e+00
    endloop
  endfacet
  facet normal -2.772878e-01 5.565274e-01 7.831914e-01
    outer loop
      vertex   -9.153306e+00 2.284199e+01 8.169561e+00
      vertex   -9.135655e+00 2.283264e+01 8.182451e+00
      vertex   -9.091632e+00 2.291047e+01 8.142732e+00
    endloop
  endfacet
  facet normal -2.765201e-01 5.563103e-01 7.836169e-01
    outer loop
      vertex   -9.091632e+00 2.291047e+01 8.142732e+00
      vertex   -9.135655e+00 2.283264e+01 8.182451e+00
      vertex   -9.075514e+00 2.290011e+01 8.155777e+00
    endloop
  endfacet
  facet normal -2.508024e-01 5.828361e-01 7.729167e-01
    outer loop
      vertex   -9.091632e+00 2.291047e+01 8.142732e+00
      vertex   -9.075514e+00 2.290011e+01 8.155777e+00
      vertex   -9.024313e+00 2.297338e+01 8.117138e+00
    endloop
  endfacet
  facet normal -2.504863e-01 5.827168e-01 7.731092e-01
    outer loop
      vertex   -9.024313e+00 2.297338e+01 8.117138e+00
      vertex   -9.075514e+00 2.290011e+01 8.155777e+00
      vertex   -9.009812e+00 2.296212e+01 8.130323e+00
    endloop
  endfacet
  facet normal -2.234728e-01 6.060874e-01 7.633596e-01
    outer loop
      vertex   -9.024313e+00 2.297338e+01 8.117138e+00
      vertex   -9.009812e+00 2.296212e+01 8.130323e+00
      vertex   -8.951803e+00 2.303028e+01 8.093190e+00
    endloop
  endfacet
  facet normal -2.235280e-01 6.061141e-01 7.633223e-01
    outer loop
      vertex   -8.951803e+00 2.303028e+01 8.093190e+00
      vertex   -9.009812e+00 2.296212e+01 8.130323e+00
      vertex   -8.938992e+00 2.301824e+01 8.106501e+00
    endloop
  endfacet
  facet normal -1.953100e-01 6.264731e-01 7.545764e-01
    outer loop
      vertex   -8.951803e+00 2.303028e+01 8.093190e+00
      vertex   -8.938992e+00 2.301824e+01 8.106501e+00
      vertex   -8.874556e+00 2.308073e+01 8.071301e+00
    endloop
  endfacet
  facet normal -1.956222e-01 6.266614e-01 7.543391e-01
    outer loop
      vertex   -8.874556e+00 2.308073e+01 8.071301e+00
      vertex   -8.938992e+00 2.301824e+01 8.106501e+00
      vertex   -8.863497e+00 2.306803e+01 8.084721e+00
    endloop
  endfacet
  facet normal -1.700947e-01 6.418773e-01 7.477040e-01
    outer loop
      vertex   -8.874556e+00 2.308073e+01 8.071301e+00
      vertex   -8.863497e+00 2.306803e+01 8.084721e+00
      vertex   -8.814865e+00 2.311352e+01 8.056728e+00
    endloop
  endfacet
  facet normal -1.704416e-01 6.420882e-01 7.474440e-01
    outer loop
      vertex   -8.814865e+00 2.311352e+01 8.056728e+00
      vertex   -8.863497e+00 2.306803e+01 8.084721e+00
      vertex   -8.805131e+00 2.310040e+01 8.070218e+00
    endloop
  endfacet
  facet normal -1.482588e-01 6.533541e-01 7.423933e-01
    outer loop
      vertex   -8.814865e+00 2.311352e+01 8.056728e+00
      vertex   -8.805131e+00 2.310040e+01 8.070218e+00
      vertex   -8.753029e+00 2.314240e+01 8.043661e+00
    endloop
  endfacet
  facet normal -1.486256e-01 6.536166e-01 7.420888e-01
    outer loop
      vertex   -8.753029e+00 2.314240e+01 8.043661e+00
      vertex   -8.805131e+00 2.310040e+01 8.070218e+00
      vertex   -8.744644e+00 2.312892e+01 8.057211e+00
    endloop
  endfacet
  facet normal -1.259666e-01 6.632881e-01 7.376865e-01
    outer loop
      vertex   -8.753029e+00 2.314240e+01 8.043661e+00
      vertex   -8.744644e+00 2.312892e+01 8.057211e+00
      vertex   -8.689231e+00 2.316719e+01 8.032264e+00
    endloop
  endfacet
  facet normal -1.263004e-01 6.635692e-01 7.373765e-01
    outer loop
      vertex   -8.689231e+00 2.316719e+01 8.032264e+00
      vertex   -8.744644e+00 2.312892e+01 8.057211e+00
      vertex   -8.682214e+00 2.315341e+01 8.045865e+00
    endloop
  endfacet
  facet normal -1.032668e-01 6.716274e-01 7.336570e-01
    outer loop
      vertex   -8.689231e+00 2.316719e+01 8.032264e+00
      vertex   -8.682214e+00 2.315341e+01 8.045865e+00
      vertex   -8.623651e+00 2.318772e+01 8.022703e+00
    endloop
  endfacet
  facet normal -3.596466e-01 6.019570e-01 7.129531e-01
    outer loop
      vertex   -9.170009e+00 2.284976e+01 8.154573e+00
      vertex   -9.153306e+00 2.284199e+01 8.169561e+00
      vertex   -9.106923e+00 2.291926e+01 8.127719e+00
    endloop
  endfacet
  facet normal -3.566193e-01 6.012738e-01 7.150472e-01
    outer loop
      vertex   -9.106923e+00 2.291926e+01 8.127719e+00
      vertex   -9.153306e+00 2.284199e+01 8.169561e+00
      vertex   -9.091632e+00 2.291047e+01 8.142732e+00
    endloop
  endfacet
  facet normal -3.257115e-01 6.331159e-01 7.021939e-01
    outer loop
      vertex   -9.106923e+00 2.291926e+01 8.127719e+00
      vertex   -9.091632e+00 2.291047e+01 8.142732e+00
      vertex   -9.038105e+00 2.298307e+01 8.102106e+00
    endloop
  endfacet
  facet normal -3.232347e-01 6.323268e-01 7.040470e-01
    outer loop
      vertex   -9.038105e+00 2.298307e+01 8.102106e+00
      vertex   -9.091632e+00 2.291047e+01 8.142732e+00
      vertex   -9.024313e+00 2.297338e+01 8.117138e+00
    endloop
  endfacet
  facet normal -2.905153e-01 6.606038e-01 6.922452e-01
    outer loop
      vertex   -9.038105e+00 2.298307e+01 8.102106e+00
      vertex   -9.024313e+00 2.297338e+01 8.117138e+00
      vertex   -8.964018e+00 2.304076e+01 8.078145e+00
    endloop
  endfacet
  facet normal -2.885658e-01 6.597830e-01 6.938416e-01
    outer loop
      vertex   -8.964018e+00 2.304076e+01 8.078145e+00
      vertex   -9.024313e+00 2.297338e+01 8.117138e+00
      vertex   -8.951803e+00 2.303028e+01 8.093190e+00
    endloop
  endfacet
  facet normal -2.541016e-01 6.846277e-01 6.831671e-01
    outer loop
      vertex   -8.964018e+00 2.304076e+01 8.078145e+00
      vertex   -8.951803e+00 2.303028e+01 8.093190e+00
      vertex   -8.885125e+00 2.309189e+01 8.056245e+00
    endloop
  endfacet
  facet normal -2.526265e-01 6.838348e-01 6.845070e-01
    outer loop
      vertex   -8.885125e+00 2.309189e+01 8.056245e+00
      vertex   -8.951803e+00 2.303028e+01 8.093190e+00
      vertex   -8.874556e+00 2.308073e+01 8.071301e+00
    endloop
  endfacet
  facet normal -2.212793e-01 7.025361e-01 6.763716e-01
    outer loop
      vertex   -8.885125e+00 2.309189e+01 8.056245e+00
      vertex   -8.874556e+00 2.308073e+01 8.071301e+00
      vertex   -8.824183e+00 2.312512e+01 8.041667e+00
    endloop
  endfacet
  facet normal -2.203641e-01 7.020403e-01 6.771846e-01
    outer loop
      vertex   -8.824183e+00 2.312512e+01 8.041667e+00
      vertex   -8.874556e+00 2.308073e+01 8.071301e+00
      vertex   -8.814865e+00 2.311352e+01 8.056728e+00
    endloop
  endfacet
  facet normal -1.929497e-01 7.159605e-01 6.709478e-01
    outer loop
      vertex   -8.824183e+00 2.312512e+01 8.041667e+00
      vertex   -8.814865e+00 2.311352e+01 8.056728e+00
      vertex   -8.761068e+00 2.315438e+01 8.028597e+00
    endloop
  endfacet
  facet normal -1.922326e-01 7.154977e-01 6.716470e-01
    outer loop
      vertex   -8.761068e+00 2.315438e+01 8.028597e+00
      vertex   -8.814865e+00 2.311352e+01 8.056728e+00
      vertex   -8.753029e+00 2.314240e+01 8.043661e+00
    endloop
  endfacet
  facet normal -1.639959e-01 7.275508e-01 6.661646e-01
    outer loop
      vertex   -8.761068e+00 2.315438e+01 8.028597e+00
      vertex   -8.753029e+00 2.314240e+01 8.043661e+00
      vertex   -8.695967e+00 2.317949e+01 8.017198e+00
    endloop
  endfacet
  facet normal -1.634429e-01 7.271270e-01 6.667629e-01
    outer loop
      vertex   -8.695967e+00 2.317949e+01 8.017198e+00
      vertex   -8.753029e+00 2.314240e+01 8.043661e+00
      vertex   -8.689231e+00 2.316719e+01 8.032264e+00
    endloop
  endfacet
  facet normal -1.344731e-01 7.372641e-01 6.620865e-01
    outer loop
      vertex   -8.695967e+00 2.317949e+01 8.017198e+00
      vertex   -8.689231e+00 2.316719e+01 8.032264e+00
      vertex   -8.629065e+00 2.320028e+01 8.007636e+00
    endloop
  endfacet
  facet normal -1.340528e-01 7.368807e-01 6.625984e-01
    outer loop
      vertex   -8.629065e+00 2.320028e+01 8.007636e+00
      vertex   -8.689231e+00 2.316719e+01 8.032264e+00
      vertex   -8.623651e+00 2.318772e+01 8.022703e+00
    endloop
  endfacet
  facet normal -1.045573e-01 7.450252e-01 6.587908e-01
    outer loop
      vertex   -8.629065e+00 2.320028e+01 8.007636e+00
      vertex   -8.623651e+00 2.318772e+01 8.022703e+00
      vertex   -8.560587e+00 2.321658e+01 8.000069e+00
    endloop
  endfacet
  facet normal -4.385176e-01 6.397879e-01 6.311685e-01
    outer loop
      vertex   -9.185506e+00 2.285582e+01 8.137664e+00
      vertex   -9.170009e+00 2.284976e+01 8.154573e+00
      vertex   -9.121166e+00 2.292631e+01 8.110910e+00
    endloop
  endfacet
  facet normal -4.334331e-01 6.389962e-01 6.354680e-01
    outer loop
      vertex   -9.121166e+00 2.292631e+01 8.110910e+00
      vertex   -9.170009e+00 2.284976e+01 8.154573e+00
      vertex   -9.106923e+00 2.291926e+01 8.127719e+00
    endloop
  endfacet
  facet normal -3.976330e-01 6.758304e-01 6.205975e-01
    outer loop
      vertex   -9.121166e+00 2.292631e+01 8.110910e+00
      vertex   -9.106923e+00 2.291926e+01 8.127719e+00
      vertex   -9.050998e+00 2.299103e+01 8.085392e+00
    endloop
  endfacet
  facet normal -3.931619e-01 6.747268e-01 6.246338e-01
    outer loop
      vertex   -9.050998e+00 2.299103e+01 8.085392e+00
      vertex   -9.106923e+00 2.291926e+01 8.127719e+00
      vertex   -9.038105e+00 2.298307e+01 8.102106e+00
    endloop
  endfacet
  facet normal -3.550352e-01 7.076379e-01 6.108999e-01
    outer loop
      vertex   -9.050998e+00 2.299103e+01 8.085392e+00
      vertex   -9.038105e+00 2.298307e+01 8.102106e+00
      vertex   -8.975475e+00 2.304953e+01 8.061521e+00
    endloop
  endfacet
  facet normal -3.512100e-01 7.063128e-01 6.146330e-01
    outer loop
      vertex   -8.975475e+00 2.304953e+01 8.061521e+00
      vertex   -9.038105e+00 2.298307e+01 8.102106e+00
      vertex   -8.964018e+00 2.304076e+01 8.078145e+00
    endloop
  endfacet
  facet normal -3.107988e-01 7.354175e-01 6.021338e-01
    outer loop
      vertex   -8.975475e+00 2.304953e+01 8.061521e+00
      vertex   -8.964018e+00 2.304076e+01 8.078145e+00
      vertex   -8.895071e+00 2.310137e+01 8.039705e+00
    endloop
  endfacet
  facet normal -3.076309e-01 7.339642e-01 6.055243e-01
    outer loop
      vertex   -8.895071e+00 2.310137e+01 8.039705e+00
      vertex   -8.964018e+00 2.304076e+01 8.078145e+00
      vertex   -8.885125e+00 2.309189e+01 8.056245e+00
    endloop
  endfacet
  facet normal -2.707309e-01 7.559990e-01 5.959616e-01
    outer loop
      vertex   -8.895071e+00 2.310137e+01 8.039705e+00
      vertex   -8.885125e+00 2.309189e+01 8.056245e+00
      vertex   -8.832971e+00 2.313506e+01 8.025183e+00
    endloop
  endfacet
  facet normal -2.686018e-01 7.550148e-01 5.981686e-01
    outer loop
      vertex   -8.832971e+00 2.313506e+01 8.025183e+00
      vertex   -8.885125e+00 2.309189e+01 8.056245e+00
      vertex   -8.824183e+00 2.312512e+01 8.041667e+00
    endloop
  endfacet
  facet normal -2.361765e-01 7.714761e-01 5.908006e-01
    outer loop
      vertex   -8.832971e+00 2.313506e+01 8.025183e+00
      vertex   -8.824183e+00 2.312512e+01 8.041667e+00
      vertex   -8.768667e+00 2.316471e+01 8.012162e+00
    endloop
  endfacet
  facet normal -2.344111e-01 7.704855e-01 5.927930e-01
    outer loop
      vertex   -8.768667e+00 2.316471e+01 8.012162e+00
      vertex   -8.824183e+00 2.312512e+01 8.041667e+00
      vertex   -8.761068e+00 2.315438e+01 8.028597e+00
    endloop
  endfacet
  facet normal -2.008143e-01 7.848277e-01 5.862756e-01
    outer loop
      vertex   -8.768667e+00 2.316471e+01 8.012162e+00
      vertex   -8.761068e+00 2.315438e+01 8.028597e+00
      vertex   -8.702347e+00 2.319017e+01 8.000808e+00
    endloop
  endfacet
  facet normal -1.994009e-01 7.838729e-01 5.880327e-01
    outer loop
      vertex   -8.702347e+00 2.319017e+01 8.000808e+00
      vertex   -8.761068e+00 2.315438e+01 8.028597e+00
      vertex   -8.695967e+00 2.317949e+01 8.017198e+00
    endloop
  endfacet
  facet normal -1.647069e-01 7.960160e-01 5.824346e-01
    outer loop
      vertex   -8.702347e+00 2.319017e+01 8.000808e+00
      vertex   -8.695967e+00 2.317949e+01 8.017198e+00
      vertex   -8.634201e+00 2.321124e+01 7.991283e+00
    endloop
  endfacet
  facet normal -1.636284e-01 7.951405e-01 5.839326e-01
    outer loop
      vertex   -8.634201e+00 2.321124e+01 7.991283e+00
      vertex   -8.695967e+00 2.317949e+01 8.017198e+00
      vertex   -8.629065e+00 2.320028e+01 8.007636e+00
    endloop
  endfacet
  facet normal -1.280588e-01 8.049633e-01 5.793402e-01
    outer loop
      vertex   -8.634201e+00 2.321124e+01 7.991283e+00
      vertex   -8.629065e+00 2.320028e+01 8.007636e+00
      vertex   -8.564458e+00 2.322776e+01 7.983745e+00
    endloop
  endfacet
  facet normal -1.272929e-01 8.042134e-01 5.805492e-01
    outer loop
      vertex   -8.564458e+00 2.322776e+01 7.983745e+00
      vertex   -8.629065e+00 2.320028e+01 8.007636e+00
      vertex   -8.560587e+00 2.321658e+01 8.000069e+00
    endloop
  endfacet
  facet normal -9.158207e-02 8.115300e-01 5.770890e-01
    outer loop
      vertex   -8.564458e+00 2.322776e+01 7.983745e+00
      vertex   -8.560587e+00 2.321658e+01 8.000069e+00
      vertex   -8.493589e+00 2.323963e+01 7.978289e+00
    endloop
  endfacet
  facet normal -5.349234e-01 6.753413e-01 5.077116e-01
    outer loop
      vertex   -9.207740e+00 2.286179e+01 8.106300e+00
      vertex   -9.185506e+00 2.285582e+01 8.137664e+00
      vertex   -9.141749e+00 2.293387e+01 8.079950e+00
    endloop
  endfacet
  facet normal -5.266646e-01 6.762052e-01 5.151416e-01
    outer loop
      vertex   -9.141749e+00 2.293387e+01 8.079950e+00
      vertex   -9.185506e+00 2.285582e+01 8.137664e+00
      vertex   -9.121166e+00 2.292631e+01 8.110910e+00
    endloop
  endfacet
  facet normal -4.860709e-01 7.179157e-01 4.983294e-01
    outer loop
      vertex   -9.141749e+00 2.293387e+01 8.079950e+00
      vertex   -9.121166e+00 2.292631e+01 8.110910e+00
      vertex   -9.069760e+00 2.300006e+01 8.054813e+00
    endloop
  endfacet
  facet normal -4.784169e-01 7.180395e-01 5.055062e-01
    outer loop
      vertex   -9.069760e+00 2.300006e+01 8.054813e+00
      vertex   -9.121166e+00 2.292631e+01 8.110910e+00
      vertex   -9.050998e+00 2.299103e+01 8.085392e+00
    endloop
  endfacet
  facet normal -4.348209e-01 7.556287e-01 4.898531e-01
    outer loop
      vertex   -9.069760e+00 2.300006e+01 8.054813e+00
      vertex   -9.050998e+00 2.299103e+01 8.085392e+00
      vertex   -8.992259e+00 2.305990e+01 8.031293e+00
    endloop
  endfacet
  facet normal -4.278994e-01 7.551072e-01 4.967043e-01
    outer loop
      vertex   -8.992259e+00 2.305990e+01 8.031293e+00
      vertex   -9.050998e+00 2.299103e+01 8.085392e+00
      vertex   -8.975475e+00 2.304953e+01 8.061521e+00
    endloop
  endfacet
  facet normal -3.812783e-01 7.886590e-01 4.823317e-01
    outer loop
      vertex   -8.992259e+00 2.305990e+01 8.031293e+00
      vertex   -8.975475e+00 2.304953e+01 8.061521e+00
      vertex   -8.909732e+00 2.311295e+01 8.009794e+00
    endloop
  endfacet
  facet normal -3.752155e-01 7.876122e-01 4.887538e-01
    outer loop
      vertex   -8.909732e+00 2.311295e+01 8.009794e+00
      vertex   -8.975475e+00 2.304953e+01 8.061521e+00
      vertex   -8.895071e+00 2.310137e+01 8.039705e+00
    endloop
  endfacet
  facet normal -3.324950e-01 8.131690e-01 4.777063e-01
    outer loop
      vertex   -8.909732e+00 2.311295e+01 8.009794e+00
      vertex   -8.895071e+00 2.310137e+01 8.039705e+00
      vertex   -8.845983e+00 2.314742e+01 7.995480e+00
    endloop
  endfacet
  facet normal -3.280348e-01 8.124814e-01 4.819410e-01
    outer loop
      vertex   -8.845983e+00 2.314742e+01 7.995480e+00
      vertex   -8.895071e+00 2.310137e+01 8.039705e+00
      vertex   -8.832971e+00 2.313506e+01 8.025183e+00
    endloop
  endfacet
  facet normal -2.903327e-01 8.316269e-01 4.733958e-01
    outer loop
      vertex   -8.845983e+00 2.314742e+01 7.995480e+00
      vertex   -8.832971e+00 2.313506e+01 8.025183e+00
      vertex   -8.779963e+00 2.317778e+01 7.982646e+00
    endloop
  endfacet
  facet normal -2.864901e-01 8.307344e-01 4.772880e-01
    outer loop
      vertex   -8.779963e+00 2.317778e+01 7.982646e+00
      vertex   -8.832971e+00 2.313506e+01 8.025183e+00
      vertex   -8.768667e+00 2.316471e+01 8.012162e+00
    endloop
  endfacet
  facet normal -2.470631e-01 8.475761e-01 4.696536e-01
    outer loop
      vertex   -8.779963e+00 2.317778e+01 7.982646e+00
      vertex   -8.768667e+00 2.316471e+01 8.012162e+00
      vertex   -8.711866e+00 2.320383e+01 7.971452e+00
    endloop
  endfacet
  facet normal -2.438798e-01 8.465667e-01 4.731252e-01
    outer loop
      vertex   -8.711866e+00 2.320383e+01 7.971452e+00
      vertex   -8.768667e+00 2.316471e+01 8.012162e+00
      vertex   -8.702347e+00 2.319017e+01 8.000808e+00
    endloop
  endfacet
  facet normal -2.027600e-01 8.609699e-01 4.664967e-01
    outer loop
      vertex   -8.711866e+00 2.320383e+01 7.971452e+00
      vertex   -8.702347e+00 2.319017e+01 8.000808e+00
      vertex   -8.641887e+00 2.322540e+01 7.962060e+00
    endloop
  endfacet
  facet normal -2.002632e-01 8.599434e-01 4.694592e-01
    outer loop
      vertex   -8.641887e+00 2.322540e+01 7.962060e+00
      vertex   -8.702347e+00 2.319017e+01 8.000808e+00
      vertex   -8.634201e+00 2.321124e+01 7.991283e+00
    endloop
  endfacet
  facet normal -1.576724e-01 8.717108e-01 4.639609e-01
    outer loop
      vertex   -8.641887e+00 2.322540e+01 7.962060e+00
      vertex   -8.634201e+00 2.321124e+01 7.991283e+00
      vertex   -8.570262e+00 2.324231e+01 7.954627e+00
    endloop
  endfacet
  facet normal -1.558612e-01 8.707740e-01 4.663261e-01
    outer loop
      vertex   -8.570262e+00 2.324231e+01 7.954627e+00
      vertex   -8.634201e+00 2.321124e+01 7.991283e+00
      vertex   -8.564458e+00 2.322776e+01 7.983745e+00
    endloop
  endfacet
  facet normal -1.127798e-01 8.796004e-01 4.621513e-01
    outer loop
      vertex   -8.570262e+00 2.324231e+01 7.954627e+00
      vertex   -8.564458e+00 2.322776e+01 7.983745e+00
      vertex   -8.497477e+00 2.325447e+01 7.949246e+00
    endloop
  endfacet
  facet normal -1.115777e-01 8.788363e-01 4.638934e-01
    outer loop
      vertex   -8.497477e+00 2.325447e+01 7.949246e+00
      vertex   -8.564458e+00 2.322776e+01 7.983745e+00
      vertex   -8.493589e+00 2.323963e+01 7.978289e+00
    endloop
  endfacet
  facet normal -6.783974e-02 8.847675e-01 4.610686e-01
    outer loop
      vertex   -8.497477e+00 2.325447e+01 7.949246e+00
      vertex   -8.493589e+00 2.323963e+01 7.978289e+00
      vertex   -8.423932e+00 2.326181e+01 7.945974e+00
    endloop
  endfacet
  facet normal -6.147292e-01 6.947443e-01 3.734144e-01
    outer loop
      vertex   -9.219197e+00 2.286298e+01 8.085222e+00
      vertex   -9.207740e+00 2.286179e+01 8.106300e+00
      vertex   -9.152470e+00 2.293599e+01 8.059239e+00
    endloop
  endfacet
  facet normal -6.062778e-01 6.958235e-01 3.850415e-01
    outer loop
      vertex   -9.152470e+00 2.293599e+01 8.059239e+00
      vertex   -9.207740e+00 2.286179e+01 8.106300e+00
      vertex   -9.141749e+00 2.293387e+01 8.079950e+00
    endloop
  endfacet
  facet normal -5.599525e-01 7.433392e-01 3.659234e-01
    outer loop
      vertex   -9.152470e+00 2.293599e+01 8.059239e+00
      vertex   -9.141749e+00 2.293387e+01 8.079950e+00
      vertex   -9.079631e+00 2.300306e+01 8.034445e+00
    endloop
  endfacet
  facet normal -5.520083e-01 7.436352e-01 3.772180e-01
    outer loop
      vertex   -9.079631e+00 2.300306e+01 8.034445e+00
      vertex   -9.141749e+00 2.293387e+01 8.079950e+00
      vertex   -9.069760e+00 2.300006e+01 8.054813e+00
    endloop
  endfacet
  facet normal -5.020453e-01 7.866510e-01 3.593477e-01
    outer loop
      vertex   -9.079631e+00 2.300306e+01 8.034445e+00
      vertex   -9.069760e+00 2.300006e+01 8.054813e+00
      vertex   -9.001173e+00 2.306373e+01 8.011241e+00
    endloop
  endfacet
  facet normal -4.947678e-01 7.862330e-01 3.701924e-01
    outer loop
      vertex   -9.001173e+00 2.306373e+01 8.011241e+00
      vertex   -9.069760e+00 2.300006e+01 8.054813e+00
      vertex   -8.992259e+00 2.305990e+01 8.031293e+00
    endloop
  endfacet
  facet normal -4.411273e-01 8.247974e-01 3.537173e-01
    outer loop
      vertex   -9.001173e+00 2.306373e+01 8.011241e+00
      vertex   -8.992259e+00 2.305990e+01 8.031293e+00
      vertex   -8.917587e+00 2.311754e+01 7.990025e+00
    endloop
  endfacet
  facet normal -4.346923e-01 8.237712e-01 3.639280e-01
    outer loop
      vertex   -8.917587e+00 2.311754e+01 7.990025e+00
      vertex   -8.992259e+00 2.305990e+01 8.031293e+00
      vertex   -8.909732e+00 2.311295e+01 8.009794e+00
    endloop
  endfacet
  facet normal -3.853121e-01 8.533533e-01 3.511733e-01
    outer loop
      vertex   -8.917587e+00 2.311754e+01 7.990025e+00
      vertex   -8.909732e+00 2.311295e+01 8.009794e+00
      vertex   -8.852996e+00 2.315251e+01 7.975898e+00
    endloop
  endfacet
  facet normal -3.806817e-01 8.525838e-01 3.580256e-01
    outer loop
      vertex   -8.852996e+00 2.315251e+01 7.975898e+00
      vertex   -8.909732e+00 2.311295e+01 8.009794e+00
      vertex   -8.845983e+00 2.314742e+01 7.995480e+00
    endloop
  endfacet
  facet normal -3.368549e-01 8.748395e-01 3.481158e-01
    outer loop
      vertex   -8.852996e+00 2.315251e+01 7.975898e+00
      vertex   -8.845983e+00 2.314742e+01 7.995480e+00
      vertex   -8.786085e+00 2.318332e+01 7.963228e+00
    endloop
  endfacet
  facet normal -3.328764e-01 8.738412e-01 3.543935e-01
    outer loop
      vertex   -8.786085e+00 2.318332e+01 7.963228e+00
      vertex   -8.845983e+00 2.314742e+01 7.995480e+00
      vertex   -8.779963e+00 2.317778e+01 7.982646e+00
    endloop
  endfacet
  facet normal -2.869489e-01 8.934658e-01 3.455129e-01
    outer loop
      vertex   -8.786085e+00 2.318332e+01 7.963228e+00
      vertex   -8.779963e+00 2.317778e+01 7.982646e+00
      vertex   -8.717052e+00 2.320977e+01 7.952176e+00
    endloop
  endfacet
  facet normal -2.836807e-01 8.923393e-01 3.510781e-01
    outer loop
      vertex   -8.717052e+00 2.320977e+01 7.952176e+00
      vertex   -8.779963e+00 2.317778e+01 7.982646e+00
      vertex   -8.711866e+00 2.320383e+01 7.971452e+00
    endloop
  endfacet
  facet normal -2.356814e-01 9.091588e-01 3.433432e-01
    outer loop
      vertex   -8.717052e+00 2.320977e+01 7.952176e+00
      vertex   -8.711866e+00 2.320383e+01 7.971452e+00
      vertex   -8.646091e+00 2.323166e+01 7.942902e+00
    endloop
  endfacet
  facet normal -2.331594e-01 9.080209e-01 3.480442e-01
    outer loop
      vertex   -8.646091e+00 2.323166e+01 7.942902e+00
      vertex   -8.711866e+00 2.320383e+01 7.971452e+00
      vertex   -8.641887e+00 2.322540e+01 7.962060e+00
    endloop
  endfacet
  facet normal -1.833498e-01 9.217833e-01 3.416114e-01
    outer loop
      vertex   -8.646091e+00 2.323166e+01 7.942902e+00
      vertex   -8.641887e+00 2.322540e+01 7.962060e+00
      vertex   -8.573446e+00 2.324883e+01 7.935560e+00
    endloop
  endfacet
  facet normal -1.815664e-01 9.207576e-01 3.453102e-01
    outer loop
      vertex   -8.573446e+00 2.324883e+01 7.935560e+00
      vertex   -8.641887e+00 2.322540e+01 7.962060e+00
      vertex   -8.570262e+00 2.324231e+01 7.954627e+00
    endloop
  endfacet
  facet normal -1.311941e-01 9.310733e-01 3.404270e-01
    outer loop
      vertex   -8.573446e+00 2.324883e+01 7.935560e+00
      vertex   -8.570262e+00 2.324231e+01 7.954627e+00
      vertex   -8.499614e+00 2.326118e+01 7.930244e+00
    endloop
  endfacet
  facet normal -1.300402e-01 9.302433e-01 3.431281e-01
    outer loop
      vertex   -8.499614e+00 2.326118e+01 7.930244e+00
      vertex   -8.570262e+00 2.324231e+01 7.954627e+00
      vertex   -8.497477e+00 2.325447e+01 7.949246e+00
    endloop
  endfacet
  facet normal -7.895565e-02 9.371675e-01 3.398280e-01
    outer loop
      vertex   -8.499614e+00 2.326118e+01 7.930244e+00
      vertex   -8.497477e+00 2.325447e+01 7.949246e+00
      vertex   -8.425005e+00 2.326864e+01 7.927013e+00
    endloop
  endfacet
  facet normal -7.833562e-02 9.366131e-01 3.414959e-01
    outer loop
      vertex   -8.425005e+00 2.326864e+01 7.927013e+00
      vertex   -8.497477e+00 2.325447e+01 7.949246e+00
      vertex   -8.423932e+00 2.326181e+01 7.945974e+00
    endloop
  endfacet
  facet normal -7.065302e-01 6.904555e-01 1.551979e-01
    outer loop
      vertex   -9.236277e+00 2.285968e+01 8.040521e+00
      vertex   -9.228760e+00 2.286228e+01 8.063190e+00
      vertex   -9.168793e+00 2.293437e+01 8.015446e+00
    endloop
  endfacet
  facet normal -6.981048e-01 6.949054e-01 1.724999e-01
    outer loop
      vertex   -9.168793e+00 2.293437e+01 8.015446e+00
      vertex   -9.228760e+00 2.286228e+01 8.063190e+00
      vertex   -9.161530e+00 2.293616e+01 8.037639e+00
    endloop
  endfacet
  facet normal -6.467573e-01 7.475050e-01 1.514635e-01
    outer loop
      vertex   -9.168793e+00 2.293437e+01 8.015446e+00
      vertex   -9.161530e+00 2.293616e+01 8.037639e+00
      vertex   -9.094950e+00 2.300311e+01 7.991498e+00
    endloop
  endfacet
  facet normal -6.384902e-01 7.509744e-01 1.684273e-01
    outer loop
      vertex   -9.094950e+00 2.300311e+01 7.991498e+00
      vertex   -9.161530e+00 2.293616e+01 8.037639e+00
      vertex   -9.088068e+00 2.300409e+01 8.013248e+00
    endloop
  endfacet
  facet normal -5.826102e-01 7.990523e-01 1.485963e-01
    outer loop
      vertex   -9.094950e+00 2.300311e+01 7.991498e+00
      vertex   -9.088068e+00 2.300409e+01 8.013248e+00
      vertex   -9.015250e+00 2.306540e+01 7.969069e+00
    endloop
  endfacet
  facet normal -5.747221e-01 8.015335e-01 1.650413e-01
    outer loop
      vertex   -9.015250e+00 2.306540e+01 7.969069e+00
      vertex   -9.088068e+00 2.300409e+01 8.013248e+00
      vertex   -9.008871e+00 2.306558e+01 7.990413e+00
    endloop
  endfacet
  facet normal -5.141766e-01 8.450656e-01 1.465834e-01
    outer loop
      vertex   -9.015250e+00 2.306540e+01 7.969069e+00
      vertex   -9.008871e+00 2.306558e+01 7.990413e+00
      vertex   -8.930192e+00 2.312071e+01 7.948550e+00
    endloop
  endfacet
  facet normal -5.069350e-01 8.465868e-01 1.621966e-01
    outer loop
      vertex   -8.930192e+00 2.312071e+01 7.948550e+00
      vertex   -9.008871e+00 2.306558e+01 7.990413e+00
      vertex   -8.924436e+00 2.312014e+01 7.969530e+00
    endloop
  endfacet
  facet normal -4.508354e-01 8.802977e-01 1.477276e-01
    outer loop
      vertex   -8.930192e+00 2.312071e+01 7.948550e+00
      vertex   -8.924436e+00 2.312014e+01 7.969530e+00
      vertex   -8.864374e+00 2.315671e+01 7.934878e+00
    endloop
  endfacet
  facet normal -4.453357e-01 8.812627e-01 1.582787e-01
    outer loop
      vertex   -8.864374e+00 2.315671e+01 7.934878e+00
      vertex   -8.924436e+00 2.312014e+01 7.969530e+00
      vertex   -8.859152e+00 2.315563e+01 7.955620e+00
    endloop
  endfacet
  facet normal -3.951885e-01 9.067634e-01 1.469904e-01
    outer loop
      vertex   -8.864374e+00 2.315671e+01 7.934878e+00
      vertex   -8.859152e+00 2.315563e+01 7.955620e+00
      vertex   -8.796118e+00 2.318845e+01 7.922611e+00
    endloop
  endfacet
  facet normal -2.139489e-01 9.650340e-01 1.514438e-01
    outer loop
      vertex   -8.578773e+00 2.325603e+01 7.895798e+00
      vertex   -8.649841e+00 2.323598e+01 7.923118e+00
      vertex   -8.576293e+00 2.325342e+01 7.915882e+00
    endloop
  endfacet
  facet normal -4.001984e-02 6.097490e-01 7.915836e-01
    outer loop
      vertex   -8.547921e+00 2.317409e+01 8.040954e+00
      vertex   -8.482538e+00 2.318541e+01 8.035544e+00
      vertex   -8.485445e+00 2.320104e+01 8.023353e+00
    endloop
  endfacet
  facet normal -2.378750e-02 6.119519e-01 7.905372e-01
    outer loop
      vertex   -8.485445e+00 2.320104e+01 8.023353e+00
      vertex   -8.482538e+00 2.318541e+01 8.035544e+00
      vertex   -8.417904e+00 2.320795e+01 8.020036e+00
    endloop
  endfacet
  facet normal -3.458083e-02 6.865781e-01 7.262332e-01
    outer loop
      vertex   -8.485445e+00 2.320104e+01 8.023353e+00
      vertex   -8.417904e+00 2.320795e+01 8.020036e+00
      vertex   -8.419321e+00 2.322238e+01 8.006327e+00
    endloop
  endfacet
  facet normal -1.548698e-01 9.771295e-01 1.457167e-01
    outer loop
      vertex   -8.578773e+00 2.325603e+01 7.895798e+00
      vertex   -8.576293e+00 2.325342e+01 7.915882e+00
      vertex   -8.503201e+00 2.326877e+01 7.890642e+00
    endloop
  endfacet
  facet normal -1.533643e-01 9.767430e-01 1.498414e-01
    outer loop
      vertex   -8.503201e+00 2.326877e+01 7.890642e+00
      vertex   -8.576293e+00 2.325342e+01 7.915882e+00
      vertex   -8.501529e+00 2.326597e+01 7.910643e+00
    endloop
  endfacet
  facet normal -9.330143e-02 9.848807e-01 1.459620e-01
    outer loop
      vertex   -8.503201e+00 2.326877e+01 7.890642e+00
      vertex   -8.501529e+00 2.326597e+01 7.910643e+00
      vertex   -8.426809e+00 2.327647e+01 7.887507e+00
    endloop
  endfacet
  facet normal -9.246917e-02 9.845779e-01 1.485123e-01
    outer loop
      vertex   -8.426809e+00 2.327647e+01 7.887507e+00
      vertex   -8.501529e+00 2.326597e+01 7.910643e+00
      vertex   -8.425967e+00 2.327354e+01 7.907458e+00
    endloop
  endfacet
  facet normal 1.716221e-05 4.317306e-01 9.020026e-01
    outer loop
      vertex   -8.350000e+00 2.316633e+01 8.047646e+00
      vertex   -8.444763e+00 2.316138e+01 8.050014e+00
      vertex   -8.255230e+00 2.316139e+01 8.050006e+00
    endloop
  endfacet
  facet normal 1.731663e-05 4.292514e-01 9.031850e-01
    outer loop
      vertex   -8.255230e+00 2.316139e+01 8.050006e+00
      vertex   -8.444763e+00 2.316138e+01 8.050014e+00
      vertex   -8.161603e+00 2.314669e+01 8.056989e+00
    endloop
  endfacet
  facet normal 3.076767e-06 4.290275e-01 9.032914e-01
    outer loop
      vertex   -8.161603e+00 2.314669e+01 8.056989e+00
      vertex   -8.444763e+00 2.316138e+01 8.050014e+00
      vertex   -8.538384e+00 2.314669e+01 8.056991e+00
    endloop
  endfacet
  facet normal 3.088785e-06 4.254474e-01 9.049831e-01
    outer loop
      vertex   -8.161603e+00 2.314669e+01 8.056989e+00
      vertex   -8.538384e+00 2.314669e+01 8.056991e+00
      vertex   -8.629658e+00 2.312247e+01 8.068378e+00
    endloop
  endfacet
  facet normal -1.447039e-05 4.197100e-01 9.076583e-01
    outer loop
      vertex   -8.717369e+00 2.308910e+01 8.083807e+00
      vertex   -7.982109e+00 2.308919e+01 8.083779e+00
      vertex   -8.629658e+00 2.312247e+01 8.068378e+00
    endloop
  endfacet
  facet normal -9.770829e-06 4.197853e-01 9.076234e-01
    outer loop
      vertex   -8.629658e+00 2.312247e+01 8.068378e+00
      vertex   -7.982109e+00 2.308919e+01 8.083779e+00
      vertex   -8.070247e+00 2.312248e+01 8.068383e+00
    endloop
  endfacet
  facet normal -9.766007e-06 4.256509e-01 9.048875e-01
    outer loop
      vertex   -8.629658e+00 2.312247e+01 8.068378e+00
      vertex   -8.070247e+00 2.312248e+01 8.068383e+00
      vertex   -8.161603e+00 2.314669e+01 8.056989e+00
    endloop
  endfacet
  facet normal -1.351044e-05 4.124716e-01 9.109705e-01
    outer loop
      vertex   -7.982109e+00 2.308919e+01 8.083779e+00
      vertex   -8.717369e+00 2.308910e+01 8.083807e+00
      vertex   -7.898083e+00 2.304733e+01 8.102735e+00
    endloop
  endfacet
  facet normal -4.289105e-05 4.119934e-01 9.111868e-01
    outer loop
      vertex   -7.898083e+00 2.304733e+01 8.102735e+00
      vertex   -8.717369e+00 2.308910e+01 8.083807e+00
      vertex   -8.800927e+00 2.304717e+01 8.102762e+00
    endloop
  endfacet
  facet normal -4.135991e-05 4.035716e-01 9.149481e-01
    outer loop
      vertex   -7.898083e+00 2.304733e+01 8.102735e+00
      vertex   -8.800927e+00 2.304717e+01 8.102762e+00
      vertex   -7.818958e+00 2.299745e+01 8.124737e+00
    endloop
  endfacet
  facet normal -7.952129e-05 4.029407e-01 9.152261e-01
    outer loop
      vertex   -7.818958e+00 2.299745e+01 8.124737e+00
      vertex   -8.800927e+00 2.304717e+01 8.102762e+00
      vertex   -8.879794e+00 2.299728e+01 8.124719e+00
    endloop
  endfacet
  facet normal -7.803715e-05 3.931473e-01 9.194755e-01
    outer loop
      vertex   -7.818958e+00 2.299745e+01 8.124737e+00
      vertex   -8.879794e+00 2.299728e+01 8.124719e+00
      vertex   -7.745289e+00 2.294019e+01 8.149229e+00
    endloop
  endfacet
  facet normal -1.037707e-04 3.927153e-01 9.196601e-01
    outer loop
      vertex   -7.745289e+00 2.294019e+01 8.149229e+00
      vertex   -8.879794e+00 2.299728e+01 8.124719e+00
      vertex   -8.953431e+00 2.294003e+01 8.149157e+00
    endloop
  endfacet
  facet normal -1.026318e-04 3.814099e-01 9.244060e-01
    outer loop
      vertex   -7.745289e+00 2.294019e+01 8.149229e+00
      vertex   -8.953431e+00 2.294003e+01 8.149157e+00
      vertex   -7.677602e+00 2.287614e+01 8.175661e+00
    endloop
  endfacet
  facet normal -1.066438e-04 3.813415e-01 9.244342e-01
    outer loop
      vertex   -7.677602e+00 2.287614e+01 8.175661e+00
      vertex   -8.953431e+00 2.294003e+01 8.149157e+00
      vertex   -9.021297e+00 2.287603e+01 8.175553e+00
    endloop
  endfacet
  facet normal -1.059499e-04 3.682773e-01 9.297160e-01
    outer loop
      vertex   -7.677602e+00 2.287614e+01 8.175661e+00
      vertex   -9.021297e+00 2.287603e+01 8.175553e+00
      vertex   -7.616417e+00 2.280593e+01 8.203481e+00
    endloop
  endfacet
  facet normal -7.767130e-05 3.687668e-01 9.295219e-01
    outer loop
      vertex   -7.616417e+00 2.280593e+01 8.203481e+00
      vertex   -9.021297e+00 2.287603e+01 8.175553e+00
      vertex   -9.082854e+00 2.280586e+01 8.203385e+00
    endloop
  endfacet
  facet normal -7.738912e-05 3.549373e-01 9.348901e-01
    outer loop
      vertex   -7.616417e+00 2.280593e+01 8.203481e+00
      vertex   -9.082854e+00 2.280586e+01 8.203385e+00
      vertex   -9.137563e+00 2.273014e+01 8.232130e+00
    endloop
  endfacet
  facet normal 3.230785e-05 3.396284e-01 9.405597e-01
    outer loop
      vertex   -9.184885e+00 2.264945e+01 8.261265e+00
      vertex   -7.515112e+00 2.264941e+01 8.261222e+00
      vertex   -9.137563e+00 2.273014e+01 8.232130e+00
    endloop
  endfacet
  facet normal -1.401828e-05 3.388044e-01 9.408568e-01
    outer loop
      vertex   -9.137563e+00 2.273014e+01 8.232130e+00
      vertex   -7.515112e+00 2.264941e+01 8.261222e+00
      vertex   -7.562141e+00 2.273014e+01 8.232152e+00
    endloop
  endfacet
  facet normal -1.398126e-05 3.538242e-01 9.353120e-01
    outer loop
      vertex   -9.137563e+00 2.273014e+01 8.232130e+00
      vertex   -7.562141e+00 2.273014e+01 8.232152e+00
      vertex   -7.616417e+00 2.280593e+01 8.203481e+00
    endloop
  endfacet
  facet normal 3.205384e-05 3.222846e-01 9.466428e-01
    outer loop
      vertex   -9.184885e+00 2.264945e+01 8.261265e+00
      vertex   -9.224286e+00 2.256437e+01 8.290233e+00
      vertex   -7.515112e+00 2.264941e+01 8.261222e+00
    endloop
  endfacet
  facet normal -1.343149e-05 3.231035e-01 9.463636e-01
    outer loop
      vertex   -7.515112e+00 2.264941e+01 8.261222e+00
      vertex   -9.224286e+00 2.256437e+01 8.290233e+00
      vertex   -7.475669e+00 2.256439e+01 8.290252e+00
    endloop
  endfacet
  facet normal -1.332329e-05 3.064182e-01 9.518970e-01
    outer loop
      vertex   -7.475669e+00 2.256439e+01 8.290252e+00
      vertex   -9.224286e+00 2.256437e+01 8.290233e+00
      vertex   -7.444150e+00 2.247571e+01 8.318799e+00
    endloop
  endfacet
  facet normal -2.197676e-04 3.026605e-01 9.530984e-01
    outer loop
      vertex   -7.444150e+00 2.247571e+01 8.318799e+00
      vertex   -9.224286e+00 2.256437e+01 8.290233e+00
      vertex   -9.255437e+00 2.247542e+01 8.318473e+00
    endloop
  endfacet
  facet normal -2.178315e-04 2.843019e-01 9.587348e-01
    outer loop
      vertex   -7.444150e+00 2.247571e+01 8.318799e+00
      vertex   -9.255437e+00 2.247542e+01 8.318473e+00
      vertex   -9.278231e+00 2.238343e+01 8.345747e+00
    endloop
  endfacet
  facet normal -5.356505e-04 2.671515e-01 9.636544e-01
    outer loop
      vertex   -9.292569e+00 2.228927e+01 8.371843e+00
      vertex   -7.406321e+00 2.228998e+01 8.372694e+00
      vertex   -9.278231e+00 2.238343e+01 8.345747e+00
    endloop
  endfacet
  facet normal -4.287118e-04 2.691345e-01 9.631025e-01
    outer loop
      vertex   -9.278231e+00 2.238343e+01 8.345747e+00
      vertex   -7.406321e+00 2.228998e+01 8.372694e+00
      vertex   -7.420915e+00 2.238400e+01 8.346412e+00
    endloop
  endfacet
  facet normal -4.326686e-04 2.882290e-01 9.575614e-01
    outer loop
      vertex   -9.278231e+00 2.238343e+01 8.345747e+00
      vertex   -7.420915e+00 2.238400e+01 8.346412e+00
      vertex   -7.444150e+00 2.247571e+01 8.318799e+00
    endloop
  endfacet
  facet normal -5.314733e-04 2.509071e-01 9.680110e-01
    outer loop
      vertex   -7.406321e+00 2.228998e+01 8.372694e+00
      vertex   -9.292569e+00 2.228927e+01 8.371843e+00
      vertex   -7.400467e+00 2.219452e+01 8.397441e+00
    endloop
  endfacet
  facet normal -5.484143e-04 2.505909e-01 9.680929e-01
    outer loop
      vertex   -7.400467e+00 2.219452e+01 8.397441e+00
      vertex   -9.292569e+00 2.228927e+01 8.371843e+00
      vertex   -9.298352e+00 2.219380e+01 8.396551e+00
    endloop
  endfacet
  facet normal -5.439187e-04 2.332807e-01 9.724093e-01
    outer loop
      vertex   -7.400467e+00 2.219452e+01 8.397441e+00
      vertex   -9.298352e+00 2.219380e+01 8.396551e+00
      vertex   -7.403423e+00 2.209852e+01 8.420469e+00
    endloop
  endfacet
  facet normal -4.925617e-04 2.342439e-01 9.721777e-01
    outer loop
      vertex   -7.403423e+00 2.209852e+01 8.420469e+00
      vertex   -9.298352e+00 2.219380e+01 8.396551e+00
      vertex   -9.295483e+00 2.209790e+01 8.419659e+00
    endloop
  endfacet
  facet normal -4.883628e-04 2.157599e-01 9.764463e-01
    outer loop
      vertex   -7.403423e+00 2.209852e+01 8.420469e+00
      vertex   -9.295483e+00 2.209790e+01 8.419659e+00
      vertex   -7.415259e+00 2.200289e+01 8.441594e+00
    endloop
  endfacet
  facet normal -3.856243e-04 2.176938e-01 9.760170e-01
    outer loop
      vertex   -7.415259e+00 2.200289e+01 8.441594e+00
      vertex   -9.295483e+00 2.209790e+01 8.419659e+00
      vertex   -9.283863e+00 2.200243e+01 8.440957e+00
    endloop
  endfacet
  facet normal -3.827010e-04 2.004683e-01 9.797001e-01
    outer loop
      vertex   -7.415259e+00 2.200289e+01 8.441594e+00
      vertex   -9.283863e+00 2.200243e+01 8.440957e+00
      vertex   -9.263394e+00 2.190826e+01 8.460235e+00
    endloop
  endfacet
  facet normal -2.416428e-04 1.978193e-01 9.802385e-01
    outer loop
      vertex   -7.415259e+00 2.200289e+01 8.441594e+00
      vertex   -9.263394e+00 2.190826e+01 8.460235e+00
      vertex   -7.436045e+00 2.190852e+01 8.460633e+00
    endloop
  endfacet
  facet normal -2.400827e-04 1.820949e-01 9.832809e-01
    outer loop
      vertex   -7.436045e+00 2.190852e+01 8.460633e+00
      vertex   -9.263394e+00 2.190826e+01 8.460235e+00
      vertex   -9.233978e+00 2.181626e+01 8.477281e+00
    endloop
  endfacet
  facet normal -7.400010e-05 1.789623e-01 9.838559e-01
    outer loop
      vertex   -7.436045e+00 2.190852e+01 8.460633e+00
      vertex   -9.233978e+00 2.181626e+01 8.477281e+00
      vertex   -7.465852e+00 2.181632e+01 8.477401e+00
    endloop
  endfacet
  facet normal -7.349651e-05 1.601948e-01 9.870854e-01
    outer loop
      vertex   -7.465852e+00 2.181632e+01 8.477401e+00
      vertex   -9.233978e+00 2.181626e+01 8.477281e+00
      vertex   -7.504646e+00 2.172740e+01 8.491829e+00
    endloop
  endfacet
  facet normal 2.482103e-05 1.620585e-01 9.867812e-01
    outer loop
      vertex   -7.504646e+00 2.172740e+01 8.491829e+00
      vertex   -9.233978e+00 2.181626e+01 8.477281e+00
      vertex   -9.195521e+00 2.172729e+01 8.491890e+00
    endloop
  endfacet
  facet normal 2.613365e-05 1.436369e-01 9.896305e-01
    outer loop
      vertex   -7.504646e+00 2.172740e+01 8.491829e+00
      vertex   -9.195521e+00 2.172729e+01 8.491890e+00
      vertex   -9.148261e+00 2.164264e+01 8.504175e+00
    endloop
  endfacet
  facet normal 5.688676e-05 1.430529e-01 9.897150e-01
    outer loop
      vertex   -7.504646e+00 2.172740e+01 8.491829e+00
      vertex   -9.148261e+00 2.164264e+01 8.504175e+00
      vertex   -7.551938e+00 2.164271e+01 8.504073e+00
    endloop
  endfacet
  facet normal 5.770735e-05 1.277841e-01 9.918020e-01
    outer loop
      vertex   -7.551938e+00 2.164271e+01 8.504073e+00
      vertex   -9.148261e+00 2.164264e+01 8.504175e+00
      vertex   -9.092899e+00 2.156322e+01 8.514404e+00
    endloop
  endfacet
  facet normal 7.928982e-05 1.273726e-01 9.918549e-01
    outer loop
      vertex   -7.551938e+00 2.164271e+01 8.504073e+00
      vertex   -9.092899e+00 2.156322e+01 8.514404e+00
      vertex   -7.607125e+00 2.156305e+01 8.514308e+00
    endloop
  endfacet
  facet normal 7.769076e-05 1.131598e-01 9.935768e-01
    outer loop
      vertex   -7.607125e+00 2.156305e+01 8.514308e+00
      vertex   -9.092899e+00 2.156322e+01 8.514404e+00
      vertex   -9.030151e+00 2.148970e+01 8.522773e+00
    endloop
  endfacet
  facet normal 8.754794e-05 1.129710e-01 9.935983e-01
    outer loop
      vertex   -7.607125e+00 2.156305e+01 8.514308e+00
      vertex   -9.030151e+00 2.148970e+01 8.522773e+00
      vertex   -7.669603e+00 2.148919e+01 8.522711e+00
    endloop
  endfacet
  facet normal 8.261116e-05 9.970204e-02 9.950173e-01
    outer loop
      vertex   -7.669603e+00 2.148919e+01 8.522711e+00
      vertex   -9.030151e+00 2.148970e+01 8.522773e+00
      vertex   -8.960732e+00 2.142273e+01 8.529478e+00
    endloop
  endfacet
  facet normal 8.109451e-05 9.973121e-02 9.950144e-01
    outer loop
      vertex   -7.669603e+00 2.148919e+01 8.522711e+00
      vertex   -8.960732e+00 2.142273e+01 8.529478e+00
      vertex   -7.738771e+00 2.142193e+01 8.529458e+00
    endloop
  endfacet
  facet normal 7.301026e-05 8.739006e-02 9.961742e-01
    outer loop
      vertex   -7.738771e+00 2.142193e+01 8.529458e+00
      vertex   -8.960732e+00 2.142273e+01 8.529478e+00
      vertex   -8.885355e+00 2.136298e+01 8.534714e+00
    endloop
  endfacet
  facet normal 6.432669e-05 8.755764e-02 9.961595e-01
    outer loop
      vertex   -7.738771e+00 2.142193e+01 8.529458e+00
      vertex   -8.885355e+00 2.136298e+01 8.534714e+00
      vertex   -7.814026e+00 2.136206e+01 8.534726e+00
    endloop
  endfacet
  facet normal 5.463600e-05 7.627582e-02 9.970868e-01
    outer loop
      vertex   -7.814026e+00 2.136206e+01 8.534726e+00
      vertex   -8.885355e+00 2.136298e+01 8.534714e+00
      vertex   -8.804737e+00 2.131110e+01 8.538678e+00
    endloop
  endfacet
  facet normal 4.964547e-05 7.637227e-02 9.970794e-01
    outer loop
      vertex   -7.814026e+00 2.136206e+01 8.534726e+00
      vertex   -8.804737e+00 2.131110e+01 8.538678e+00
      vertex   -7.894765e+00 2.131037e+01 8.538689e+00
    endloop
  endfacet
  facet normal 4.170600e-05 6.656511e-02 9.977821e-01
    outer loop
      vertex   -7.894765e+00 2.131037e+01 8.538689e+00
      vertex   -8.804737e+00 2.131110e+01 8.538678e+00
      vertex   -8.719591e+00 2.126776e+01 8.541566e+00
    endloop
  endfacet
  facet normal -8.016939e-05 6.891396e-02 9.976226e-01
    outer loop
      vertex   -7.894765e+00 2.131037e+01 8.538689e+00
      vertex   -8.719591e+00 2.126776e+01 8.541566e+00
      vertex   -7.980236e+00 2.126761e+01 8.541636e+00
    endloop
  endfacet
  facet normal -8.103631e-05 6.495186e-02 9.978884e-01
    outer loop
      vertex   -7.980236e+00 2.126761e+01 8.541636e+00
      vertex   -8.719591e+00 2.126776e+01 8.541566e+00
      vertex   -8.069435e+00 2.123410e+01 8.543809e+00
    endloop
  endfacet
  facet normal -4.697496e-04 5.747422e-02 9.983469e-01
    outer loop
      vertex   -8.069435e+00 2.123410e+01 8.543809e+00
      vertex   -8.719591e+00 2.126776e+01 8.541566e+00
      vertex   -8.630634e+00 2.123362e+01 8.543573e+00
    endloop
  endfacet
  facet normal -4.734296e-04 6.191085e-02 9.980816e-01
    outer loop
      vertex   -8.069435e+00 2.123410e+01 8.543809e+00
      vertex   -8.630634e+00 2.123362e+01 8.543573e+00
      vertex   -8.161430e+00 2.120997e+01 8.545263e+00
    endloop
  endfacet
  facet normal -9.622922e-04 5.225405e-02 9.986334e-01
    outer loop
      vertex   -8.161430e+00 2.120997e+01 8.545263e+00
      vertex   -8.630634e+00 2.123362e+01 8.543573e+00
      vertex   -8.538683e+00 2.120928e+01 8.544935e+00
    endloop
  endfacet
  facet normal -9.756112e-04 5.979886e-02 9.982100e-01
    outer loop
      vertex   -8.161430e+00 2.120997e+01 8.545263e+00
      vertex   -8.538683e+00 2.120928e+01 8.544935e+00
      vertex   -8.255286e+00 2.119531e+01 8.546049e+00
    endloop
  endfacet
  facet normal -1.270000e-03 5.385599e-02 9.985479e-01
    outer loop
      vertex   -8.255286e+00 2.119531e+01 8.546049e+00
      vertex   -8.538683e+00 2.120928e+01 8.544935e+00
      vertex   -8.444846e+00 2.119486e+01 8.545833e+00
    endloop
  endfacet
  facet normal -1.279140e-03 5.779750e-02 9.983275e-01
    outer loop
      vertex   -8.255286e+00 2.119531e+01 8.546049e+00
      vertex   -8.444846e+00 2.119486e+01 8.545833e+00
      vertex   -8.350069e+00 2.119023e+01 8.546222e+00
    endloop
  endfacet
  facet normal -9.669267e-01 -2.550546e-01 0.000000e+00
    outer loop
      vertex   -9.472497e+00 2.188000e+01 4.450000e+00
      vertex   -9.455688e+00 2.181627e+01 8.263788e+00
      vertex   -9.472497e+00 2.188000e+01 6.750000e+00
    endloop
  endfacet
  facet normal -9.754250e-01 -2.203263e-01 1.556309e-03
    outer loop
      vertex   -9.472497e+00 2.188000e+01 6.750000e+00
      vertex   -9.455688e+00 2.181627e+01 8.263788e+00
      vertex   -9.480466e+00 2.192584e+01 8.245260e+00
    endloop
  endfacet
  facet normal -9.846720e-01 -1.744162e-01 9.954777e-05
    outer loop
      vertex   -9.472497e+00 2.188000e+01 6.750000e+00
      vertex   -9.480466e+00 2.192584e+01 8.245260e+00
      vertex   -9.490074e+00 2.197923e+01 6.750000e+00
    endloop
  endfacet
  facet normal -9.921188e-01 -1.252867e-01 1.901532e-03
    outer loop
      vertex   -9.490074e+00 2.197923e+01 6.750000e+00
      vertex   -9.480466e+00 2.192584e+01 8.245260e+00
      vertex   -9.494532e+00 2.203692e+01 8.224789e+00
    endloop
  endfacet
  facet normal -9.961606e-01 -8.754421e-02 4.129649e-04
    outer loop
      vertex   -9.490074e+00 2.197923e+01 6.750000e+00
      vertex   -9.494532e+00 2.203692e+01 8.224789e+00
      vertex   -9.498896e+00 2.207961e+01 6.750000e+00
    endloop
  endfacet
  facet normal -9.995265e-01 -3.070089e-02 2.068625e-03
    outer loop
      vertex   -9.498896e+00 2.207961e+01 6.750000e+00
      vertex   -9.494532e+00 2.203692e+01 8.224789e+00
      vertex   -9.498005e+00 2.214849e+01 8.202579e+00
    endloop
  endfacet
  facet normal -9.999998e-01 0.000000e+00 6.131187e-04
    outer loop
      vertex   -9.498896e+00 2.207961e+01 6.750000e+00
      vertex   -9.498005e+00 2.214849e+01 8.202579e+00
      vertex   -9.498896e+00 2.218039e+01 6.750000e+00
    endloop
  endfacet
  facet normal -9.979904e-01 6.333377e-02 2.002460e-03
    outer loop
      vertex   -9.498896e+00 2.218039e+01 6.750000e+00
      vertex   -9.498005e+00 2.214849e+01 8.202579e+00
      vertex   -9.491004e+00 2.225956e+01 8.178832e+00
    endloop
  endfacet
  facet normal -9.961604e-01 8.754419e-02 6.507739e-04
    outer loop
      vertex   -9.498896e+00 2.218039e+01 6.750000e+00
      vertex   -9.491004e+00 2.225956e+01 8.178832e+00
      vertex   -9.490074e+00 2.228077e+01 6.750000e+00
    endloop
  endfacet
  facet normal -9.876210e-01 1.568502e-01 1.685109e-03
    outer loop
      vertex   -9.490074e+00 2.228077e+01 6.750000e+00
      vertex   -9.491004e+00 2.225956e+01 8.178832e+00
      vertex   -9.473648e+00 2.236912e+01 8.153750e+00
    endloop
  endfacet
  facet normal -9.846719e-01 1.744162e-01 5.451008e-04
    outer loop
      vertex   -9.490074e+00 2.228077e+01 6.750000e+00
      vertex   -9.473648e+00 2.236912e+01 8.153750e+00
      vertex   -9.472497e+00 2.238000e+01 6.750000e+00
    endloop
  endfacet
  facet normal -9.682705e-01 2.499018e-01 1.143818e-03
    outer loop
      vertex   -9.472497e+00 2.238000e+01 6.750000e+00
      vertex   -9.473648e+00 2.236912e+01 8.153750e+00
      vertex   -9.446056e+00 2.247615e+01 8.127537e+00
    endloop
  endfacet
  facet normal -9.645727e-01 2.638172e-01 1.016156e-04
    outer loop
      vertex   -9.472497e+00 2.238000e+01 6.750000e+00
      vertex   -9.446056e+00 2.247615e+01 8.127537e+00
      vertex   -9.443715e+00 2.248537e+01 6.398216e+00
    endloop
  endfacet
  facet normal -9.395289e-01 3.424692e-01 5.550435e-04
    outer loop
      vertex   -9.443715e+00 2.248537e+01 6.398216e+00
      vertex   -9.446056e+00 2.247615e+01 8.127537e+00
      vertex   -9.408346e+00 2.257964e+01 8.100394e+00
    endloop
  endfacet
  facet normal -9.335803e-01 3.583679e-01 -4.490789e-04
    outer loop
      vertex   -9.443715e+00 2.248537e+01 6.398216e+00
      vertex   -9.408346e+00 2.257964e+01 8.100394e+00
      vertex   -9.400577e+00 2.259775e+01 6.398216e+00
    endloop
  endfacet
  facet normal -9.008253e-01 4.341815e-01 5.068208e-04
    outer loop
      vertex   -9.400577e+00 2.259775e+01 6.398216e+00
      vertex   -9.408346e+00 2.257964e+01 8.100394e+00
      vertex   -9.360650e+00 2.267863e+01 8.072552e+00
    endloop
  endfacet
  facet normal -8.910063e-01 4.539904e-01 -6.842690e-04
    outer loop
      vertex   -9.400577e+00 2.259775e+01 6.398216e+00
      vertex   -9.360650e+00 2.267863e+01 8.072552e+00
      vertex   -9.345929e+00 2.270500e+01 6.398216e+00
    endloop
  endfacet
  facet normal -8.535225e-01 5.210555e-01 7.014555e-04
    outer loop
      vertex   -9.345929e+00 2.270500e+01 6.398216e+00
      vertex   -9.360650e+00 2.267863e+01 8.072552e+00
      vertex   -9.303366e+00 2.277250e+01 8.044549e+00
    endloop
  endfacet
  facet normal -8.386704e-01 5.446389e-01 -6.495103e-04
    outer loop
      vertex   -9.345929e+00 2.270500e+01 6.398216e+00
      vertex   -9.303366e+00 2.277250e+01 8.044549e+00
      vertex   -9.280370e+00 2.280595e+01 6.398216e+00
    endloop
  endfacet
  facet normal -7.991922e-01 6.010746e-01 1.048541e-03
    outer loop
      vertex   -9.280370e+00 2.280595e+01 6.398216e+00
      vertex   -9.303366e+00 2.277250e+01 8.044549e+00
      vertex   -9.237140e+00 2.286061e+01 8.016922e+00
    endloop
  endfacet
  facet normal -7.771459e-01 6.293203e-01 -4.939500e-04
    outer loop
      vertex   -9.280370e+00 2.280595e+01 6.398216e+00
      vertex   -9.237140e+00 2.286061e+01 8.016922e+00
      vertex   -9.204617e+00 2.289950e+01 6.398216e+00
    endloop
  endfacet
  facet normal -7.383554e-01 6.744105e-01 1.368790e-03
    outer loop
      vertex   -9.204617e+00 2.289950e+01 6.398216e+00
      vertex   -9.237140e+00 2.286061e+01 8.016922e+00
      vertex   -9.162623e+00 2.294224e+01 7.990172e+00
    endloop
  endfacet
  facet normal -7.071067e-01 7.071067e-01 -3.334162e-04
    outer loop
      vertex   -9.204617e+00 2.289950e+01 6.398216e+00
      vertex   -9.162623e+00 2.294224e+01 7.990172e+00
      vertex   -9.119500e+00 2.298462e+01 6.398216e+00
    endloop
  endfacet
  facet normal -6.713505e-01 7.411384e-01 1.540935e-03
    outer loop
      vertex   -9.119500e+00 2.298462e+01 6.398216e+00
      vertex   -9.162623e+00 2.294224e+01 7.990172e+00
      vertex   -9.080469e+00 2.301672e+01 7.964802e+00
    endloop
  endfacet
  facet normal -6.293204e-01 7.771459e-01 -2.440415e-04
    outer loop
      vertex   -9.119500e+00 2.298462e+01 6.398216e+00
      vertex   -9.080469e+00 2.301672e+01 7.964802e+00
      vertex   -9.025953e+00 2.306037e+01 6.398216e+00
    endloop
  endfacet
  facet normal -5.983237e-01 8.012531e-01 1.506369e-03
    outer loop
      vertex   -9.025953e+00 2.306037e+01 6.398216e+00
      vertex   -9.080469e+00 2.301672e+01 7.964802e+00
      vertex   -8.991330e+00 2.308332e+01 7.941313e+00
    endloop
  endfacet
  facet normal -5.446390e-01 8.386705e-01 -2.547625e-04
    outer loop
      vertex   -9.025953e+00 2.306037e+01 6.398216e+00
      vertex   -8.991330e+00 2.308332e+01 7.941313e+00
      vertex   -8.925000e+00 2.312593e+01 6.398216e+00
    endloop
  endfacet
  facet normal -5.192998e-01 8.545912e-01 1.274020e-03
    outer loop
      vertex   -8.925000e+00 2.312593e+01 6.398216e+00
      vertex   -8.991330e+00 2.308332e+01 7.941313e+00
      vertex   -8.895859e+00 2.314137e+01 7.920209e+00
    endloop
  endfacet
  facet normal -4.539905e-01 8.910065e-01 -3.458125e-04
    outer loop
      vertex   -8.925000e+00 2.312593e+01 6.398216e+00
      vertex   -8.895859e+00 2.314137e+01 7.920209e+00
      vertex   -8.817747e+00 2.318058e+01 6.398216e+00
    endloop
  endfacet
  facet normal -4.342798e-01 9.007776e-01 9.175047e-04
    outer loop
      vertex   -8.817747e+00 2.318058e+01 6.398216e+00
      vertex   -8.895859e+00 2.314137e+01 7.920209e+00
      vertex   -8.794709e+00 2.319015e+01 7.901991e+00
    endloop
  endfacet
  facet normal -3.583679e-01 9.335803e-01 -4.543240e-04
    outer loop
      vertex   -8.817747e+00 2.318058e+01 6.398216e+00
      vertex   -8.794709e+00 2.319015e+01 7.901991e+00
      vertex   -8.705370e+00 2.322371e+01 6.398216e+00
    endloop
  endfacet
  facet normal -3.433620e-01 9.392030e-01 5.626735e-04
    outer loop
      vertex   -8.705370e+00 2.322371e+01 6.398216e+00
      vertex   -8.794709e+00 2.319015e+01 7.901991e+00
      vertex   -8.688533e+00 2.322898e+01 7.887162e+00
    endloop
  endfacet
  facet normal -2.588190e-01 9.659257e-01 -4.877454e-04
    outer loop
      vertex   -8.705370e+00 2.322371e+01 6.398216e+00
      vertex   -8.688533e+00 2.322898e+01 7.887162e+00
      vertex   -8.589098e+00 2.325487e+01 6.398216e+00
    endloop
  endfacet
  facet normal -2.470995e-01 9.689901e-01 3.481978e-04
    outer loop
      vertex   -8.589098e+00 2.325487e+01 6.398216e+00
      vertex   -8.688533e+00 2.322898e+01 7.887162e+00
      vertex   -8.578044e+00 2.325716e+01 7.876218e+00
    endloop
  endfacet
  facet normal -1.562759e-01 9.877134e-01 -3.601045e-04
    outer loop
      vertex   -8.589098e+00 2.325487e+01 6.398216e+00
      vertex   -8.578044e+00 2.325716e+01 7.876218e+00
      vertex   -8.469840e+00 2.327374e+01 6.398216e+00
    endloop
  endfacet
  facet normal -1.491033e-01 9.888216e-01 1.774242e-04
    outer loop
      vertex   -8.469840e+00 2.327374e+01 6.398216e+00
      vertex   -8.578044e+00 2.325716e+01 7.876218e+00
      vertex   -8.464713e+00 2.327425e+01 7.869512e+00
    endloop
  endfacet
  facet normal -5.217561e-02 9.986379e-01 -1.637735e-04
    outer loop
      vertex   -8.469840e+00 2.327374e+01 6.398216e+00
      vertex   -8.464713e+00 2.327425e+01 7.869512e+00
      vertex   -8.350000e+00 2.328000e+01 6.398216e+00
    endloop
  endfacet
  facet normal -5.008044e-02 9.987452e-01 0.000000e+00
    outer loop
      vertex   -8.350000e+00 2.328000e+01 6.398216e+00
      vertex   -8.464713e+00 2.327425e+01 7.869512e+00
      vertex   -8.350000e+00 2.328000e+01 7.867236e+00
    endloop
  endfacet
  facet normal 4.999372e-02 9.987495e-01 -0.000000e+00
    outer loop
      vertex   -8.350000e+00 2.328000e+01 6.398216e+00
      vertex   -8.350000e+00 2.328000e+01 7.867236e+00
      vertex   -8.235278e+00 2.327426e+01 7.869505e+00
    endloop
  endfacet
  facet normal -9.636249e-01 -2.672583e-01 -2.184664e-04
    outer loop
      vertex   -9.455688e+00 2.181627e+01 8.263788e+00
      vertex   -9.472497e+00 2.188000e+01 4.450000e+00
      vertex   -9.443715e+00 2.177463e+01 6.398216e+00
    endloop
  endfacet
  facet normal -9.634694e-01 -2.678182e-01 -2.510450e-04
    outer loop
      vertex   -9.443715e+00 2.177463e+01 6.398216e+00
      vertex   -9.472497e+00 2.188000e+01 4.450000e+00
      vertex   -9.440489e+00 2.176485e+01 4.450000e+00
    endloop
  endfacet
  facet normal -9.335804e-01 -3.583679e-01 2.530152e-04
    outer loop
      vertex   -9.443715e+00 2.177463e+01 6.398216e+00
      vertex   -9.440489e+00 2.176485e+01 4.450000e+00
      vertex   -9.400577e+00 2.166225e+01 6.398216e+00
    endloop
  endfacet
  facet normal -9.304705e-01 -3.663668e-01 -2.319307e-04
    outer loop
      vertex   -9.400577e+00 2.166225e+01 6.398216e+00
      vertex   -9.440489e+00 2.176485e+01 4.450000e+00
      vertex   -9.396702e+00 2.165364e+01 4.450000e+00
    endloop
  endfacet
  facet normal -8.910065e-01 -4.539905e-01 2.337367e-04
    outer loop
      vertex   -9.400577e+00 2.166225e+01 6.398216e+00
      vertex   -9.396702e+00 2.165364e+01 4.450000e+00
      vertex   -9.345929e+00 2.155500e+01 6.398216e+00
    endloop
  endfacet
  facet normal -8.874218e-01 -4.609583e-01 -2.124880e-04
    outer loop
      vertex   -9.345929e+00 2.155500e+01 6.398216e+00
      vertex   -9.396702e+00 2.165364e+01 4.450000e+00
      vertex   -9.341610e+00 2.154758e+01 4.450000e+00
    endloop
  endfacet
  facet normal -8.386705e-01 -5.446390e-01 2.141298e-04
    outer loop
      vertex   -9.345929e+00 2.155500e+01 6.398216e+00
      vertex   -9.341610e+00 2.154758e+01 4.450000e+00
      vertex   -9.280370e+00 2.145405e+01 6.398216e+00
    endloop
  endfacet
  facet normal -8.347882e-01 -5.505711e-01 -1.927169e-04
    outer loop
      vertex   -9.280370e+00 2.145405e+01 6.398216e+00
      vertex   -9.341610e+00 2.154758e+01 4.450000e+00
      vertex   -9.275809e+00 2.144781e+01 4.450000e+00
    endloop
  endfacet
  facet normal -7.771459e-01 -6.293204e-01 1.941945e-04
    outer loop
      vertex   -9.280370e+00 2.145405e+01 6.398216e+00
      vertex   -9.275809e+00 2.144781e+01 4.450000e+00
      vertex   -9.204617e+00 2.136050e+01 6.398216e+00
    endloop
  endfacet
  facet normal -7.731384e-01 -6.342374e-01 -1.726174e-04
    outer loop
      vertex   -9.204617e+00 2.136050e+01 6.398216e+00
      vertex   -9.275809e+00 2.144781e+01 4.450000e+00
      vertex   -9.200007e+00 2.135541e+01 4.450000e+00
    endloop
  endfacet
  facet normal -7.071068e-01 -7.071068e-01 1.739308e-04
    outer loop
      vertex   -9.204617e+00 2.136050e+01 6.398216e+00
      vertex   -9.200007e+00 2.135541e+01 4.450000e+00
      vertex   -9.119500e+00 2.127538e+01 6.398216e+00
    endloop
  endfacet
  facet normal -7.031380e-01 -7.110534e-01 -1.521895e-04
    outer loop
      vertex   -9.119500e+00 2.127538e+01 6.398216e+00
      vertex   -9.200007e+00 2.135541e+01 4.450000e+00
      vertex   -9.115025e+00 2.127138e+01 4.450000e+00
    endloop
  endfacet
  facet normal -6.293204e-01 -7.771460e-01 1.533387e-04
    outer loop
      vertex   -9.119500e+00 2.127538e+01 6.398216e+00
      vertex   -9.115025e+00 2.127138e+01 4.450000e+00
      vertex   -9.025953e+00 2.119963e+01 6.398216e+00
    endloop
  endfacet
  facet normal -6.255432e-01 -7.801895e-01 -1.314332e-04
    outer loop
      vertex   -9.025953e+00 2.119963e+01 6.398216e+00
      vertex   -9.115025e+00 2.127138e+01 4.450000e+00
      vertex   -9.021780e+00 2.119661e+01 4.450000e+00
    endloop
  endfacet
  facet normal -5.446390e-01 -8.386706e-01 1.324182e-04
    outer loop
      vertex   -9.025953e+00 2.119963e+01 6.398216e+00
      vertex   -9.021780e+00 2.119661e+01 4.450000e+00
      vertex   -8.925000e+00 2.113407e+01 6.398216e+00
    endloop
  endfacet
  facet normal -5.411921e-01 -8.408990e-01 -1.103485e-04
    outer loop
      vertex   -8.925000e+00 2.113407e+01 6.398216e+00
      vertex   -9.021780e+00 2.119661e+01 4.450000e+00
      vertex   -8.921280e+00 2.113193e+01 4.450000e+00
    endloop
  endfacet
  facet normal -4.539905e-01 -8.910065e-01 1.111693e-04
    outer loop
      vertex   -8.925000e+00 2.113407e+01 6.398216e+00
      vertex   -8.921280e+00 2.113193e+01 4.450000e+00
      vertex   -8.817747e+00 2.107942e+01 6.398216e+00
    endloop
  endfacet
  facet normal -4.509957e-01 -8.925261e-01 -8.893549e-05
    outer loop
      vertex   -8.817747e+00 2.107942e+01 6.398216e+00
      vertex   -8.921280e+00 2.113193e+01 4.450000e+00
      vertex   -8.814609e+00 2.107803e+01 4.450000e+00
    endloop
  endfacet
  facet normal -3.583679e-01 -9.335804e-01 8.959213e-05
    outer loop
      vertex   -8.817747e+00 2.107942e+01 6.398216e+00
      vertex   -8.814609e+00 2.107803e+01 4.450000e+00
      vertex   -8.705370e+00 2.103629e+01 6.398216e+00
    endloop
  endfacet
  facet normal -3.559283e-01 -9.345133e-01 -6.719411e-05
    outer loop
      vertex   -8.705370e+00 2.103629e+01 6.398216e+00
      vertex   -8.814609e+00 2.107803e+01 4.450000e+00
      vertex   -8.702920e+00 2.103549e+01 4.450000e+00
    endloop
  endfacet
  facet normal -2.588190e-01 -9.659258e-01 6.768658e-05
    outer loop
      vertex   -8.705370e+00 2.103629e+01 6.398216e+00
      vertex   -8.702920e+00 2.103549e+01 4.450000e+00
      vertex   -8.589098e+00 2.100513e+01 6.398216e+00
    endloop
  endfacet
  facet normal -2.570165e-01 -9.664070e-01 -4.512439e-05
    outer loop
      vertex   -8.589098e+00 2.100513e+01 6.398216e+00
      vertex   -8.702920e+00 2.103549e+01 4.450000e+00
      vertex   -8.587419e+00 2.100477e+01 4.450000e+00
    endloop
  endfacet
  facet normal -1.562502e-01 -9.877175e-01 4.561683e-05
    outer loop
      vertex   -8.589098e+00 2.100513e+01 6.398216e+00
      vertex   -8.587419e+00 2.100477e+01 4.450000e+00
      vertex   -8.469781e+00 2.098626e+01 6.398216e+00
    endloop
  endfacet
  facet normal -1.553287e-01 -9.878628e-01 -1.140542e-05
    outer loop
      vertex   -8.469781e+00 2.098626e+01 6.398216e+00
      vertex   -8.587419e+00 2.100477e+01 4.450000e+00
      vertex   -8.469354e+00 2.098621e+01 4.450000e+00
    endloop
  endfacet
  facet normal -5.216787e-02 -9.986383e-01 1.144246e-05
    outer loop
      vertex   -8.469781e+00 2.098626e+01 6.398216e+00
      vertex   -8.469354e+00 2.098621e+01 4.450000e+00
      vertex   -8.350042e+00 2.098000e+01 6.398216e+00
    endloop
  endfacet
  facet normal -5.196333e-02 -9.986490e-01 -1.118272e-06
    outer loop
      vertex   -8.350042e+00 2.098000e+01 6.398216e+00
      vertex   -8.469354e+00 2.098621e+01 4.450000e+00
      vertex   -8.350000e+00 2.098000e+01 4.450000e+00
    endloop
  endfacet
  facet normal 5.196333e-02 -9.986490e-01 1.119056e-06
    outer loop
      vertex   -8.350042e+00 2.098000e+01 6.398216e+00
      vertex   -8.350000e+00 2.098000e+01 4.450000e+00
      vertex   -8.230646e+00 2.098621e+01 4.450000e+00
    endloop
  endfacet
  facet normal 5.213144e-02 -9.986402e-01 1.144985e-05
    outer loop
      vertex   -8.350042e+00 2.098000e+01 6.398216e+00
      vertex   -8.230646e+00 2.098621e+01 4.450000e+00
      vertex   -8.230219e+00 2.098626e+01 6.398216e+00
    endloop
  endfacet
  facet normal 1.553287e-01 -9.878628e-01 -1.140480e-05
    outer loop
      vertex   -8.230219e+00 2.098626e+01 6.398216e+00
      vertex   -8.230646e+00 2.098621e+01 4.450000e+00
      vertex   -8.112581e+00 2.100477e+01 4.450000e+00
    endloop
  endfacet
  facet normal 1.562502e-01 -9.877175e-01 4.561684e-05
    outer loop
      vertex   -8.230219e+00 2.098626e+01 6.398216e+00
      vertex   -8.112581e+00 2.100477e+01 4.450000e+00
      vertex   -8.110902e+00 2.100513e+01 6.398216e+00
    endloop
  endfacet
  facet normal 2.570165e-01 -9.664070e-01 -4.512439e-05
    outer loop
      vertex   -8.110902e+00 2.100513e+01 6.398216e+00
      vertex   -8.112581e+00 2.100477e+01 4.450000e+00
      vertex   -7.997080e+00 2.103549e+01 4.450000e+00
    endloop
  endfacet
  facet normal 2.588190e-01 -9.659258e-01 6.768658e-05
    outer loop
      vertex   -8.110902e+00 2.100513e+01 6.398216e+00
      vertex   -7.997080e+00 2.103549e+01 4.450000e+00
      vertex   -7.994630e+00 2.103629e+01 6.398216e+00
    endloop
  endfacet
  facet normal 3.559283e-01 -9.345133e-01 -6.719411e-05
    outer loop
      vertex   -7.994630e+00 2.103629e+01 6.398216e+00
      vertex   -7.997080e+00 2.103549e+01 4.450000e+00
      vertex   -7.885391e+00 2.107803e+01 4.450000e+00
    endloop
  endfacet
  facet normal 3.583679e-01 -9.335804e-01 8.959213e-05
    outer loop
      vertex   -7.994630e+00 2.103629e+01 6.398216e+00
      vertex   -7.885391e+00 2.107803e+01 4.450000e+00
      vertex   -7.882253e+00 2.107942e+01 6.398216e+00
    endloop
  endfacet
  facet normal 4.509957e-01 -8.925261e-01 -8.893549e-05
    outer loop
      vertex   -7.882253e+00 2.107942e+01 6.398216e+00
      vertex   -7.885391e+00 2.107803e+01 4.450000e+00
      vertex   -7.778720e+00 2.113193e+01 4.450000e+00
    endloop
  endfacet
  facet normal 4.539905e-01 -8.910065e-01 1.111693e-04
    outer loop
      vertex   -7.882253e+00 2.107942e+01 6.398216e+00
      vertex   -7.778720e+00 2.113193e+01 4.450000e+00
      vertex   -7.775000e+00 2.113407e+01 6.398216e+00
    endloop
  endfacet
  facet normal 5.411921e-01 -8.408990e-01 -1.103485e-04
    outer loop
      vertex   -7.775000e+00 2.113407e+01 6.398216e+00
      vertex   -7.778720e+00 2.113193e+01 4.450000e+00
      vertex   -7.678220e+00 2.119661e+01 4.450000e+00
    endloop
  endfacet
  facet normal 5.446390e-01 -8.386706e-01 1.324182e-04
    outer loop
      vertex   -7.775000e+00 2.113407e+01 6.398216e+00
      vertex   -7.678220e+00 2.119661e+01 4.450000e+00
      vertex   -7.674047e+00 2.119963e+01 6.398216e+00
    endloop
  endfacet
  facet normal 6.255432e-01 -7.801895e-01 -1.314332e-04
    outer loop
      vertex   -7.674047e+00 2.119963e+01 6.398216e+00
      vertex   -7.678220e+00 2.119661e+01 4.450000e+00
      vertex   -7.584975e+00 2.127138e+01 4.450000e+00
    endloop
  endfacet
  facet normal 6.293204e-01 -7.771460e-01 1.533387e-04
    outer loop
      vertex   -7.674047e+00 2.119963e+01 6.398216e+00
      vertex   -7.584975e+00 2.127138e+01 4.450000e+00
      vertex   -7.580500e+00 2.127538e+01 6.398216e+00
    endloop
  endfacet
  facet normal 7.031380e-01 -7.110534e-01 -1.521895e-04
    outer loop
      vertex   -7.580500e+00 2.127538e+01 6.398216e+00
      vertex   -7.584975e+00 2.127138e+01 4.450000e+00
      vertex   -7.499993e+00 2.135541e+01 4.450000e+00
    endloop
  endfacet
  facet normal 7.071068e-01 -7.071068e-01 1.739308e-04
    outer loop
      vertex   -7.580500e+00 2.127538e+01 6.398216e+00
      vertex   -7.499993e+00 2.135541e+01 4.450000e+00
      vertex   -7.495383e+00 2.136050e+01 6.398216e+00
    endloop
  endfacet
  facet normal 7.731384e-01 -6.342374e-01 -1.726174e-04
    outer loop
      vertex   -7.495383e+00 2.136050e+01 6.398216e+00
      vertex   -7.499993e+00 2.135541e+01 4.450000e+00
      vertex   -7.424191e+00 2.144781e+01 4.450000e+00
    endloop
  endfacet
  facet normal 7.771459e-01 -6.293204e-01 1.941945e-04
    outer loop
      vertex   -7.495383e+00 2.136050e+01 6.398216e+00
      vertex   -7.424191e+00 2.144781e+01 4.450000e+00
      vertex   -7.419630e+00 2.145405e+01 6.398216e+00
    endloop
  endfacet
  facet normal 8.347882e-01 -5.505711e-01 -1.927169e-04
    outer loop
      vertex   -7.419630e+00 2.145405e+01 6.398216e+00
      vertex   -7.424191e+00 2.144781e+01 4.450000e+00
      vertex   -7.358390e+00 2.154758e+01 4.450000e+00
    endloop
  endfacet
  facet normal 8.386705e-01 -5.446390e-01 2.141298e-04
    outer loop
      vertex   -7.419630e+00 2.145405e+01 6.398216e+00
      vertex   -7.358390e+00 2.154758e+01 4.450000e+00
      vertex   -7.354071e+00 2.155500e+01 6.398216e+00
    endloop
  endfacet
  facet normal 8.874218e-01 -4.609583e-01 -2.124880e-04
    outer loop
      vertex   -7.354071e+00 2.155500e+01 6.398216e+00
      vertex   -7.358390e+00 2.154758e+01 4.450000e+00
      vertex   -7.303298e+00 2.165364e+01 4.450000e+00
    endloop
  endfacet
  facet normal 8.910065e-01 -4.539905e-01 2.337367e-04
    outer loop
      vertex   -7.354071e+00 2.155500e+01 6.398216e+00
      vertex   -7.303298e+00 2.165364e+01 4.450000e+00
      vertex   -7.299423e+00 2.166225e+01 6.398216e+00
    endloop
  endfacet
  facet normal 9.304705e-01 -3.663668e-01 -2.319307e-04
    outer loop
      vertex   -7.299423e+00 2.166225e+01 6.398216e+00
      vertex   -7.303298e+00 2.165364e+01 4.450000e+00
      vertex   -7.259511e+00 2.176485e+01 4.450000e+00
    endloop
  endfacet
  facet normal 9.335804e-01 -3.583679e-01 2.530152e-04
    outer loop
      vertex   -7.299423e+00 2.166225e+01 6.398216e+00
      vertex   -7.259511e+00 2.176485e+01 4.450000e+00
      vertex   -7.256285e+00 2.177463e+01 6.398216e+00
    endloop
  endfacet
  facet normal 9.634694e-01 -2.678182e-01 -2.510450e-04
    outer loop
      vertex   -7.256285e+00 2.177463e+01 6.398216e+00
      vertex   -7.259511e+00 2.176485e+01 4.450000e+00
      vertex   -7.227503e+00 2.188000e+01 4.450000e+00
    endloop
  endfacet
  facet normal 9.646590e-01 -2.635015e-01 0.000000e+00
    outer loop
      vertex   -7.256285e+00 2.177463e+01 6.398216e+00
      vertex   -7.227503e+00 2.188000e+01 4.450000e+00
      vertex   -7.227503e+00 2.188000e+01 6.750000e+00
    endloop
  endfacet
  facet normal 9.846719e-01 -1.744162e-01 -5.388695e-04
    outer loop
      vertex   -7.209926e+00 2.197923e+01 6.750000e+00
      vertex   -7.218471e+00 2.192637e+01 8.245872e+00
      vertex   -7.227503e+00 2.188000e+01 6.750000e+00
    endloop
  endfacet
  facet normal 9.747667e-01 -2.232236e-01 1.033841e-03
    outer loop
      vertex   -7.227503e+00 2.188000e+01 6.750000e+00
      vertex   -7.218471e+00 2.192637e+01 8.245872e+00
      vertex   -7.243633e+00 2.181658e+01 8.264171e+00
    endloop
  endfacet
  facet normal 9.652234e-01 -2.614255e-01 -6.679987e-04
    outer loop
      vertex   -7.227503e+00 2.188000e+01 6.750000e+00
      vertex   -7.243633e+00 2.181658e+01 8.264171e+00
      vertex   -7.256285e+00 2.177463e+01 6.398216e+00
    endloop
  endfacet
  facet normal 9.478495e-01 -3.187175e-01 7.376763e-04
    outer loop
      vertex   -7.256285e+00 2.177463e+01 6.398216e+00
      vertex   -7.243633e+00 2.181658e+01 8.264171e+00
      vertex   -7.279715e+00 2.170931e+01 8.280287e+00
    endloop
  endfacet
  facet normal 9.335801e-01 -3.583678e-01 -8.161698e-04
    outer loop
      vertex   -7.256285e+00 2.177463e+01 6.398216e+00
      vertex   -7.279715e+00 2.170931e+01 8.280287e+00
      vertex   -7.299423e+00 2.166225e+01 6.398216e+00
    endloop
  endfacet
  facet normal 9.106195e-01 -4.132452e-01 7.962434e-04
    outer loop
      vertex   -7.299423e+00 2.166225e+01 6.398216e+00
      vertex   -7.279715e+00 2.170931e+01 8.280287e+00
      vertex   -7.326677e+00 2.160585e+01 8.294155e+00
    endloop
  endfacet
  facet normal 8.910063e-01 -4.539904e-01 -6.978665e-04
    outer loop
      vertex   -7.299423e+00 2.166225e+01 6.398216e+00
      vertex   -7.326677e+00 2.160585e+01 8.294155e+00
      vertex   -7.354071e+00 2.155500e+01 6.398216e+00
    endloop
  endfacet
  facet normal 8.647061e-01 -5.022773e-01 9.771827e-04
    outer loop
      vertex   -7.354071e+00 2.155500e+01 6.398216e+00
      vertex   -7.326677e+00 2.160585e+01 8.294155e+00
      vertex   -7.383925e+00 2.150732e+01 8.305922e+00
    endloop
  endfacet
  facet normal 8.386705e-01 -5.446390e-01 -4.891294e-04
    outer loop
      vertex   -7.354071e+00 2.155500e+01 6.398216e+00
      vertex   -7.383925e+00 2.150732e+01 8.305922e+00
      vertex   -7.419630e+00 2.145405e+01 6.398216e+00
    endloop
  endfacet
  facet normal 8.113143e-01 -5.846091e-01 1.138947e-03
    outer loop
      vertex   -7.419630e+00 2.145405e+01 6.398216e+00
      vertex   -7.383925e+00 2.150732e+01 8.305922e+00
      vertex   -7.450730e+00 2.141462e+01 8.315760e+00
    endloop
  endfacet
  facet normal 7.771459e-01 -6.293204e-01 -3.344497e-04
    outer loop
      vertex   -7.419630e+00 2.145405e+01 6.398216e+00
      vertex   -7.450730e+00 2.141462e+01 8.315760e+00
      vertex   -7.495383e+00 2.136050e+01 6.398216e+00
    endloop
  endfacet
  facet normal 7.507153e-01 -6.606248e-01 1.164617e-03
    outer loop
      vertex   -7.495383e+00 2.136050e+01 6.398216e+00
      vertex   -7.450730e+00 2.141462e+01 8.315760e+00
      vertex   -7.526362e+00 2.132869e+01 8.323836e+00
    endloop
  endfacet
  facet normal 7.071067e-01 -7.071067e-01 -3.047455e-04
    outer loop
      vertex   -7.495383e+00 2.136050e+01 6.398216e+00
      vertex   -7.526362e+00 2.132869e+01 8.323836e+00
      vertex   -7.580500e+00 2.127538e+01 6.398216e+00
    endloop
  endfacet
  facet normal 6.828547e-01 -7.305535e-01 1.026178e-03
    outer loop
      vertex   -7.580500e+00 2.127538e+01 6.398216e+00
      vertex   -7.526362e+00 2.132869e+01 8.323836e+00
      vertex   -7.610091e+00 2.125044e+01 8.330321e+00
    endloop
  endfacet
  facet normal 6.293203e-01 -7.771459e-01 -3.953029e-04
    outer loop
      vertex   -7.580500e+00 2.127538e+01 6.398216e+00
      vertex   -7.610091e+00 2.125044e+01 8.330321e+00
      vertex   -7.674047e+00 2.119963e+01 6.398216e+00
    endloop
  endfacet
  facet normal 6.074476e-01 -7.943594e-01 7.813687e-04
    outer loop
      vertex   -7.674047e+00 2.119963e+01 6.398216e+00
      vertex   -7.610091e+00 2.125044e+01 8.330321e+00
      vertex   -7.701189e+00 2.118078e+01 8.335384e+00
    endloop
  endfacet
  facet normal 5.446390e-01 -8.386705e-01 -5.298514e-04
    outer loop
      vertex   -7.674047e+00 2.119963e+01 6.398216e+00
      vertex   -7.701189e+00 2.118078e+01 8.335384e+00
      vertex   -7.775000e+00 2.113407e+01 6.398216e+00
    endloop
  endfacet
  facet normal 5.241006e-01 -8.516562e-01 5.658213e-04
    outer loop
      vertex   -7.775000e+00 2.113407e+01 6.398216e+00
      vertex   -7.701189e+00 2.118078e+01 8.335384e+00
      vertex   -7.798926e+00 2.112064e+01 8.339193e+00
    endloop
  endfacet
  facet normal 4.539904e-01 -8.910064e-01 -5.707666e-04
    outer loop
      vertex   -7.775000e+00 2.113407e+01 6.398216e+00
      vertex   -7.798926e+00 2.112064e+01 8.339193e+00
      vertex   -7.882253e+00 2.107942e+01 6.398216e+00
    endloop
  endfacet
  facet normal 4.333572e-01 -9.012221e-01 5.319434e-04
    outer loop
      vertex   -7.882253e+00 2.107942e+01 6.398216e+00
      vertex   -7.798926e+00 2.112064e+01 8.339193e+00
      vertex   -7.902390e+00 2.107089e+01 8.342025e+00
    endloop
  endfacet
  facet normal 3.583679e-01 -9.335804e-01 -3.870324e-04
    outer loop
      vertex   -7.882253e+00 2.107942e+01 6.398216e+00
      vertex   -7.902390e+00 2.107089e+01 8.342025e+00
      vertex   -7.994630e+00 2.103629e+01 6.398216e+00
    endloop
  endfacet
  facet normal 3.395568e-01 -9.405853e-01 6.303108e-04
    outer loop
      vertex   -7.994630e+00 2.103629e+01 6.398216e+00
      vertex   -7.902390e+00 2.107089e+01 8.342025e+00
      vertex   -8.010369e+00 2.103191e+01 8.344114e+00
    endloop
  endfacet
  facet normal 2.588190e-01 -9.659258e-01 -7.972029e-05
    outer loop
      vertex   -7.994630e+00 2.103629e+01 6.398216e+00
      vertex   -8.010369e+00 2.103191e+01 8.344114e+00
      vertex   -8.110902e+00 2.100513e+01 6.398216e+00
    endloop
  endfacet
  facet normal 2.445183e-01 -9.696444e-01 7.102795e-04
    outer loop
      vertex   -8.110902e+00 2.100513e+01 6.398216e+00
      vertex   -8.010369e+00 2.103191e+01 8.344114e+00
      vertex   -8.121731e+00 2.100383e+01 8.345511e+00
    endloop
  endfacet
  facet normal 1.562502e-01 -9.877175e-01 2.072792e-04
    outer loop
      vertex   -8.110902e+00 2.100513e+01 6.398216e+00
      vertex   -8.121731e+00 2.100383e+01 8.345511e+00
      vertex   -8.230219e+00 2.098626e+01 6.398216e+00
    endloop
  endfacet
  facet normal 1.484614e-01 -9.889180e-01 6.520398e-04
    outer loop
      vertex   -8.230219e+00 2.098626e+01 6.398216e+00
      vertex   -8.121731e+00 2.100383e+01 8.345511e+00
      vertex   -8.235346e+00 2.098677e+01 8.346267e+00
    endloop
  endfacet
  facet normal 5.213144e-02 -9.986402e-01 4.010736e-04
    outer loop
      vertex   -8.230219e+00 2.098626e+01 6.398216e+00
      vertex   -8.235346e+00 2.098677e+01 8.346267e+00
      vertex   -8.350042e+00 2.098000e+01 6.398216e+00
    endloop
  endfacet
  facet normal 5.138041e-02 -9.986791e-01 4.454272e-04
    outer loop
      vertex   -8.350042e+00 2.098000e+01 6.398216e+00
      vertex   -8.235346e+00 2.098677e+01 8.346267e+00
      vertex   -8.350084e+00 2.098087e+01 8.346433e+00
    endloop
  endfacet
  facet normal -4.682027e-02 -9.989032e-01 4.434161e-04
    outer loop
      vertex   -8.350042e+00 2.098000e+01 6.398216e+00
      vertex   -8.350084e+00 2.098087e+01 8.346433e+00
      vertex   -8.464814e+00 2.098624e+01 8.346059e+00
    endloop
  endfacet
  facet normal 9.918371e-01 -1.275065e-01 1.159710e-03
    outer loop
      vertex   -7.218471e+00 2.192637e+01 8.245872e+00
      vertex   -7.209926e+00 2.197923e+01 6.750000e+00
      vertex   -7.204143e+00 2.203763e+01 8.225568e+00
    endloop
  endfacet
  facet normal 9.961605e-01 -8.754420e-02 -4.390266e-04
    outer loop
      vertex   -7.204143e+00 2.203763e+01 8.225568e+00
      vertex   -7.209926e+00 2.197923e+01 6.750000e+00
      vertex   -7.201104e+00 2.207961e+01 6.750000e+00
    endloop
  endfacet
  facet normal 9.994939e-01 -3.179008e-02 1.154035e-03
    outer loop
      vertex   -7.204143e+00 2.203763e+01 8.225568e+00
      vertex   -7.201104e+00 2.207961e+01 6.750000e+00
      vertex   -7.200565e+00 2.214932e+01 8.203435e+00
    endloop
  endfacet
  facet normal 9.999999e-01 0.000000e+00 -3.709003e-04
    outer loop
      vertex   -7.200565e+00 2.214932e+01 8.203435e+00
      vertex   -7.201104e+00 2.207961e+01 6.750000e+00
      vertex   -7.201104e+00 2.218039e+01 6.750000e+00
    endloop
  endfacet
  facet normal 9.979566e-01 6.388771e-02 9.952092e-04
    outer loop
      vertex   -7.200565e+00 2.214932e+01 8.203435e+00
      vertex   -7.201104e+00 2.218039e+01 6.750000e+00
      vertex   -7.207652e+00 2.226039e+01 8.179650e+00
    endloop
  endfacet
  facet normal 9.961606e-01 8.754421e-02 -3.368809e-04
    outer loop
      vertex   -7.207652e+00 2.226039e+01 8.179650e+00
      vertex   -7.201104e+00 2.218039e+01 6.750000e+00
      vertex   -7.209926e+00 2.228077e+01 6.750000e+00
    endloop
  endfacet
  facet normal 9.871843e-01 1.595831e-01 7.043142e-04
    outer loop
      vertex   -7.207652e+00 2.226039e+01 8.179650e+00
      vertex   -7.209926e+00 2.228077e+01 6.750000e+00
      vertex   -7.225318e+00 2.236979e+01 8.154390e+00
    endloop
  endfacet
  facet normal 9.846720e-01 1.744162e-01 -2.634100e-04
    outer loop
      vertex   -7.225318e+00 2.236979e+01 8.154390e+00
      vertex   -7.209926e+00 2.228077e+01 6.750000e+00
      vertex   -7.227503e+00 2.238000e+01 6.750000e+00
    endloop
  endfacet
  facet normal 9.669440e-01 2.549885e-01 3.500134e-04
    outer loop
      vertex   -7.225318e+00 2.236979e+01 8.154390e+00
      vertex   -7.227503e+00 2.238000e+01 6.750000e+00
      vertex   -7.253445e+00 2.247648e+01 8.127849e+00
    endloop
  endfacet
  facet normal 9.657020e-01 2.596530e-01 0.000000e+00
    outer loop
      vertex   -7.253445e+00 2.247648e+01 8.127849e+00
      vertex   -7.227503e+00 2.238000e+01 6.750000e+00
      vertex   -7.227503e+00 2.238000e+01 4.450000e+00
    endloop
  endfacet
  facet normal 9.636646e-01 2.671150e-01 -2.101278e-04
    outer loop
      vertex   -7.253445e+00 2.247648e+01 8.127849e+00
      vertex   -7.227503e+00 2.238000e+01 4.450000e+00
      vertex   -7.256285e+00 2.248537e+01 6.398216e+00
    endloop
  endfacet
  facet normal 9.634694e-01 2.678182e-01 -2.510450e-04
    outer loop
      vertex   -7.256285e+00 2.248537e+01 6.398216e+00
      vertex   -7.227503e+00 2.238000e+01 4.450000e+00
      vertex   -7.259511e+00 2.249515e+01 4.450000e+00
    endloop
  endfacet
  facet normal 9.335804e-01 3.583679e-01 2.530152e-04
    outer loop
      vertex   -7.256285e+00 2.248537e+01 6.398216e+00
      vertex   -7.259511e+00 2.249515e+01 4.450000e+00
      vertex   -7.299423e+00 2.259775e+01 6.398216e+00
    endloop
  endfacet
  facet normal 9.304705e-01 3.663668e-01 -2.319307e-04
    outer loop
      vertex   -7.299423e+00 2.259775e+01 6.398216e+00
      vertex   -7.259511e+00 2.249515e+01 4.450000e+00
      vertex   -7.303298e+00 2.260636e+01 4.450000e+00
    endloop
  endfacet
  facet normal 8.910065e-01 4.539905e-01 2.337367e-04
    outer loop
      vertex   -7.299423e+00 2.259775e+01 6.398216e+00
      vertex   -7.303298e+00 2.260636e+01 4.450000e+00
      vertex   -7.354071e+00 2.270500e+01 6.398216e+00
    endloop
  endfacet
  facet normal 8.874218e-01 4.609583e-01 -2.124880e-04
    outer loop
      vertex   -7.354071e+00 2.270500e+01 6.398216e+00
      vertex   -7.303298e+00 2.260636e+01 4.450000e+00
      vertex   -7.358390e+00 2.271242e+01 4.450000e+00
    endloop
  endfacet
  facet normal 8.386705e-01 5.446390e-01 2.141298e-04
    outer loop
      vertex   -7.354071e+00 2.270500e+01 6.398216e+00
      vertex   -7.358390e+00 2.271242e+01 4.450000e+00
      vertex   -7.419630e+00 2.280595e+01 6.398216e+00
    endloop
  endfacet
  facet normal 8.347882e-01 5.505711e-01 -1.927169e-04
    outer loop
      vertex   -7.419630e+00 2.280595e+01 6.398216e+00
      vertex   -7.358390e+00 2.271242e+01 4.450000e+00
      vertex   -7.424191e+00 2.281219e+01 4.450000e+00
    endloop
  endfacet
  facet normal 7.771459e-01 6.293204e-01 1.941945e-04
    outer loop
      vertex   -7.419630e+00 2.280595e+01 6.398216e+00
      vertex   -7.424191e+00 2.281219e+01 4.450000e+00
      vertex   -7.495383e+00 2.289950e+01 6.398216e+00
    endloop
  endfacet
  facet normal 7.731384e-01 6.342374e-01 -1.726174e-04
    outer loop
      vertex   -7.495383e+00 2.289950e+01 6.398216e+00
      vertex   -7.424191e+00 2.281219e+01 4.450000e+00
      vertex   -7.499993e+00 2.290459e+01 4.450000e+00
    endloop
  endfacet
  facet normal 7.071068e-01 7.071068e-01 1.739308e-04
    outer loop
      vertex   -7.495383e+00 2.289950e+01 6.398216e+00
      vertex   -7.499993e+00 2.290459e+01 4.450000e+00
      vertex   -7.580500e+00 2.298462e+01 6.398216e+00
    endloop
  endfacet
  facet normal 7.031380e-01 7.110534e-01 -1.521895e-04
    outer loop
      vertex   -7.580500e+00 2.298462e+01 6.398216e+00
      vertex   -7.499993e+00 2.290459e+01 4.450000e+00
      vertex   -7.584975e+00 2.298862e+01 4.450000e+00
    endloop
  endfacet
  facet normal 6.293204e-01 7.771460e-01 1.533387e-04
    outer loop
      vertex   -7.580500e+00 2.298462e+01 6.398216e+00
      vertex   -7.584975e+00 2.298862e+01 4.450000e+00
      vertex   -7.674047e+00 2.306037e+01 6.398216e+00
    endloop
  endfacet
  facet normal 6.255432e-01 7.801895e-01 -1.314332e-04
    outer loop
      vertex   -7.674047e+00 2.306037e+01 6.398216e+00
      vertex   -7.584975e+00 2.298862e+01 4.450000e+00
      vertex   -7.678220e+00 2.306339e+01 4.450000e+00
    endloop
  endfacet
  facet normal 5.446390e-01 8.386706e-01 1.324182e-04
    outer loop
      vertex   -7.674047e+00 2.306037e+01 6.398216e+00
      vertex   -7.678220e+00 2.306339e+01 4.450000e+00
      vertex   -7.775000e+00 2.312593e+01 6.398216e+00
    endloop
  endfacet
  facet normal 5.411921e-01 8.408990e-01 -1.103485e-04
    outer loop
      vertex   -7.775000e+00 2.312593e+01 6.398216e+00
      vertex   -7.678220e+00 2.306339e+01 4.450000e+00
      vertex   -7.778720e+00 2.312807e+01 4.450000e+00
    endloop
  endfacet
  facet normal 4.539905e-01 8.910065e-01 1.111693e-04
    outer loop
      vertex   -7.775000e+00 2.312593e+01 6.398216e+00
      vertex   -7.778720e+00 2.312807e+01 4.450000e+00
      vertex   -7.882253e+00 2.318058e+01 6.398216e+00
    endloop
  endfacet
  facet normal 4.509957e-01 8.925261e-01 -8.893549e-05
    outer loop
      vertex   -7.882253e+00 2.318058e+01 6.398216e+00
      vertex   -7.778720e+00 2.312807e+01 4.450000e+00
      vertex   -7.885391e+00 2.318197e+01 4.450000e+00
    endloop
  endfacet
  facet normal 3.583679e-01 9.335804e-01 8.959213e-05
    outer loop
      vertex   -7.882253e+00 2.318058e+01 6.398216e+00
      vertex   -7.885391e+00 2.318197e+01 4.450000e+00
      vertex   -7.994630e+00 2.322371e+01 6.398216e+00
    endloop
  endfacet
  facet normal 3.559283e-01 9.345133e-01 -6.719411e-05
    outer loop
      vertex   -7.994630e+00 2.322371e+01 6.398216e+00
      vertex   -7.885391e+00 2.318197e+01 4.450000e+00
      vertex   -7.997080e+00 2.322451e+01 4.450000e+00
    endloop
  endfacet
  facet normal 2.588190e-01 9.659258e-01 6.768658e-05
    outer loop
      vertex   -7.994630e+00 2.322371e+01 6.398216e+00
      vertex   -7.997080e+00 2.322451e+01 4.450000e+00
      vertex   -8.110902e+00 2.325487e+01 6.398216e+00
    endloop
  endfacet
  facet normal 2.570165e-01 9.664070e-01 -4.512439e-05
    outer loop
      vertex   -8.110902e+00 2.325487e+01 6.398216e+00
      vertex   -7.997080e+00 2.322451e+01 4.450000e+00
      vertex   -8.112581e+00 2.325523e+01 4.450000e+00
    endloop
  endfacet
  facet normal 1.562759e-01 9.877134e-01 4.559397e-05
    outer loop
      vertex   -8.110902e+00 2.325487e+01 6.398216e+00
      vertex   -8.112581e+00 2.325523e+01 4.450000e+00
      vertex   -8.230160e+00 2.327374e+01 6.398216e+00
    endloop
  endfacet
  facet normal 1.553287e-01 9.878628e-01 -1.298705e-05
    outer loop
      vertex   -8.230160e+00 2.327374e+01 6.398216e+00
      vertex   -8.112581e+00 2.325523e+01 4.450000e+00
      vertex   -8.230646e+00 2.327379e+01 4.450000e+00
    endloop
  endfacet
  facet normal 5.217561e-02 9.986379e-01 1.304032e-05
    outer loop
      vertex   -8.230160e+00 2.327374e+01 6.398216e+00
      vertex   -8.230646e+00 2.327379e+01 4.450000e+00
      vertex   -8.350000e+00 2.328000e+01 6.398216e+00
    endloop
  endfacet
  facet normal 5.196333e-02 9.986490e-01 0.000000e+00
    outer loop
      vertex   -8.350000e+00 2.328000e+01 6.398216e+00
      vertex   -8.230646e+00 2.327379e+01 4.450000e+00
      vertex   -8.350000e+00 2.328000e+01 4.450000e+00
    endloop
  endfacet
  facet normal -5.196333e-02 9.986490e-01 0.000000e+00
    outer loop
      vertex   -8.350000e+00 2.328000e+01 6.398216e+00
      vertex   -8.350000e+00 2.328000e+01 4.450000e+00
      vertex   -8.469354e+00 2.327379e+01 4.450000e+00
    endloop
  endfacet
  facet normal -5.217561e-02 9.986379e-01 1.304029e-05
    outer loop
      vertex   -8.350000e+00 2.328000e+01 6.398216e+00
      vertex   -8.469354e+00 2.327379e+01 4.450000e+00
      vertex   -8.469840e+00 2.327374e+01 6.398216e+00
    endloop
  endfacet
  facet normal -1.553287e-01 9.878628e-01 -1.298702e-05
    outer loop
      vertex   -8.469840e+00 2.327374e+01 6.398216e+00
      vertex   -8.469354e+00 2.327379e+01 4.450000e+00
      vertex   -8.587419e+00 2.325523e+01 4.450000e+00
    endloop
  endfacet
  facet normal -1.562759e-01 9.877134e-01 4.559397e-05
    outer loop
      vertex   -8.469840e+00 2.327374e+01 6.398216e+00
      vertex   -8.587419e+00 2.325523e+01 4.450000e+00
      vertex   -8.589098e+00 2.325487e+01 6.398216e+00
    endloop
  endfacet
  facet normal -2.570165e-01 9.664070e-01 -4.512439e-05
    outer loop
      vertex   -8.589098e+00 2.325487e+01 6.398216e+00
      vertex   -8.587419e+00 2.325523e+01 4.450000e+00
      vertex   -8.702920e+00 2.322451e+01 4.450000e+00
    endloop
  endfacet
  facet normal -2.588190e-01 9.659258e-01 6.768658e-05
    outer loop
      vertex   -8.589098e+00 2.325487e+01 6.398216e+00
      vertex   -8.702920e+00 2.322451e+01 4.450000e+00
      vertex   -8.705370e+00 2.322371e+01 6.398216e+00
    endloop
  endfacet
  facet normal -3.559283e-01 9.345133e-01 -6.719411e-05
    outer loop
      vertex   -8.705370e+00 2.322371e+01 6.398216e+00
      vertex   -8.702920e+00 2.322451e+01 4.450000e+00
      vertex   -8.814609e+00 2.318197e+01 4.450000e+00
    endloop
  endfacet
  facet normal -3.583679e-01 9.335804e-01 8.959213e-05
    outer loop
      vertex   -8.705370e+00 2.322371e+01 6.398216e+00
      vertex   -8.814609e+00 2.318197e+01 4.450000e+00
      vertex   -8.817747e+00 2.318058e+01 6.398216e+00
    endloop
  endfacet
  facet normal -4.509957e-01 8.925261e-01 -8.893549e-05
    outer loop
      vertex   -8.817747e+00 2.318058e+01 6.398216e+00
      vertex   -8.814609e+00 2.318197e+01 4.450000e+00
      vertex   -8.921280e+00 2.312807e+01 4.450000e+00
    endloop
  endfacet
  facet normal -4.539905e-01 8.910065e-01 1.111693e-04
    outer loop
      vertex   -8.817747e+00 2.318058e+01 6.398216e+00
      vertex   -8.921280e+00 2.312807e+01 4.450000e+00
      vertex   -8.925000e+00 2.312593e+01 6.398216e+00
    endloop
  endfacet
  facet normal -5.411921e-01 8.408990e-01 -1.103485e-04
    outer loop
      vertex   -8.925000e+00 2.312593e+01 6.398216e+00
      vertex   -8.921280e+00 2.312807e+01 4.450000e+00
      vertex   -9.021780e+00 2.306339e+01 4.450000e+00
    endloop
  endfacet
  facet normal -5.446390e-01 8.386706e-01 1.324182e-04
    outer loop
      vertex   -8.925000e+00 2.312593e+01 6.398216e+00
      vertex   -9.021780e+00 2.306339e+01 4.450000e+00
      vertex   -9.025953e+00 2.306037e+01 6.398216e+00
    endloop
  endfacet
  facet normal -6.255432e-01 7.801895e-01 -1.314332e-04
    outer loop
      vertex   -9.025953e+00 2.306037e+01 6.398216e+00
      vertex   -9.021780e+00 2.306339e+01 4.450000e+00
      vertex   -9.115025e+00 2.298862e+01 4.450000e+00
    endloop
  endfacet
  facet normal -6.293204e-01 7.771460e-01 1.533387e-04
    outer loop
      vertex   -9.025953e+00 2.306037e+01 6.398216e+00
      vertex   -9.115025e+00 2.298862e+01 4.450000e+00
      vertex   -9.119500e+00 2.298462e+01 6.398216e+00
    endloop
  endfacet
  facet normal -7.031380e-01 7.110534e-01 -1.521895e-04
    outer loop
      vertex   -9.119500e+00 2.298462e+01 6.398216e+00
      vertex   -9.115025e+00 2.298862e+01 4.450000e+00
      vertex   -9.200007e+00 2.290459e+01 4.450000e+00
    endloop
  endfacet
  facet normal -7.071068e-01 7.071068e-01 1.739308e-04
    outer loop
      vertex   -9.119500e+00 2.298462e+01 6.398216e+00
      vertex   -9.200007e+00 2.290459e+01 4.450000e+00
      vertex   -9.204617e+00 2.289950e+01 6.398216e+00
    endloop
  endfacet
  facet normal -7.731384e-01 6.342374e-01 -1.726174e-04
    outer loop
      vertex   -9.204617e+00 2.289950e+01 6.398216e+00
      vertex   -9.200007e+00 2.290459e+01 4.450000e+00
      vertex   -9.275809e+00 2.281219e+01 4.450000e+00
    endloop
  endfacet
  facet normal -7.771459e-01 6.293204e-01 1.941945e-04
    outer loop
      vertex   -9.204617e+00 2.289950e+01 6.398216e+00
      vertex   -9.275809e+00 2.281219e+01 4.450000e+00
      vertex   -9.280370e+00 2.280595e+01 6.398216e+00
    endloop
  endfacet
  facet normal -8.347882e-01 5.505711e-01 -1.927169e-04
    outer loop
      vertex   -9.280370e+00 2.280595e+01 6.398216e+00
      vertex   -9.275809e+00 2.281219e+01 4.450000e+00
      vertex   -9.341610e+00 2.271242e+01 4.450000e+00
    endloop
  endfacet
  facet normal -8.386705e-01 5.446390e-01 2.141298e-04
    outer loop
      vertex   -9.280370e+00 2.280595e+01 6.398216e+00
      vertex   -9.341610e+00 2.271242e+01 4.450000e+00
      vertex   -9.345929e+00 2.270500e+01 6.398216e+00
    endloop
  endfacet
  facet normal -8.874218e-01 4.609583e-01 -2.124880e-04
    outer loop
      vertex   -9.345929e+00 2.270500e+01 6.398216e+00
      vertex   -9.341610e+00 2.271242e+01 4.450000e+00
      vertex   -9.396702e+00 2.260636e+01 4.450000e+00
    endloop
  endfacet
  facet normal -8.910065e-01 4.539905e-01 2.337367e-04
    outer loop
      vertex   -9.345929e+00 2.270500e+01 6.398216e+00
      vertex   -9.396702e+00 2.260636e+01 4.450000e+00
      vertex   -9.400577e+00 2.259775e+01 6.398216e+00
    endloop
  endfacet
  facet normal -9.304705e-01 3.663668e-01 -2.319307e-04
    outer loop
      vertex   -9.400577e+00 2.259775e+01 6.398216e+00
      vertex   -9.396702e+00 2.260636e+01 4.450000e+00
      vertex   -9.440489e+00 2.249515e+01 4.450000e+00
    endloop
  endfacet
  facet normal -9.335804e-01 3.583679e-01 2.530152e-04
    outer loop
      vertex   -9.400577e+00 2.259775e+01 6.398216e+00
      vertex   -9.440489e+00 2.249515e+01 4.450000e+00
      vertex   -9.443715e+00 2.248537e+01 6.398216e+00
    endloop
  endfacet
  facet normal -9.634694e-01 2.678182e-01 -2.510450e-04
    outer loop
      vertex   -9.443715e+00 2.248537e+01 6.398216e+00
      vertex   -9.440489e+00 2.249515e+01 4.450000e+00
      vertex   -9.472497e+00 2.238000e+01 4.450000e+00
    endloop
  endfacet
  facet normal -9.646590e-01 2.635015e-01 0.000000e+00
    outer loop
      vertex   -9.443715e+00 2.248537e+01 6.398216e+00
      vertex   -9.472497e+00 2.238000e+01 4.450000e+00
      vertex   -9.472497e+00 2.238000e+01 6.750000e+00
    endloop
  endfacet
  facet normal 5.217561e-02 9.986379e-01 -1.705655e-04
    outer loop
      vertex   -8.350000e+00 2.328000e+01 6.398216e+00
      vertex   -8.235278e+00 2.327426e+01 7.869505e+00
      vertex   -8.230160e+00 2.327374e+01 6.398216e+00
    endloop
  endfacet
  facet normal 1.491712e-01 9.888114e-01 1.703668e-04
    outer loop
      vertex   -8.230160e+00 2.327374e+01 6.398216e+00
      vertex   -8.235278e+00 2.327426e+01 7.869505e+00
      vertex   -8.121941e+00 2.325716e+01 7.876216e+00
    endloop
  endfacet
  facet normal 1.562759e-01 9.877134e-01 -3.621515e-04
    outer loop
      vertex   -8.230160e+00 2.327374e+01 6.398216e+00
      vertex   -8.121941e+00 2.325716e+01 7.876216e+00
      vertex   -8.110902e+00 2.325487e+01 6.398216e+00
    endloop
  endfacet
  facet normal 2.468784e-01 9.690464e-01 3.434746e-04
    outer loop
      vertex   -8.110902e+00 2.325487e+01 6.398216e+00
      vertex   -8.121941e+00 2.325716e+01 7.876216e+00
      vertex   -8.011352e+00 2.322898e+01 7.887167e+00
    endloop
  endfacet
  facet normal 2.588190e-01 9.659257e-01 -5.091222e-04
    outer loop
      vertex   -8.110902e+00 2.325487e+01 6.398216e+00
      vertex   -8.011352e+00 2.322898e+01 7.887167e+00
      vertex   -7.994630e+00 2.322371e+01 6.398216e+00
    endloop
  endfacet
  facet normal 3.411464e-01 9.400101e-01 5.070899e-04
    outer loop
      vertex   -7.994630e+00 2.322371e+01 6.398216e+00
      vertex   -8.011352e+00 2.322898e+01 7.887167e+00
      vertex   -7.904658e+00 2.319025e+01 7.901965e+00
    endloop
  endfacet
  facet normal 3.583679e-01 9.335802e-01 -6.663962e-04
    outer loop
      vertex   -7.994630e+00 2.322371e+01 6.398216e+00
      vertex   -7.904658e+00 2.319025e+01 7.901965e+00
      vertex   -7.882253e+00 2.318058e+01 6.398216e+00
    endloop
  endfacet
  facet normal 4.317923e-01 9.019729e-01 6.309300e-04
    outer loop
      vertex   -7.882253e+00 2.318058e+01 6.398216e+00
      vertex   -7.904658e+00 2.319025e+01 7.901965e+00
      vertex   -7.802942e+00 2.314155e+01 7.920184e+00
    endloop
  endfacet
  facet normal 4.539904e-01 8.910062e-01 -8.070694e-04
    outer loop
      vertex   -7.882253e+00 2.318058e+01 6.398216e+00
      vertex   -7.802942e+00 2.314155e+01 7.920184e+00
      vertex   -7.775000e+00 2.312593e+01 6.398216e+00
    endloop
  endfacet
  facet normal 5.180247e-01 8.553654e-01 7.342508e-04
    outer loop
      vertex   -7.775000e+00 2.312593e+01 6.398216e+00
      vertex   -7.802942e+00 2.314155e+01 7.920184e+00
      vertex   -7.707159e+00 2.308352e+01 7.941331e+00
    endloop
  endfacet
  facet normal 5.446388e-01 8.386702e-01 -8.946423e-04
    outer loop
      vertex   -7.775000e+00 2.312593e+01 6.398216e+00
      vertex   -7.707159e+00 2.308352e+01 7.941331e+00
      vertex   -7.674047e+00 2.306037e+01 6.398216e+00
    endloop
  endfacet
  facet normal 5.983841e-01 8.012090e-01 8.206144e-04
    outer loop
      vertex   -7.674047e+00 2.306037e+01 6.398216e+00
      vertex   -7.707159e+00 2.308352e+01 7.941331e+00
      vertex   -7.617981e+00 2.301689e+01 7.964870e+00
    endloop
  endfacet
  facet normal 6.293201e-01 7.771456e-01 -9.542874e-04
    outer loop
      vertex   -7.674047e+00 2.306037e+01 6.398216e+00
      vertex   -7.617981e+00 2.301689e+01 7.964870e+00
      vertex   -7.580500e+00 2.298462e+01 6.398216e+00
    endloop
  endfacet
  facet normal 6.726588e-01 7.399523e-01 8.488201e-04
    outer loop
      vertex   -7.580500e+00 2.298462e+01 6.398216e+00
      vertex   -7.617981e+00 2.301689e+01 7.964870e+00
      vertex   -7.536045e+00 2.294238e+01 7.990275e+00
    endloop
  endfacet
  facet normal 7.071064e-01 7.071064e-01 -9.844703e-04
    outer loop
      vertex   -7.580500e+00 2.298462e+01 6.398216e+00
      vertex   -7.536045e+00 2.294238e+01 7.990275e+00
      vertex   -7.495383e+00 2.289950e+01 6.398216e+00
    endloop
  endfacet
  facet normal 7.407016e-01 6.718336e-01 8.235480e-04
    outer loop
      vertex   -7.495383e+00 2.289950e+01 6.398216e+00
      vertex   -7.536045e+00 2.294238e+01 7.990275e+00
      vertex   -7.461978e+00 2.286069e+01 8.017014e+00
    endloop
  endfacet
  facet normal 7.771456e-01 6.293201e-01 -9.478485e-04
    outer loop
      vertex   -7.495383e+00 2.289950e+01 6.398216e+00
      vertex   -7.461978e+00 2.286069e+01 8.017014e+00
      vertex   -7.419630e+00 2.280595e+01 6.398216e+00
    endloop
  endfacet
  facet normal 8.017592e-01 5.976467e-01 7.669552e-04
    outer loop
      vertex   -7.419630e+00 2.280595e+01 6.398216e+00
      vertex   -7.461978e+00 2.286069e+01 8.017014e+00
      vertex   -7.396276e+00 2.277251e+01 8.044570e+00
    endloop
  endfacet
  facet normal 8.386703e-01 5.446388e-01 -8.334403e-04
    outer loop
      vertex   -7.419630e+00 2.280595e+01 6.398216e+00
      vertex   -7.396276e+00 2.277251e+01 8.044570e+00
      vertex   -7.354071e+00 2.270500e+01 6.398216e+00
    endloop
  endfacet
  facet normal 8.550864e-01 5.184852e-01 6.598359e-04
    outer loop
      vertex   -7.354071e+00 2.270500e+01 6.398216e+00
      vertex   -7.396276e+00 2.277251e+01 8.044570e+00
      vertex   -7.339347e+00 2.267859e+01 8.072511e+00
    endloop
  endfacet
  facet normal 8.910063e-01 4.539904e-01 -6.735369e-04
    outer loop
      vertex   -7.354071e+00 2.270500e+01 6.398216e+00
      vertex   -7.339347e+00 2.267859e+01 8.072511e+00
      vertex   -7.299423e+00 2.259775e+01 6.398216e+00
    endloop
  endfacet
  facet normal 9.005325e-01 4.347884e-01 4.807359e-04
    outer loop
      vertex   -7.299423e+00 2.259775e+01 6.398216e+00
      vertex   -7.339347e+00 2.267859e+01 8.072511e+00
      vertex   -7.291600e+00 2.257966e+01 8.100412e+00
    endloop
  endfacet
  facet normal 9.335803e-01 3.583679e-01 -4.830781e-04
    outer loop
      vertex   -7.299423e+00 2.259775e+01 6.398216e+00
      vertex   -7.291600e+00 2.257966e+01 8.100412e+00
      vertex   -7.256285e+00 2.248537e+01 6.398216e+00
    endloop
  endfacet
  facet normal 9.379033e-01 3.468969e-01 2.420427e-04
    outer loop
      vertex   -7.256285e+00 2.248537e+01 6.398216e+00
      vertex   -7.291600e+00 2.257966e+01 8.100412e+00
      vertex   -7.253445e+00 2.247648e+01 8.127849e+00
    endloop
  endfacet
  facet normal -5.216787e-02 -9.986383e-01 1.274725e-04
    outer loop
      vertex   -8.350042e+00 2.098000e+01 6.398216e+00
      vertex   -8.464814e+00 2.098624e+01 8.346059e+00
      vertex   -8.469781e+00 2.098626e+01 6.398216e+00
    endloop
  endfacet
  facet normal -1.461834e-01 -9.892574e-01 3.672707e-04
    outer loop
      vertex   -8.469781e+00 2.098626e+01 6.398216e+00
      vertex   -8.464814e+00 2.098624e+01 8.346059e+00
      vertex   -8.578406e+00 2.100303e+01 8.345196e+00
    endloop
  endfacet
  facet normal -1.562502e-01 -9.877175e-01 -2.076425e-04
    outer loop
      vertex   -8.469781e+00 2.098626e+01 6.398216e+00
      vertex   -8.578406e+00 2.100303e+01 8.345196e+00
      vertex   -8.589098e+00 2.100513e+01 6.398216e+00
    endloop
  endfacet
  facet normal -2.465735e-01 -9.691240e-01 3.084548e-04
    outer loop
      vertex   -8.589098e+00 2.100513e+01 6.398216e+00
      vertex   -8.578406e+00 2.100303e+01 8.345196e+00
      vertex   -8.689714e+00 2.103135e+01 8.343887e+00
    endloop
  endfacet
  facet normal -2.588190e-01 -9.659258e-01 -3.678923e-04
    outer loop
      vertex   -8.589098e+00 2.100513e+01 6.398216e+00
      vertex   -8.689714e+00 2.103135e+01 8.343887e+00
      vertex   -8.705370e+00 2.103629e+01 6.398216e+00
    endloop
  endfacet
  facet normal -3.460699e-01 -9.382087e-01 4.044530e-04
    outer loop
      vertex   -8.705370e+00 2.103629e+01 6.398216e+00
      vertex   -8.689714e+00 2.103135e+01 8.343887e+00
      vertex   -8.797400e+00 2.107107e+01 8.341958e+00
    endloop
  endfacet
  facet normal -3.583679e-01 -9.335804e-01 -2.606513e-04
    outer loop
      vertex   -8.705370e+00 2.103629e+01 6.398216e+00
      vertex   -8.797400e+00 2.107107e+01 8.341958e+00
      vertex   -8.817747e+00 2.107942e+01 6.398216e+00
    endloop
  endfacet
  facet normal -4.394586e-01 -8.982626e-01 7.399850e-04
    outer loop
      vertex   -8.817747e+00 2.107942e+01 6.398216e+00
      vertex   -8.797400e+00 2.107107e+01 8.341958e+00
      vertex   -8.900471e+00 2.112149e+01 8.339182e+00
    endloop
  endfacet
  facet normal -4.539905e-01 -8.910065e-01 -3.663752e-05
    outer loop
      vertex   -8.817747e+00 2.107942e+01 6.398216e+00
      vertex   -8.900471e+00 2.112149e+01 8.339182e+00
      vertex   -8.925000e+00 2.113407e+01 6.398216e+00
    endloop
  endfacet
  facet normal -5.260315e-01 -8.504643e-01 1.136514e-03
    outer loop
      vertex   -8.925000e+00 2.113407e+01 6.398216e+00
      vertex   -8.900471e+00 2.112149e+01 8.339182e+00
      vertex   -8.998062e+00 2.118185e+01 8.335372e+00
    endloop
  endfacet
  facet normal -5.446390e-01 -8.386706e-01 1.438285e-04
    outer loop
      vertex   -8.925000e+00 2.113407e+01 6.398216e+00
      vertex   -8.998062e+00 2.118185e+01 8.335372e+00
      vertex   -9.025953e+00 2.119963e+01 6.398216e+00
    endloop
  endfacet
  facet normal -6.061000e-01 -7.953871e-01 1.426045e-03
    outer loop
      vertex   -9.025953e+00 2.119963e+01 6.398216e+00
      vertex   -8.998062e+00 2.118185e+01 8.335372e+00
      vertex   -9.089307e+00 2.125137e+01 8.330340e+00
    endloop
  endfacet
  facet normal -6.293204e-01 -7.771459e-01 1.761734e-04
    outer loop
      vertex   -9.025953e+00 2.119963e+01 6.398216e+00
      vertex   -9.089307e+00 2.125137e+01 8.330340e+00
      vertex   -9.119500e+00 2.127538e+01 6.398216e+00
    endloop
  endfacet
  facet normal -6.799740e-01 -7.332347e-01 1.513468e-03
    outer loop
      vertex   -9.119500e+00 2.127538e+01 6.398216e+00
      vertex   -9.089307e+00 2.125137e+01 8.330340e+00
      vertex   -9.173341e+00 2.132929e+01 8.323896e+00
    endloop
  endfacet
  facet normal -7.071068e-01 -7.071068e-01 2.346618e-05
    outer loop
      vertex   -9.119500e+00 2.127538e+01 6.398216e+00
      vertex   -9.173341e+00 2.132929e+01 8.323896e+00
      vertex   -9.204617e+00 2.136050e+01 6.398216e+00
    endloop
  endfacet
  facet normal -7.478217e-01 -6.638982e-01 1.385059e-03
    outer loop
      vertex   -9.204617e+00 2.136050e+01 6.398216e+00
      vertex   -9.173341e+00 2.132929e+01 8.323896e+00
      vertex   -9.249299e+00 2.141483e+01 8.315852e+00
    endloop
  endfacet
  facet normal -7.771459e-01 -6.293204e-01 -2.778985e-04
    outer loop
      vertex   -9.204617e+00 2.136050e+01 6.398216e+00
      vertex   -9.249299e+00 2.141483e+01 8.315852e+00
      vertex   -9.280370e+00 2.145405e+01 6.398216e+00
    endloop
  endfacet
  facet normal -8.095566e-01 -5.870408e-01 1.111855e-03
    outer loop
      vertex   -9.280370e+00 2.145405e+01 6.398216e+00
      vertex   -9.249299e+00 2.141483e+01 8.315852e+00
      vertex   -9.316315e+00 2.150723e+01 8.306021e+00
    endloop
  endfacet
  facet normal -8.386704e-01 -5.446389e-01 -6.187429e-04
    outer loop
      vertex   -9.280370e+00 2.145405e+01 6.398216e+00
      vertex   -9.316315e+00 2.150723e+01 8.306021e+00
      vertex   -9.345929e+00 2.155500e+01 6.398216e+00
    endloop
  endfacet
  facet normal -8.647457e-01 -5.022093e-01 8.483819e-04
    outer loop
      vertex   -9.345929e+00 2.155500e+01 6.398216e+00
      vertex   -9.316315e+00 2.150723e+01 8.306021e+00
      vertex   -9.373525e+00 2.160572e+01 8.294213e+00
    endloop
  endfacet
  facet normal -8.910062e-01 -4.539903e-01 -8.237320e-04
    outer loop
      vertex   -9.345929e+00 2.155500e+01 6.398216e+00
      vertex   -9.373525e+00 2.160572e+01 8.294213e+00
      vertex   -9.400577e+00 2.166225e+01 6.398216e+00
    endloop
  endfacet
  facet normal -9.120413e-01 -4.100976e-01 7.851598e-04
    outer loop
      vertex   -9.400577e+00 2.166225e+01 6.398216e+00
      vertex   -9.373525e+00 2.160572e+01 8.294213e+00
      vertex   -9.420079e+00 2.170923e+01 8.280171e+00
    endloop
  endfacet
  facet normal -9.335802e-01 -3.583679e-01 -7.292284e-04
    outer loop
      vertex   -9.400577e+00 2.166225e+01 6.398216e+00
      vertex   -9.420079e+00 2.170923e+01 8.280171e+00
      vertex   -9.443715e+00 2.177463e+01 6.398216e+00
    endloop
  endfacet
  facet normal -9.489224e-01 -3.155082e-01 9.529532e-04
    outer loop
      vertex   -9.443715e+00 2.177463e+01 6.398216e+00
      vertex   -9.420079e+00 2.170923e+01 8.280171e+00
      vertex   -9.455688e+00 2.181627e+01 8.263788e+00
    endloop
  endfacet
  facet normal 0.000000e+00 0.000000e+00 1.000000e+00
    outer loop
      vertex   -9.472497e+00 2.188000e+01 6.750000e+00
      vertex   -9.490074e+00 2.197923e+01 6.750000e+00
      vertex   -9.850000e+00 2.188000e+01 6.750000e+00
    endloop
  endfacet
  facet normal 0.000000e+00 0.000000e+00 1.000000e+00
    outer loop
      vertex   -9.850000e+00 2.188000e+01 6.750000e+00
      vertex   -9.490074e+00 2.197923e+01 6.750000e+00
      vertex   -9.498896e+00 2.207961e+01 6.750000e+00
    endloop
  endfacet
  facet normal 0.000000e+00 0.000000e+00 1.000000e+00
    outer loop
      vertex   -9.850000e+00 2.188000e+01 6.750000e+00
      vertex   -9.498896e+00 2.207961e+01 6.750000e+00
      vertex   -9.850000e+00 2.238000e+01 6.750000e+00
    endloop
  endfacet
  facet normal 0.000000e+00 0.000000e+00 1.000000e+00
    outer loop
      vertex   -9.850000e+00 2.238000e+01 6.750000e+00
      vertex   -9.498896e+00 2.207961e+01 6.750000e+00
      vertex   -9.498896e+00 2.218039e+01 6.750000e+00
    endloop
  endfacet
  facet normal 0.000000e+00 0.000000e+00 1.000000e+00
    outer loop
      vertex   -9.850000e+00 2.238000e+01 6.750000e+00
      vertex   -9.498896e+00 2.218039e+01 6.750000e+00
      vertex   -9.490074e+00 2.228077e+01 6.750000e+00
    endloop
  endfacet
  facet normal 0.000000e+00 -0.000000e+00 1.000000e+00
    outer loop
      vertex   -9.490074e+00 2.228077e+01 6.750000e+00
      vertex   -9.472497e+00 2.238000e+01 6.750000e+00
      vertex   -9.850000e+00 2.238000e+01 6.750000e+00
    endloop
  endfacet
  facet normal -0.000000e+00 0.000000e+00 1.000000e+00
    outer loop
      vertex   -7.227503e+00 2.238000e+01 6.750000e+00
      vertex   -7.209926e+00 2.228077e+01 6.750000e+00
      vertex   -6.850000e+00 2.238000e+01 6.750000e+00
    endloop
  endfacet
  facet normal 0.000000e+00 0.000000e+00 1.000000e+00
    outer loop
      vertex   -6.850000e+00 2.238000e+01 6.750000e+00
      vertex   -7.209926e+00 2.228077e+01 6.750000e+00
      vertex   -7.201104e+00 2.218039e+01 6.750000e+00
    endloop
  endfacet
  facet normal 0.000000e+00 0.000000e+00 1.000000e+00
    outer loop
      vertex   -6.850000e+00 2.238000e+01 6.750000e+00
      vertex   -7.201104e+00 2.218039e+01 6.750000e+00
      vertex   -7.201104e+00 2.207961e+01 6.750000e+00
    endloop
  endfacet
  facet normal 0.000000e+00 0.000000e+00 1.000000e+00
    outer loop
      vertex   -6.850000e+00 2.238000e+01 6.750000e+00
      vertex   -7.201104e+00 2.207961e+01 6.750000e+00
      vertex   -6.850000e+00 2.188000e+01 6.750000e+00
    endloop
  endfacet
  facet normal 0.000000e+00 0.000000e+00 1.000000e+00
    outer loop
      vertex   -6.850000e+00 2.188000e+01 6.750000e+00
      vertex   -7.201104e+00 2.207961e+01 6.750000e+00
      vertex   -7.209926e+00 2.197923e+01 6.750000e+00
    endloop
  endfacet
  facet normal 0.000000e+00 0.000000e+00 1.000000e+00
    outer loop
      vertex   -6.850000e+00 2.188000e+01 6.750000e+00
      vertex   -7.209926e+00 2.197923e+01 6.750000e+00
      vertex   -7.227503e+00 2.188000e+01 6.750000e+00
    endloop
  endfacet
  facet normal -0.000000e+00 -1.000000e+00 -0.000000e+00
    outer loop
      vertex   -9.472497e+00 2.188000e+01 6.750000e+00
      vertex   -9.850000e+00 2.188000e+01 6.750000e+00
      vertex   -9.472497e+00 2.188000e+01 4.450000e+00
    endloop
  endfacet
  facet normal 0.000000e+00 -1.000000e+00 0.000000e+00
    outer loop
      vertex   -9.472497e+00 2.188000e+01 4.450000e+00
      vertex   -9.850000e+00 2.188000e+01 6.750000e+00
      vertex   -9.850000e+00 2.188000e+01 4.450000e+00
    endloop
  endfacet
  facet normal -1.000000e+00 0.000000e+00 0.000000e+00
    outer loop
      vertex   -9.850000e+00 2.188000e+01 6.750000e+00
      vertex   -9.850000e+00 2.238000e+01 6.750000e+00
      vertex   -9.850000e+00 2.188000e+01 4.450000e+00
    endloop
  endfacet
  facet normal -1.000000e+00 0.000000e+00 0.000000e+00
    outer loop
      vertex   -9.850000e+00 2.188000e+01 4.450000e+00
      vertex   -9.850000e+00 2.238000e+01 6.750000e+00
      vertex   -9.850000e+00 2.238000e+01 4.450000e+00
    endloop
  endfacet
  facet normal -0.000000e+00 -1.000000e+00 -0.000000e+00
    outer loop
      vertex   -6.850000e+00 2.188000e+01 6.750000e+00
      vertex   -7.227503e+00 2.188000e+01 6.750000e+00
      vertex   -6.850000e+00 2.188000e+01 4.450000e+00
    endloop
  endfacet
  facet normal 0.000000e+00 -1.000000e+00 0.000000e+00
    outer loop
      vertex   -6.850000e+00 2.188000e+01 4.450000e+00
      vertex   -7.227503e+00 2.188000e+01 6.750000e+00
      vertex   -7.227503e+00 2.188000e+01 4.450000e+00
    endloop
  endfacet
  facet normal 1.000000e+00 0.000000e+00 0.000000e+00
    outer loop
      vertex   -6.850000e+00 2.238000e+01 6.750000e+00
      vertex   -6.850000e+00 2.188000e+01 6.750000e+00
      vertex   -6.850000e+00 2.238000e+01 4.450000e+00
    endloop
  endfacet
  facet normal 1.000000e+00 0.000000e+00 0.000000e+00
    outer loop
      vertex   -6.850000e+00 2.238000e+01 4.450000e+00
      vertex   -6.850000e+00 2.188000e+01 6.750000e+00
      vertex   -6.850000e+00 2.188000e+01 4.450000e+00
    endloop
  endfacet
  facet normal -0.000000e+00 1.000000e+00 0.000000e+00
    outer loop
      vertex   -7.227503e+00 2.238000e+01 6.750000e+00
      vertex   -6.850000e+00 2.238000e+01 6.750000e+00
      vertex   -7.227503e+00 2.238000e+01 4.450000e+00
    endloop
  endfacet
  facet normal 0.000000e+00 1.000000e+00 0.000000e+00
    outer loop
      vertex   -7.227503e+00 2.238000e+01 4.450000e+00
      vertex   -6.850000e+00 2.238000e+01 6.750000e+00
      vertex   -6.850000e+00 2.238000e+01 4.450000e+00
    endloop
  endfacet
  facet normal -0.000000e+00 1.000000e+00 0.000000e+00
    outer loop
      vertex   -9.850000e+00 2.238000e+01 6.750000e+00
      vertex   -9.472497e+00 2.238000e+01 6.750000e+00
      vertex   -9.850000e+00 2.238000e+01 4.450000e+00
    endloop
  endfacet
  facet normal 0.000000e+00 1.000000e+00 0.000000e+00
    outer loop
      vertex   -9.850000e+00 2.238000e+01 4.450000e+00
      vertex   -9.472497e+00 2.238000e+01 6.750000e+00
      vertex   -9.472497e+00 2.238000e+01 4.450000e+00
    endloop
  endfacet
  facet normal 0.000000e+00 0.000000e+00 -1.000000e+00
    outer loop
      vertex   -7.259511e+00 2.176485e+01 4.450000e+00
      vertex   -9.440489e+00 2.176485e+01 4.450000e+00
      vertex   -7.227503e+00 2.188000e+01 4.450000e+00
    endloop
  endfacet
  facet normal -0.000000e+00 0.000000e+00 -1.000000e+00
    outer loop
      vertex   -7.227503e+00 2.188000e+01 4.450000e+00
      vertex   -9.440489e+00 2.176485e+01 4.450000e+00
      vertex   -9.472497e+00 2.188000e+01 4.450000e+00
    endloop
  endfacet
  facet normal 0.000000e+00 0.000000e+00 -1.000000e+00
    outer loop
      vertex   -7.227503e+00 2.188000e+01 4.450000e+00
      vertex   -9.472497e+00 2.188000e+01 4.450000e+00
      vertex   -7.227503e+00 2.238000e+01 4.450000e+00
    endloop
  endfacet
  facet normal -0.000000e+00 0.000000e+00 -1.000000e+00
    outer loop
      vertex   -7.227503e+00 2.238000e+01 4.450000e+00
      vertex   -9.472497e+00 2.188000e+01 4.450000e+00
      vertex   -9.472497e+00 2.238000e+01 4.450000e+00
    endloop
  endfacet
  facet normal 0.000000e+00 0.000000e+00 -1.000000e+00
    outer loop
      vertex   -7.227503e+00 2.238000e+01 4.450000e+00
      vertex   -9.472497e+00 2.238000e+01 4.450000e+00
      vertex   -7.259511e+00 2.249515e+01 4.450000e+00
    endloop
  endfacet
  facet normal -0.000000e+00 0.000000e+00 -1.000000e+00
    outer loop
      vertex   -7.259511e+00 2.249515e+01 4.450000e+00
      vertex   -9.472497e+00 2.238000e+01 4.450000e+00
      vertex   -9.440489e+00 2.249515e+01 4.450000e+00
    endloop
  endfacet
  facet normal 0.000000e+00 0.000000e+00 -1.000000e+00
    outer loop
      vertex   -7.259511e+00 2.249515e+01 4.450000e+00
      vertex   -9.440489e+00 2.249515e+01 4.450000e+00
      vertex   -7.303298e+00 2.260636e+01 4.450000e+00
    endloop
  endfacet
  facet normal -0.000000e+00 0.000000e+00 -1.000000e+00
    outer loop
      vertex   -7.303298e+00 2.260636e+01 4.450000e+00
      vertex   -9.440489e+00 2.249515e+01 4.450000e+00
      vertex   -9.396702e+00 2.260636e+01 4.450000e+00
    endloop
  endfacet
  facet normal 0.000000e+00 0.000000e+00 -1.000000e+00
    outer loop
      vertex   -7.303298e+00 2.260636e+01 4.450000e+00
      vertex   -9.396702e+00 2.260636e+01 4.450000e+00
      vertex   -7.358390e+00 2.271242e+01 4.450000e+00
    endloop
  endfacet
  facet normal -0.000000e+00 0.000000e+00 -1.000000e+00
    outer loop
      vertex   -7.358390e+00 2.271242e+01 4.450000e+00
      vertex   -9.396702e+00 2.260636e+01 4.450000e+00
      vertex   -9.341610e+00 2.271242e+01 4.450000e+00
    endloop
  endfacet
  facet normal 0.000000e+00 0.000000e+00 -1.000000e+00
    outer loop
      vertex   -7.358390e+00 2.271242e+01 4.450000e+00
      vertex   -9.341610e+00 2.271242e+01 4.450000e+00
      vertex   -7.424191e+00 2.281219e+01 4.450000e+00
    endloop
  endfacet
  facet normal 0.000000e+00 0.000000e+00 -1.000000e+00
    outer loop
      vertex   -7.424191e+00 2.281219e+01 4.450000e+00
      vertex   -9.341610e+00 2.271242e+01 4.450000e+00
      vertex   -9.275809e+00 2.281219e+01 4.450000e+00
    endloop
  endfacet
  facet normal -0.000000e+00 0.000000e+00 -1.000000e+00
    outer loop
      vertex   -7.424191e+00 2.281219e+01 4.450000e+00
      vertex   -9.275809e+00 2.281219e+01 4.450000e+00
      vertex   -7.499993e+00 2.290459e+01 4.450000e+00
    endloop
  endfacet
  facet normal -0.000000e+00 0.000000e+00 -1.000000e+00
    outer loop
      vertex   -7.499993e+00 2.290459e+01 4.450000e+00
      vertex   -9.275809e+00 2.281219e+01 4.450000e+00
      vertex   -9.200007e+00 2.290459e+01 4.450000e+00
    endloop
  endfacet
  facet normal 0.000000e+00 0.000000e+00 -1.000000e+00
    outer loop
      vertex   -7.499993e+00 2.290459e+01 4.450000e+00
      vertex   -9.200007e+00 2.290459e+01 4.450000e+00
      vertex   -7.584975e+00 2.298862e+01 4.450000e+00
    endloop
  endfacet
  facet normal -0.000000e+00 0.000000e+00 -1.000000e+00
    outer loop
      vertex   -7.584975e+00 2.298862e+01 4.450000e+00
      vertex   -9.200007e+00 2.290459e+01 4.450000e+00
      vertex   -9.115025e+00 2.298862e+01 4.450000e+00
    endloop
  endfacet
  facet normal 0.000000e+00 0.000000e+00 -1.000000e+00
    outer loop
      vertex   -7.584975e+00 2.298862e+01 4.450000e+00
      vertex   -9.115025e+00 2.298862e+01 4.450000e+00
      vertex   -7.678220e+00 2.306339e+01 4.450000e+00
    endloop
  endfacet
  facet normal -0.000000e+00 0.000000e+00 -1.000000e+00
    outer loop
      vertex   -7.678220e+00 2.306339e+01 4.450000e+00
      vertex   -9.115025e+00 2.298862e+01 4.450000e+00
      vertex   -9.021780e+00 2.306339e+01 4.450000e+00
    endloop
  endfacet
  facet normal 0.000000e+00 0.000000e+00 -1.000000e+00
    outer loop
      vertex   -7.678220e+00 2.306339e+01 4.450000e+00
      vertex   -9.021780e+00 2.306339e+01 4.450000e+00
      vertex   -7.778720e+00 2.312807e+01 4.450000e+00
    endloop
  endfacet
  facet normal -0.000000e+00 0.000000e+00 -1.000000e+00
    outer loop
      vertex   -7.778720e+00 2.312807e+01 4.450000e+00
      vertex   -9.021780e+00 2.306339e+01 4.450000e+00
      vertex   -8.921280e+00 2.312807e+01 4.450000e+00
    endloop
  endfacet
  facet normal 0.000000e+00 0.000000e+00 -1.000000e+00
    outer loop
      vertex   -7.778720e+00 2.312807e+01 4.450000e+00
      vertex   -8.921280e+00 2.312807e+01 4.450000e+00
      vertex   -7.885391e+00 2.318197e+01 4.450000e+00
    endloop
  endfacet
  facet normal -0.000000e+00 0.000000e+00 -1.000000e+00
    outer loop
      vertex   -7.885391e+00 2.318197e+01 4.450000e+00
      vertex   -8.921280e+00 2.312807e+01 4.450000e+00
      vertex   -8.814609e+00 2.318197e+01 4.450000e+00
    endloop
  endfacet
  facet normal 0.000000e+00 0.000000e+00 -1.000000e+00
    outer loop
      vertex   -7.885391e+00 2.318197e+01 4.450000e+00
      vertex   -8.814609e+00 2.318197e+01 4.450000e+00
      vertex   -7.997080e+00 2.322451e+01 4.450000e+00
    endloop
  endfacet
  facet normal -0.000000e+00 0.000000e+00 -1.000000e+00
    outer loop
      vertex   -7.997080e+00 2.322451e+01 4.450000e+00
      vertex   -8.814609e+00 2.318197e+01 4.450000e+00
      vertex   -8.702920e+00 2.322451e+01 4.450000e+00
    endloop
  endfacet
  facet normal 0.000000e+00 0.000000e+00 -1.000000e+00
    outer loop
      vertex   -7.997080e+00 2.322451e+01 4.450000e+00
      vertex   -8.702920e+00 2.322451e+01 4.450000e+00
      vertex   -8.112581e+00 2.325523e+01 4.450000e+00
    endloop
  endfacet
  facet normal -0.000000e+00 0.000000e+00 -1.000000e+00
    outer loop
      vertex   -8.112581e+00 2.325523e+01 4.450000e+00
      vertex   -8.702920e+00 2.322451e+01 4.450000e+00
      vertex   -8.587419e+00 2.325523e+01 4.450000e+00
    endloop
  endfacet
  facet normal 0.000000e+00 0.000000e+00 -1.000000e+00
    outer loop
      vertex   -8.112581e+00 2.325523e+01 4.450000e+00
      vertex   -8.587419e+00 2.325523e+01 4.450000e+00
      vertex   -8.230646e+00 2.327379e+01 4.450000e+00
    endloop
  endfacet
  facet normal -0.000000e+00 0.000000e+00 -1.000000e+00
    outer loop
      vertex   -8.230646e+00 2.327379e+01 4.450000e+00
      vertex   -8.587419e+00 2.325523e+01 4.450000e+00
      vertex   -8.469354e+00 2.327379e+01 4.450000e+00
    endloop
  endfacet
  facet normal 0.000000e+00 0.000000e+00 -1.000000e+00
    outer loop
      vertex   -8.230646e+00 2.327379e+01 4.450000e+00
      vertex   -8.469354e+00 2.327379e+01 4.450000e+00
      vertex   -8.350000e+00 2.328000e+01 4.450000e+00
    endloop
  endfacet
  facet normal 0.000000e+00 0.000000e+00 -1.000000e+00
    outer loop
      vertex   -9.440489e+00 2.176485e+01 4.450000e+00
      vertex   -7.259511e+00 2.176485e+01 4.450000e+00
      vertex   -9.396702e+00 2.165364e+01 4.450000e+00
    endloop
  endfacet
  facet normal 0.000000e+00 0.000000e+00 -1.000000e+00
    outer loop
      vertex   -9.396702e+00 2.165364e+01 4.450000e+00
      vertex   -7.259511e+00 2.176485e+01 4.450000e+00
      vertex   -7.303298e+00 2.165364e+01 4.450000e+00
    endloop
  endfacet
  facet normal 0.000000e+00 0.000000e+00 -1.000000e+00
    outer loop
      vertex   -9.396702e+00 2.165364e+01 4.450000e+00
      vertex   -7.303298e+00 2.165364e+01 4.450000e+00
      vertex   -9.341610e+00 2.154758e+01 4.450000e+00
    endloop
  endfacet
  facet normal 0.000000e+00 0.000000e+00 -1.000000e+00
    outer loop
      vertex   -9.341610e+00 2.154758e+01 4.450000e+00
      vertex   -7.303298e+00 2.165364e+01 4.450000e+00
      vertex   -7.358390e+00 2.154758e+01 4.450000e+00
    endloop
  endfacet
  facet normal 0.000000e+00 0.000000e+00 -1.000000e+00
    outer loop
      vertex   -9.341610e+00 2.154758e+01 4.450000e+00
      vertex   -7.358390e+00 2.154758e+01 4.450000e+00
      vertex   -9.275809e+00 2.144781e+01 4.450000e+00
    endloop
  endfacet
  facet normal 0.000000e+00 0.000000e+00 -1.000000e+00
    outer loop
      vertex   -9.275809e+00 2.144781e+01 4.450000e+00
      vertex   -7.358390e+00 2.154758e+01 4.450000e+00
      vertex   -7.424191e+00 2.144781e+01 4.450000e+00
    endloop
  endfacet
  facet normal 0.000000e+00 0.000000e+00 -1.000000e+00
    outer loop
      vertex   -9.275809e+00 2.144781e+01 4.450000e+00
      vertex   -7.424191e+00 2.144781e+01 4.450000e+00
      vertex   -9.200007e+00 2.135541e+01 4.450000e+00
    endloop
  endfacet
  facet normal 0.000000e+00 0.000000e+00 -1.000000e+00
    outer loop
      vertex   -9.200007e+00 2.135541e+01 4.450000e+00
      vertex   -7.424191e+00 2.144781e+01 4.450000e+00
      vertex   -7.499993e+00 2.135541e+01 4.450000e+00
    endloop
  endfacet
  facet normal 0.000000e+00 0.000000e+00 -1.000000e+00
    outer loop
      vertex   -9.200007e+00 2.135541e+01 4.450000e+00
      vertex   -7.499993e+00 2.135541e+01 4.450000e+00
      vertex   -9.115025e+00 2.127138e+01 4.450000e+00
    endloop
  endfacet
  facet normal 0.000000e+00 0.000000e+00 -1.000000e+00
    outer loop
      vertex   -9.115025e+00 2.127138e+01 4.450000e+00
      vertex   -7.499993e+00 2.135541e+01 4.450000e+00
      vertex   -7.584975e+00 2.127138e+01 4.450000e+00
    endloop
  endfacet
  facet normal 0.000000e+00 0.000000e+00 -1.000000e+00
    outer loop
      vertex   -9.115025e+00 2.127138e+01 4.450000e+00
      vertex   -7.584975e+00 2.127138e+01 4.450000e+00
      vertex   -9.021780e+00 2.119661e+01 4.450000e+00
    endloop
  endfacet
  facet normal 0.000000e+00 0.000000e+00 -1.000000e+00
    outer loop
      vertex   -9.021780e+00 2.119661e+01 4.450000e+00
      vertex   -7.584975e+00 2.127138e+01 4.450000e+00
      vertex   -7.678220e+00 2.119661e+01 4.450000e+00
    endloop
  endfacet
  facet normal 0.000000e+00 0.000000e+00 -1.000000e+00
    outer loop
      vertex   -9.021780e+00 2.119661e+01 4.450000e+00
      vertex   -7.678220e+00 2.119661e+01 4.450000e+00
      vertex   -8.921280e+00 2.113193e+01 4.450000e+00
    endloop
  endfacet
  facet normal 0.000000e+00 0.000000e+00 -1.000000e+00
    outer loop
      vertex   -8.921280e+00 2.113193e+01 4.450000e+00
      vertex   -7.678220e+00 2.119661e+01 4.450000e+00
      vertex   -7.778720e+00 2.113193e+01 4.450000e+00
    endloop
  endfacet
  facet normal 0.000000e+00 0.000000e+00 -1.000000e+00
    outer loop
      vertex   -8.921280e+00 2.113193e+01 4.450000e+00
      vertex   -7.778720e+00 2.113193e+01 4.450000e+00
      vertex   -8.814609e+00 2.107803e+01 4.450000e+00
    endloop
  endfacet
  facet normal 0.000000e+00 0.000000e+00 -1.000000e+00
    outer loop
      vertex   -8.814609e+00 2.107803e+01 4.450000e+00
      vertex   -7.778720e+00 2.113193e+01 4.450000e+00
      vertex   -7.885391e+00 2.107803e+01 4.450000e+00
    endloop
  endfacet
  facet normal 0.000000e+00 0.000000e+00 -1.000000e+00
    outer loop
      vertex   -8.814609e+00 2.107803e+01 4.450000e+00
      vertex   -7.885391e+00 2.107803e+01 4.450000e+00
      vertex   -8.702920e+00 2.103549e+01 4.450000e+00
    endloop
  endfacet
  facet normal 0.000000e+00 0.000000e+00 -1.000000e+00
    outer loop
      vertex   -8.702920e+00 2.103549e+01 4.450000e+00
      vertex   -7.885391e+00 2.107803e+01 4.450000e+00
      vertex   -7.997080e+00 2.103549e+01 4.450000e+00
    endloop
  endfacet
  facet normal 0.000000e+00 0.000000e+00 -1.000000e+00
    outer loop
      vertex   -8.702920e+00 2.103549e+01 4.450000e+00
      vertex   -7.997080e+00 2.103549e+01 4.450000e+00
      vertex   -8.587419e+00 2.100477e+01 4.450000e+00
    endloop
  endfacet
  facet normal 0.000000e+00 0.000000e+00 -1.000000e+00
    outer loop
      vertex   -8.587419e+00 2.100477e+01 4.450000e+00
      vertex   -7.997080e+00 2.103549e+01 4.450000e+00
      vertex   -8.112581e+00 2.100477e+01 4.450000e+00
    endloop
  endfacet
  facet normal 0.000000e+00 0.000000e+00 -1.000000e+00
    outer loop
      vertex   -8.587419e+00 2.100477e+01 4.450000e+00
      vertex   -8.112581e+00 2.100477e+01 4.450000e+00
      vertex   -8.469354e+00 2.098621e+01 4.450000e+00
    endloop
  endfacet
  facet normal 0.000000e+00 0.000000e+00 -1.000000e+00
    outer loop
      vertex   -8.469354e+00 2.098621e+01 4.450000e+00
      vertex   -8.112581e+00 2.100477e+01 4.450000e+00
      vertex   -8.230646e+00 2.098621e+01 4.450000e+00
    endloop
  endfacet
  facet normal 0.000000e+00 0.000000e+00 -1.000000e+00
    outer loop
      vertex   -8.469354e+00 2.098621e+01 4.450000e+00
      vertex   -8.230646e+00 2.098621e+01 4.450000e+00
      vertex   -8.350000e+00 2.098000e+01 4.450000e+00
    endloop
  endfacet
  facet normal 0.000000e+00 0.000000e+00 -1.000000e+00
    outer loop
      vertex   -9.472497e+00 2.188000e+01 4.450000e+00
      vertex   -9.850000e+00 2.188000e+01 4.450000e+00
      vertex   -9.472497e+00 2.238000e+01 4.450000e+00
    endloop
  endfacet
  facet normal -0.000000e+00 0.000000e+00 -1.000000e+00
    outer loop
      vertex   -9.472497e+00 2.238000e+01 4.450000e+00
      vertex   -9.850000e+00 2.188000e+01 4.450000e+00
      vertex   -9.850000e+00 2.238000e+01 4.450000e+00
    endloop
  endfacet
  facet normal 0.000000e+00 0.000000e+00 -1.000000e+00
    outer loop
      vertex   -7.227503e+00 2.238000e+01 4.450000e+00
      vertex   -6.850000e+00 2.238000e+01 4.450000e+00
      vertex   -7.227503e+00 2.188000e+01 4.450000e+00
    endloop
  endfacet
  facet normal 0.000000e+00 0.000000e+00 -1.000000e+00
    outer loop
      vertex   -7.227503e+00 2.188000e+01 4.450000e+00
      vertex   -6.850000e+00 2.238000e+01 4.450000e+00
      vertex   -6.850000e+00 2.188000e+01 4.450000e+00
    endloop
  endfacet
endsolid
